saison;type;statut;date;domicile;exterieur;score_feuille;affluence;arbitre;competition;fiche_musee;ecarts;manques;fichier
1928-1929;amical;a_creer;1928-09-01;FC Sochaux;AS Valentigney B;3-0;;;Amical;;;;AM_192829.doc
1928-1929;officiel;a_creer;1928-09-09;FC Sochaux;PM Voujeaucourt;13-1;;;Promotion 2ème Série;;;;FM_192829.doc
1928-1929;officiel;a_creer;1928-09-16;ES Dasle;FC Sochaux;2-6;;;Promotion 2ème Série;;;;FM_192829.doc
1928-1929;amical;a_creer;1929-05-26;Dunlop Sports;FC Sochaux;2-3;;;Amical;;;;AM_192829.doc
1929-1930;amical;a_creer;1929-08-25;AS Montbéliard;FC Sochaux;0-6;1800;;Amical;;;;AM_192930.docx
1929-1930;amical;a_creer;1929-09-08;ES Dasle;FC Sochaux;2-8;;;08/09/1929 à Dasle;;;;AM_192930.docx
1929-1930;amical;a_creer;1929-09-08;Stade Français;FC Sochaux;3-6;;;Amical;;;;AM_192930.docx
1929-1930;amical;a_creer;1929-09-15;FC Sochaux;CA Pontarlier;0-4;;;Coupe de France;;;;AM_192930.docx
1929-1930;amical;a_creer;1929-09-29;Dusseldorf;FC Sochaux;4-1;15000;;Amical;;;;AM_192930.docx
1929-1930;amical;a_creer;1929-10-27;FC Sochaux;Sélection du Doubs-Jura;20-0;;;Amical;;;;AM_192930.docx
1929-1930;amical;a_creer;1929-11-10;FC Sochaux;Victoria Zirkov Prague;3-3;500;;Amical;;;;AM_192930.docx
1929-1930;amical;a_creer;1929-11-17;FC Sochaux;Ol. Lille;2-1;;;Amical;;;;AM_192930.docx
1929-1930;amical;a_creer;1929-11-24;FC Sochaux;AS Metz;6-2;;;Amical;;;;AM_192930.docx
1929-1930;amical;a_creer;1930-01-26;Ol. Marseille;FC Sochaux;1-3;;;Amical;;;;AM_192930.docx
1929-1930;amical;a_creer;1930-02-09;BELGIQUE;FC Sochaux;1-2;;;Amical;;;;AM_192930.docx
1929-1930;amical;a_creer;1930-02-23;FC Sochaux;Rapid de Prague(Tch.);4-4;5000;;Amical;;;;AM_192930.docx
1929-1930;amical;a_creer;1930-05-25;Ol. Marseille;FC Sochaux;4-2;6000;;Amical;;;;AM_192930.docx
1930-1931;amical;a_creer;1930-08-24;FC Sochaux;Excelsior Roubaix;6-0;;;Amical;;;;AM_193031.docx
1930-1931;amical;a_creer;1930-11-16;Stade Rennes UC;FC Sochaux;1-0;;M. Ridard;Amical;;;;AM_193031.docx
1930-1931;officiel;a_creer;1930-12-21;FC Sochaux;CA Sports Généraux;7-0;;;Coupe de France;;;;FM_193031.docx
1930-1931;amical;a_creer;1930-12-25;Entente FC Sochaux/FC Mulhouse;SK Rapid de Vienne;0-0;;;Amical;;;;AM_193031.docx
1930-1931;amical;a_creer;1930-12-28;Entente FC Sochaux/FC Mulhouse;SK Rapid de Vienne;1-3;;;Amical;;;;AM_193031.docx
1930-1931;amical;a_creer;1931-01-04;Entente FC Sochaux/AS Valentigney;Wacker Vienne;0-2;;;Amical;;;;AM_193031.docx
1930-1931;officiel;a_creer;1931-01-11;FC Sochaux;Red Star Olympique;3-1;;M. Leclerc;Coupe de France;;;;FM_193031.docx
1930-1931;officiel;a_creer;1931-02-08;CA Paris;FC Sochaux;5-3;;;Coupe de France;;;;FM_193031.docx
1930-1931;amical;a_creer;1931-04-25;HOLLANDE;FC Sochaux;0-2;;;Amical;;;;AM_193031.docx
1931-1932;amical;a_creer;1931-11-02;Ol. Marseille;FC Sochaux;3-3;;;Amical;;;;AM_193132.docx
1931-1932;amical;a_creer;1931-11-11;FC Sochaux;CA Paris;2-0;;M. Raguin;Coupe Sochaux;;;;AM_193132.docx
1931-1932;amical;a_creer;1931-12-27;CA Paris;FC Sochaux;2-9;;;Coupe Sochaux;;;;AM_193132.docx
1931-1932;amical;a_creer;1932-01-10;Ol. Alès;FC Sochaux;2-3;;M. Féron;Coupe de France;;;;AM_193132.docx
1931-1932;amical;a_creer;1932-02-07;Racing Club de France;FC Sochaux;2-1;;;Coupe de France;;;;AM_193132.docx
1931-1932;amical;a_creer;1932-04-17;FC Sochaux;Corinthian FC(Ang.);4-0;;M. Deutsch;Amical;;;;AM_193132.docx
1932-1933;amical;a_creer;1932-09-03;Racing Club de France;FC Sochaux;4-1;;;Amical;;;;AM_193233.docx
1932-1933;officiel;a_creer;1932-09-11;FC Sochaux;CA Paris;1-3;3000;M. Deutsch;Championnat de France;;;;FM_193233.docx
1932-1933;officiel;a_creer;1932-09-18;FC Sochaux;FC Metz;5-0;2000;;Championnat de France;;;;FM_193233.docx
1932-1933;officiel;a_creer;1932-09-25;Antibes Ol.;FC Sochaux;4-1;5000;M. Raguin Louis;Championnat de France;;;;FM_193233.docx
1932-1933;officiel;a_creer;1932-10-02;FC Sochaux;Red Star Olympique;1-1;4000;M. Baert Jules;Championnat de France;;;;FM_193233.docx
1932-1933;amical;a_creer;1932-10-09;Ol. Marseille;FC Sochaux;3-2;;M. Nobile;Amical;;;;AM_193233.docx
1932-1933;officiel;a_creer;1932-10-16;AS Cannes;FC Sochaux;1-1;5000;M. Raguin Louis;Championnat de France;;;;FM_193233.docx
1932-1933;officiel;a_creer;1932-10-23;SO Montpellier;FC Sochaux;2-0;5000;M. Conrié Roger;Championnat de France;;;;FM_193233.docx
1932-1933;officiel;a_creer;1932-11-06;Ol. Alès;FC Sochaux;0-1;4500;M. Blanc;Championnat de France;;;;FM_193233.docx
1932-1933;officiel;a_creer;1932-11-11;FC Sochaux;Stade Rennes UC;2-1;5000;M. Valprède Ferdinand;Championnat de France;;;;FM_193233.docx
1932-1933;officiel;a_creer;1932-11-20;SC Fives;FC Sochaux;2-2;5000;;Championnat de France;;;;FM_193233.docx
1932-1933;officiel;a_creer;1932-12-11;CA Paris;FC Sochaux;3-5;5000;;Championnat de France;;;;FM_193233.docx
1932-1933;officiel;a_creer;1933-01-15;FC Sochaux;Antibes Ol.;1-3;4000;M. Balway;Championnat de France;;;;FM_193233.docx
1932-1933;officiel;a_creer;1933-01-22;FC Metz;FC Sochaux;0-3;5000;M. Leiler;Championnat de France;;;;FM_193233.docx
1932-1933;officiel;a_creer;1933-01-29;Red Star Olympique;FC Sochaux;0-1;8000;;Championnat de France;;;;FM_193233.docx
1932-1933;officiel;a_creer;1933-02-26;FC Sète(D1);FC Sochaux;3-2;20000;M. Quittemel Paul;Coupe de France;;;;FM_193233.docx
1932-1933;officiel;a_creer;1933-03-05;FC Sochaux;Ol. Alès;5-2;1500;;Championnat de France;;;;FM_193233.docx
1932-1933;officiel;a_creer;1933-03-12;FC Sochaux;SO Montpellier;2-3;5000;;Championnat de France;;;;FM_193233.docx
1932-1933;officiel;a_creer;1933-04-02;Stade Rennes UC;FC Sochaux;1-1;5000;M. Bowley Alfred;Championnat de France;;;;FM_193233.docx
1932-1933;officiel;a_creer;1933-04-27;FC Sochaux;AS Cannes;2-1;5000;M. Leclercq Lucien;Championnat de France;;;;FM_193233.docx
1932-1933;officiel;a_creer;1933-04-30;FC Sochaux;SC Fives;6-4;3000;;Championnat de France;;;;FM_193233.docx
1933-1934;officiel;a_creer;1933-09-03;Excelsior Roubaix CA;FC Sochaux;2-1;5000;M. Raguin Louis;Championnat de France;;;;FM_193334.docx
1933-1934;officiel;a_creer;1933-09-10;FC Sochaux;Antibes Ol.;6-4;4000;M. Courbot Georges;Championnat de France;;;;FM_193334.docx
1933-1934;officiel;a_creer;1933-09-17;SO Montpellier;FC Sochaux;3-2;;M. Conrié Roger;Championnat de France;;;;FM_193334.docx
1933-1934;officiel;a_creer;1933-09-24;FC Sochaux;Ol. Lille;3-5;5000;M. Deutsch Xavier;Championnat de France;;;;FM_193334.docx
1933-1934;officiel;a_creer;1933-10-01;FC Sochaux;Ol. Marseille;4-1;4000;M. Olive Eugène;Championnat de France;;;;FM_193334.docx
1933-1934;officiel;a_creer;1933-10-08;CA Paris;FC Sochaux;4-6;;M. Couzin René;Championnat de France;;;;FM_193334.docx
1933-1934;officiel;a_creer;1933-10-15;FC Sochaux;SC Fives;1-3;;M. Marenco;Championnat de France;;;;FM_193334.docx
1933-1934;officiel;a_creer;1933-10-22;FC Sète;FC Sochaux;3-1;;;Championnat de France;;;;FM_193334.docx
1933-1934;officiel;a_creer;1933-10-29;FC Sochaux;AS Cannes;3-3;;M. Marenco;Championnat de France;;;;FM_193334.docx
1933-1934;officiel;a_creer;1933-11-11;FC Sochaux;SC Nîmes;6-3;;M. Bouture Georges;Championnat de France;;;;FM_193334.docx
1933-1934;officiel;a_creer;1933-11-26;FC Sochaux;Stade de Rennes UC;6-2;;M. Broghammer Emmanuel;Championnat de France;;;;FM_193334.docx
1933-1934;officiel;a_creer;1933-12-03;Racing Paris;FC Sochaux;0-2;;;Championnat de France;;;;FM_193334.docx
1933-1934;officiel;a_creer;1933-12-10;FC Sochaux;CA Mulhouse(DH);5-1;;;Coupe de France;;;;FM_193334.docx
1933-1934;officiel;a_creer;1934-01-01;FC Sochaux;SO Montpellier;0-0;;M. Quittemel Paul;Championnat de France;;;;FM_193334.docx
1933-1934;officiel;a_creer;1934-01-07;SO Montpellier(D1);FC Sochaux;1-0;6000;M. Crimon Marcel;Coupe de France;;;;FM_193334.docx
1933-1934;officiel;a_creer;1934-01-16;FC Sochaux;Excelsior Roubaix AC;1-2;1500;M. Kissenberger Ernest;Championnat de France;;;;FM_193334.docx
1933-1934;officiel;a_creer;1934-01-30;Antibes Ol.;FC Sochaux –;3-1;;M. Perier;Championnat de France;;;;FM_193334.docx
1933-1934;officiel;a_creer;1934-02-13;Ol. Lille;FC Sochaux;2-2;6000;;Championnat de France;;;;FM_193334.docx
1933-1934;officiel;a_creer;1934-02-27;Ol. Marseille;FC Sochaux;4-0;11800;M. Conrie Roger;Championnat de France;;;;FM_193334.docx
1933-1934;officiel;a_creer;1934-03-06;FC Sochaux;CA Paris;2-3;;;Championnat de France;;;;FM_193334.docx
1933-1934;officiel;a_creer;1934-03-13;SC Fives;FC Sochaux;3-0;;M. Gaborit André;Championnat de France;;;;FM_193334.docx
1933-1934;officiel;a_creer;1934-03-18;FC Sochaux;FC Sète;3-2;5000;M. Brunner;Championnat de France;;;;FM_193334.docx
1933-1934;officiel;a_creer;1934-04-03;AS Cannes;FC Sochaux;4-0;;;Championnat de France;;;;FM_193334.docx
1933-1934;officiel;a_creer;1934-04-08;FC Sochaux;OGC Nice;3-1;5000;;Championnat de France;;;;FM_193334.docx
1933-1934;officiel;a_creer;1934-04-24;Stade de Rennes UC;FC Sochaux;2-2;;M. Leclercq Lucien;Championnat de France;;;;FM_193334.docx
1933-1934;officiel;a_creer;1934-05-01;FC Sochaux;Racing Paris;3-2;;M. Olive Eugène;Championnat de France;;;;FM_193334.docx
1933-1934;officiel;a_creer;1934-05-13;SC Nîmes;FC Sochaux;7-1;;;Championnat de France;;;;FM_193334.docx
1934-1935;officiel;a_creer;1934-08-26;FC Sochaux;Excelsior Roubaix;0-2;;M. Munsch Charles;Championnat de France,D1;;;;FM_193435.docx
1934-1935;officiel;a_creer;1934-09-02;FC Sochaux;Stade Rennes UC;2-1;;M. Deutsch Xavier;Championnat de France,D1;;;;FM_193435.docx
1934-1935;officiel;a_creer;1934-09-09;AS Cannes;FC Sochaux;0-2;;M. Conrié Roger;Championnat de France,D1;;;;FM_193435.docx
1934-1935;officiel;a_creer;1934-09-16;FC Sète;FC Sochaux;1-1;;;Championnat de France,D1;;;;FM_193435.docx
1934-1935;officiel;a_creer;1934-09-23;FC Sochaux;SC Fives;2-1;;;Championnat de France,D1;;;;FM_193435.docx
1934-1935;officiel;a_creer;1934-09-30;FC Sochaux;SC Nîmes;1-0;;;Championnat de France,D1;;;;FM_193435.docx
1934-1935;officiel;a_creer;1934-10-07;FC Sochaux;Red Star Ol.;4-3;;;Championnat de France,D1;;;;FM_193435.docx
1934-1935;officiel;a_creer;1934-10-14;SO Montpellier;FC Sochaux;0-4;;M. Perrier;Championnat de France,D1;;;;FM_193435.docx
1934-1935;officiel;a_creer;1934-10-21;FC Sochaux;Racing Paris;3-1;;M. Leclercq Lucien;Championnat de France,D1;;;;FM_193435.docx
1934-1935;officiel;a_creer;1934-10-28;FC Sochaux;RC Strasbourg;2-3;12000;Gérardin Edmond;Championnat de France,D1;;;;FM_193435.docx
1934-1935;officiel;a_creer;1934-11-04;Ol. Alès;FC Sochaux;0-5;;M. Brunner;Championnat de France,D1;;;;FM_193435.docx
1934-1935;officiel;a_creer;1934-11-05;OGC Nice;FC Sochaux;2-1;4000;M. Périer;Championnat de France;;;;FM_193334.docx
1934-1935;officiel;a_creer;1934-11-11;FC Sochaux;FC Mulhouse;8-0;;M. Baert Lucien;Championnat de France,D1;;;;FM_193435.docx
1934-1935;officiel;a_creer;1934-11-18;FC Sochaux;SC Saint-Etienne(DH);8-0;;;Coupe de France;;;;FM_193435.docx
1934-1935;officiel;a_creer;1934-11-25;FC Antibes;FC Sochaux;1-1;;;Championnat de France,D1;;;;FM_193435.docx
1934-1935;officiel;a_creer;1934-12-02;FC Sochaux;OL. Lille;5-2;;M. Deutsch Xavier;Championnat de France,D1;;;;FM_193435.docx
1934-1935;officiel;a_creer;1934-12-09;FC Sochaux;AS Troyes-Savigny(DH);5-2;;;Coupe de France;;;;FM_193435.docx
1934-1935;officiel;a_creer;1934-12-23;Excelsior Roubaix;FC Sochaux;0-1;;M. Raguin;Championnat de France,D1;;;;FM_193435.docx
1934-1935;officiel;a_creer;1934-12-25;Stade Rennes UC;FC Sochaux;3-3;;Conrié Roger;Championnat de France,D1;;;;FM_193435.docx
1934-1935;officiel;a_creer;1934-12-30;FC Sochaux;AS Cannes;4-2;;M. Kissenberger;Championnat de France,D1;;;;FM_193435.docx
1934-1935;officiel;a_creer;1935-01-01;FC Sochaux;FC Sète;0-0;4200;M. Féron;Championnat de France,D1;;;;FM_193435.docx
1934-1935;officiel;a_creer;1935-01-06;US Tourcoing(D2);FC Sochaux;0-2;8000;M. Brunner;Coupe de France;;;;FM_193435.docx
1934-1935;officiel;a_creer;1935-01-13;SC Fives;FC Sochaux;0-3;;M. Bowley Alfred;Championnat de France,D1;;;;FM_193435.docx
1934-1935;officiel;a_creer;1935-01-20;Ol. Marseille;FC Sochaux;1-3;;M. Raguin Louis;Championnat de France,D1;;;;FM_193435.docx
1934-1935;officiel;a_creer;1935-01-27;SC Nîmes;FC Sochaux;0-2;;;Championnat de France,D1;;;;FM_193435.docx
1934-1935;officiel;a_creer;1935-02-03;Racing Paris;FC Sochaux;2-7;35000;Broghammer Emmanuel;Coupe de France;;;;FM_193435.docx
1934-1935;officiel;a_creer;1935-02-10;Red Star Ol.;FC Sochaux;2-7;;M. Valprede Ferdinand;Championnat de France,D1;;;;FM_193435.docx
1934-1935;officiel;a_creer;1935-02-24;FC Sochaux;SO Montpellier;9-0;;Bouture Georges;Championnat de France,D1;;;;FM_193435.docx
1934-1935;officiel;a_creer;1935-03-03;Ol. Marseille;FC Sochaux;3-0;;Leclercq Lucien;Coupe de France;;;;FM_193435.docx
1934-1935;officiel;a_creer;1935-03-10;Racing Paris;FC Sochaux;1-2;;Merckx Jean;Championnat de France,D1;;;;FM_193435.docx
1934-1935;amical;a_creer;1935-03-17;FC Sochaux;UFL Manheim;4-4;;;Amical;;;;AM_193435.docx
1934-1935;officiel;a_creer;1935-03-24;RC Strasbourg;FC Sochaux;0-1;25112;Conrié Roger;Championnat de France,D1;;;;FM_193435.docx
1934-1935;amical;a_creer;1935-03-28;FC Sochaux;First Vienna;1-1;;;Amical;;;;AM_193435.docx
1934-1935;amical;a_creer;1935-03-31;Le Havre AC;FC Sochaux;2-1;;;Amical;;;;AM_193435.docx
1934-1935;officiel;a_creer;1935-04-07;FC Sochaux;Ol. Alès;6-2;;Crimon Marcel;Championnat de France,D1;;;;FM_193435.docx
1934-1935;officiel;a_creer;1935-04-21;FC Mulhouse;FC Sochaux;1-5;;M. Brunner;Championnat de France,D1;;;;FM_193435.docx
1934-1935;officiel;a_creer;1935-04-28;FC Sochaux;FC Antibes;3-7;5000;Quittemel Paul;Championnat de France,D1;;;;FM_193435.docx
1934-1935;officiel;a_creer;1935-05-05;Ol. Lille;FC Sochaux;2-1;;M. Vandeputte;Championnat de France,D1;;;;FM_193435.docx
1934-1935;officiel;a_creer;1935-05-12;FC Sochaux;Ol. Marseille;4-0;12500;M. Vandeputte;Championnat de France,D1;;;;FM_193435.docx
1934-1935;amical;a_creer;1935-05-26;AS Saint-Etienne;FC Sochaux;3-3;;;Amical;;;;AM_193435.docx
1934-1935;amical;a_creer;1935-06-02;Stade de Reims;FC Sochaux;1-6;;;Amical;;;;AM_193435.docx
1934-1935;amical;a_creer;1935-06-08;Daring Club Bruxelles(Bel.);FC Sochaux;1-2;;;Tournoi de l’exposition universelle;;;;AM_193435.docx
1934-1935;amical;a_creer;1935-06-09;Lierse SK(Bel.);FC Sochaux;0-8;;;Tournoi de l’exposition universelle;;;;AM_193435.docx
1934-1935;amical;a_creer;1935-06-10;Ajax Amsterdam(PB);FC Sochaux;2-1;;;Tournoi de l’exposition universelle;;;;AM_193435.docx
1935-1936;amical;a_creer;1935-08-15;FC Sochaux;FC Mulhouse;2-2;;;15/08/1935 à Pontarlier;;;;AM_193536.docx
1935-1936;amical;a_creer;1935-08-17;Pont de Roide;FC Sochaux Réserve;2-7;;;17/08/1935;;;;AM_193536.docx
1935-1936;amical;a_creer;1935-08-18;FC Sochaux;Lausanne Sports;1-2;;;18/08/1935 à Pontarlier;;;;AM_193536.docx
1935-1936;amical;a_creer;1935-08-24;SC Colmar;FC Sochaux Réserve;0-5;;;24/08/1935;;;;AM_193536.docx
1935-1936;officiel;a_creer;1935-08-25;FC Sochaux;US Valenciennes;12-1;;;Championnat de France,D1;;;;FM_193536.docx
1935-1936;officiel;a_creer;1935-09-01;CS Metz;FC Sochaux;3-2;15000;M. Vandeputte;Championnat de France,D1;;;;FM_193536.docx
1935-1936;officiel;a_creer;1935-09-08;FC Sochaux;Ol. Lille;1-1;;;Championnat de France,D1;;;;FM_193536.docx
1935-1936;officiel;a_creer;1935-09-15;FC Antibes;FC Sochaux;1-3;;M. Raguin Louis;Championnat de France,D1;;;;FM_193536.docx
1935-1936;officiel;a_creer;1935-09-22;FC Sochaux;Ol. Alès;7-0;;;Championnat de France,D1;;;;FM_193536.docx
1935-1936;officiel;a_creer;1935-09-29;Stade Rennes UC;FC Sochaux;1-1;9000;M. Vauzelles;Championnat de France,D1;;;;FM_193536.docx
1935-1936;officiel;a_creer;1935-10-06;FC Sochaux;Red Star Ol.;0-1;;M. Valprède Ferdinand;Championnat de France,D1;;;;FM_193536.docx
1935-1936;officiel;a_creer;1935-10-20;FC Sochaux;Ol. Marseille;4-0;8000;M. Leclercq Lucien;Championnat de France,D1;;;;FM_193536.docx
1935-1936;amical;a_creer;1935-10-26;"<w:tab w:val=""left"" w:pos=""916""/><w:tab w:val=""left"" w:pos=""1832""/><w:tab w:val=""left"" w:pos=""2748""/><w:tab w:val=""left"" w:pos=""3664""/><w:tab w:val=""left"" w:pos=""4580""/><w:tab w:val=""left"" w:pos=""5496""/><w:tab w:val=""left"" w:pos=""6412""/><w:tab w:val=""left"" w:pos=""7328""/><w:tab w:val=""left"" w:pos=""8244""/><w:tab w:val=""left"" w:pos=""9160""/><w:tab w:val=""left"" w:pos=""10076""/><w:tab w:val=""left"" w:pos=""10992""/><w:tab w:val=""left"" w:pos=""11908""/><w:tab w:val=""left"" w:pos=""12824""/><w:tab w:val=""left"" w:pos=""13740""/><w:tab w:val=""left"" w:pos=""14656""/></w:tabs><w:jc w:val=""center""/><w:rPr><w:b/><w:color w:val=""0070C0""/></w:rPr></w:pPr><w:r w:rsidRPr=""00F15647""><w:rPr><w:b/><w:color w:val=""0070C0""/></w:rPr><w:t>CA Paris";FC Sochaux;0-4;;;Tournoi du CA Paris;;;;AM_193536.docx
1935-1936;amical;a_creer;1935-10-27;"<w:tab w:val=""left"" w:pos=""916""/><w:tab w:val=""left"" w:pos=""1832""/><w:tab w:val=""left"" w:pos=""2748""/><w:tab w:val=""left"" w:pos=""3664""/><w:tab w:val=""left"" w:pos=""4580""/><w:tab w:val=""left"" w:pos=""5496""/><w:tab w:val=""left"" w:pos=""6412""/><w:tab w:val=""left"" w:pos=""7328""/><w:tab w:val=""left"" w:pos=""8244""/><w:tab w:val=""left"" w:pos=""9160""/><w:tab w:val=""left"" w:pos=""10076""/><w:tab w:val=""left"" w:pos=""10992""/><w:tab w:val=""left"" w:pos=""11908""/><w:tab w:val=""left"" w:pos=""12824""/><w:tab w:val=""left"" w:pos=""13740""/><w:tab w:val=""left"" w:pos=""14656""/></w:tabs><w:jc w:val=""center""/><w:rPr><w:b/><w:color w:val=""0070C0""/></w:rPr></w:pPr><w:r w:rsidRPr=""00E228FB""><w:rPr><w:b/><w:color w:val=""0070C0""/></w:rPr><w:t>RC Paris";FC Sochaux;1-1;;;Tournoi du CA Paris;;;;AM_193536.docx
1935-1936;officiel;a_creer;1935-11-03;FC Mulhouse;FC Sochaux;3-6;;M. Baert Jules;Championnat de France,D1;;;;FM_193536.docx
1935-1936;officiel;a_creer;1935-11-17;FC Sochaux;SC Fives;0-0;6000;M. Munsch Charles;Championnat de France,D1;;;;FM_193536.docx
1935-1936;officiel;a_creer;1935-11-24;AS Cannes;FC Sochaux;1-0;;M. Courbot Georges;Championnat de France,D1;;;;FM_193536.docx
1935-1936;amical;a_creer;1935-11-30;JO Creusot;FC Sochaux;0-8;;;Amical le 30/11/1935;;;;AM_193536.docx
1935-1936;officiel;a_creer;1935-12-15;FC Nancy(D2);FC Sochaux;0-4;;;Coupe de France;;;;FM_193536.docx
1935-1936;officiel;a_creer;1935-12-22;FC Sochaux;RC Strasbourg;1-1;6000;M. Broghammer;Championnat de France,D1;;;;FM_193536.docx
1935-1936;officiel;a_creer;1935-12-25;RC Paris;FC Sochaux;1-1;30000;M. Conrié Roger;Championnat de France,D1;;;;FM_193536.docx
1935-1936;amical;a_creer;1935-12-28;"<w:tab w:val=""left"" w:pos=""916""/><w:tab w:val=""left"" w:pos=""1832""/><w:tab w:val=""left"" w:pos=""2748""/><w:tab w:val=""left"" w:pos=""3664""/><w:tab w:val=""left"" w:pos=""4580""/><w:tab w:val=""left"" w:pos=""5496""/><w:tab w:val=""left"" w:pos=""6412""/><w:tab w:val=""left"" w:pos=""7328""/><w:tab w:val=""left"" w:pos=""8244""/><w:tab w:val=""left"" w:pos=""9160""/><w:tab w:val=""left"" w:pos=""10076""/><w:tab w:val=""left"" w:pos=""10992""/><w:tab w:val=""left"" w:pos=""11908""/><w:tab w:val=""left"" w:pos=""12824""/><w:tab w:val=""left"" w:pos=""13740""/><w:tab w:val=""left"" w:pos=""14656""/></w:tabs><w:jc w:val=""center""/><w:rPr><w:b/><w:color w:val=""0070C0""/></w:rPr></w:pPr><w:r w:rsidRPr=""00346022""><w:rPr><w:b/><w:color w:val=""0070C0""/></w:rPr><w:t xml:space=""preserve"">CA Paris/FC Sochaux";Ferencvaros TC Budapest;3-3;;;Tournoi de Fin d’année;;;;AM_193536.docx
1935-1936;officiel;a_creer;1935-12-29;FC Sochaux;FC Sète;2-2;;M. Hohl Léon;Championnat de France,D1;;;;FM_193536.docx
1935-1936;amical;a_creer;1935-12-29;"<w:tab w:val=""left"" w:pos=""916""/><w:tab w:val=""left"" w:pos=""1832""/><w:tab w:val=""left"" w:pos=""2748""/><w:tab w:val=""left"" w:pos=""3664""/><w:tab w:val=""left"" w:pos=""4580""/><w:tab w:val=""left"" w:pos=""5496""/><w:tab w:val=""left"" w:pos=""6412""/><w:tab w:val=""left"" w:pos=""7328""/><w:tab w:val=""left"" w:pos=""8244""/><w:tab w:val=""left"" w:pos=""9160""/><w:tab w:val=""left"" w:pos=""10076""/><w:tab w:val=""left"" w:pos=""10992""/><w:tab w:val=""left"" w:pos=""11908""/><w:tab w:val=""left"" w:pos=""12824""/><w:tab w:val=""left"" w:pos=""13740""/><w:tab w:val=""left"" w:pos=""14656""/></w:tabs><w:jc w:val=""center""/><w:rPr><w:b/><w:color w:val=""0070C0""/></w:rPr></w:pPr><w:r w:rsidRPr=""00346022""><w:rPr><w:b/><w:color w:val=""0070C0""/></w:rPr><w:t xml:space=""preserve"">CA Paris/FC Sochaux";RC Paris;4-2;;;Tournoi de Fin d’année;;;;AM_193536.docx
1935-1936;officiel;a_creer;1936-01-05;CO Billancourt(DH);FC Sochaux;0-9;;;Coupe de France;;;;FM_193536.docx
1935-1936;officiel;a_creer;1936-01-19;US Valenciennes-Anzin;FC Sochaux;0-5;;M. Vandeputte;Championnat de France,D1;;;;FM_193536.docx
1935-1936;officiel;a_creer;1936-01-26;FC Sochaux;CS Metz;6-0;7000;M. Marenco Paul;Championnat de France,D1;;;;FM_193536.docx
1935-1936;officiel;a_creer;1936-02-02;FC Sochaux;US Valenciennes-Anzin(D1);2-2;12000;M. Valprède Ferdinand;Coupe de France;;;;FM_193536.docx
1935-1936;amical;a_creer;1936-02-09;"<w:tab w:val=""left"" w:pos=""916""/><w:tab w:val=""left"" w:pos=""1832""/><w:tab w:val=""left"" w:pos=""2748""/><w:tab w:val=""left"" w:pos=""3664""/><w:tab w:val=""left"" w:pos=""4580""/><w:tab w:val=""left"" w:pos=""5496""/><w:tab w:val=""left"" w:pos=""6412""/><w:tab w:val=""left"" w:pos=""7328""/><w:tab w:val=""left"" w:pos=""8244""/><w:tab w:val=""left"" w:pos=""9160""/><w:tab w:val=""left"" w:pos=""10076""/><w:tab w:val=""left"" w:pos=""10992""/><w:tab w:val=""left"" w:pos=""11908""/><w:tab w:val=""left"" w:pos=""12824""/><w:tab w:val=""left"" w:pos=""13740""/><w:tab w:val=""left"" w:pos=""14656""/></w:tabs><w:jc w:val=""center""/><w:rPr><w:b/><w:color w:val=""0070C0""/></w:rPr></w:pPr><w:r w:rsidRPr=""00F15647""><w:rPr><w:b/><w:color w:val=""0070C0""/></w:rPr><w:t>FC Sochaux";Beogradsky SK(You.);1-4;;;Amical;;;;AM_193536.docx
1935-1936;officiel;a_creer;1936-02-16;Ol. Lille;FC Sochaux;2-3;18000;M. Hohl Léon;Championnat de France,D1;;;;FM_193536.docx
1935-1936;officiel;a_creer;1936-02-20;FC Sochaux;US Valenciennes-Anzin(D1);6-2;12000;M. Valprède Ferdinand;Coupe de France;;;;FM_193536.docx
1935-1936;officiel;a_creer;1936-02-23;FC Sochaux;Antibes FC;5-1;5000;M. Baert;Championnat de France,D1;;;;FM_193536.docx
1935-1936;officiel;a_creer;1936-03-01;FC Sochaux;SC Fives;0-0;;M. Raguin Louis;Coupe de France;;;;FM_193536.docx
1935-1936;officiel;a_creer;1936-03-15;Ol. Alès;FC Sochaux;0-0;7000;M. Brunner;Championnat de France,D1;;;;FM_193536.docx
1935-1936;officiel;a_creer;1936-03-22;FC Sochaux;Stade Rennes UC;2-0;5000;M. Broghammer;Championnat de France,D1;;;;FM_193536.docx
1935-1936;officiel;a_creer;1936-03-28;FC Sochaux;SC Fives;2-2;;;Coupe de France;;;;FM_193536.docx
1935-1936;officiel;a_creer;1936-03-29;Red Star Ol.;FC Sochaux;2-2;;;Championnat de France,D1;;;;FM_193536.docx
1935-1936;officiel;a_creer;1936-04-01;FC Sochaux;SC Fives;1-0;;M. Raguin Louis;Coupe de France;;;;FM_193536.docx
1935-1936;officiel;a_creer;1936-04-04;RC Paris;FC Sochaux;3-0;25000;M. Brunner;Coupe de France;;;;FM_193536.docx
1935-1936;officiel;a_creer;1936-04-12;Ol. Marseille;FC Sochaux;4-1;12000;M. Vandeputte;Championnat de France,D1;;;;FM_193536.docx
1935-1936;officiel;a_creer;1936-04-19;FC Mulhouse;FC Sochaux;1-0;;M. Virolle;Championnat de France,D1;;;;FM_193536.docx
1935-1936;officiel;a_creer;1936-04-26;SC Fives;FC Sochaux;2-1;;M. Kissenberger Ernest;Championnat de France,D1;;;;FM_193536.docx
1935-1936;officiel;a_creer;1936-05-03;FC Sochaux;AS Cannes;1-1;15000;M. Grimout;Championnat de France,D1;;;;FM_193536.docx
1935-1936;officiel;a_creer;1936-05-10;FC Sète;FC Sochaux;1-4;;M. Capdeville Georges;Championnat de France,D1;;;;FM_193536.docx
1935-1936;officiel;a_creer;1936-05-17;RC Strasbourg;FC Sochaux;2-1;7000;M. Vandeputte;Championnat de France,D1;;;;FM_193536.docx
1935-1936;officiel;a_creer;1936-05-21;FC Sochaux;Excelsior AC Roubaix;6-2;2000;M. Boes Léon;Championnat de France,D1;;;;FM_193536.docx
1935-1936;officiel;a_creer;1936-05-24;FC Sochaux;RC Paris;2-2;10000;M. Olive Eugène;Championnat de France,D1;;;;FM_193536.docx
1935-1936;amical;a_creer;1936-06-01;Honfleur;FC Sochaux;0-5;;;Amical;;;;AM_193536.docx
1935-1936;amical;a_creer;1936-06-06;RC Arras;FC Sochaux;3-5;;;Amical;;;;AM_193536.docx
1935-1936;amical;a_creer;1936-06-14;FC Sochaux;FC Mulhouse;4-0;;;Amical;;;;AM_193536.docx
1936-1937;amical;a_creer;1936-08-09;RC Calais;FC Sochaux;2-3;;;Amical;;;;AM_193637.docx
1936-1937;amical;a_creer;1936-08-15;FC Rouen;FC Sochaux;6-3;;;Amical;;;;AM_193637.docx
1936-1937;amical;a_creer;1936-08-22;FC Sochaux;Servette Genève;1-1;;;Amical;;;;AM_193637.docx
1936-1937;officiel;a_creer;1936-08-30;FC Sochaux;Excelsior RT;2-1;;M. Valprède Ferdinand;Championnat de France,D1;;;;FM_193637.docx
1936-1937;officiel;a_creer;1936-09-06;RC Strasbourg;FC Sochaux;3-2;13000;M. Leclercq;Championnat de France,D1;;;;FM_193637.docx
1936-1937;officiel;a_creer;1936-09-13;Red Star Ol.;FC Sochaux;2-2;;M. Crimon;Championnat de France,D1;;;;FM_193637.docx
1936-1937;officiel;a_creer;1936-09-20;FC Sochaux;FC Antibes;2-0;6000;M. Cornil;Championnat de France,D1;;;;FM_193637.docx
1936-1937;officiel;a_creer;1936-09-27;FC Sochaux;RC Roubaix;2-0;;M. Raguin Louis;Championnat de France,D1;;;;FM_193637.docx
1936-1937;officiel;a_creer;1936-10-04;Ol. Lille;FC Sochaux;2-1;;M. Hohl Léon;Championnat de France,D1;;;;FM_193637.docx
1936-1937;officiel;a_creer;1936-10-11;FC Sochaux;FC Rouen;2-0;8000;M. Marenco Paul;Championnat de France,D1;;;;FM_193637.docx
1936-1937;officiel;a_creer;1936-10-13;Excelsior Roubaix-Tourcoing;FC Sochaux;2-2;;M. Kissenberger Ernest;Championnat de France,D1;;;;FM_193536.docx
1936-1937;officiel;a_creer;1936-10-18;FC Metz;FC Sochaux;2-2;11684;Broghammer Emmanuel;Championnat de France,D1;;;;FM_193637.docx
1936-1937;officiel;a_creer;1936-10-25;FC Sochaux;RC Paris;2-1;10000;M. Kissenberger Ernest;Championnat de France,D1;;;;FM_193637.docx
1936-1937;officiel;a_creer;1936-11-01;AS Cannes;FC Sochaux;2-1;;M. Hohl Léon;Championnat de France,D1;;;;FM_193637.docx
1936-1937;officiel;a_creer;1936-11-08;SC Fives;FC Sochaux;0-1;;M. Virolle Pierre;Championnat de France,D1;;;;FM_193637.docx
1936-1937;officiel;a_creer;1936-11-11;FC Sochaux;Stade Rennes UC;1-0;;M. Broghammer Emmanuel;Championnat de France,D1;;;;FM_193637.docx
1936-1937;officiel;a_creer;1936-11-22;FC Sète;FC Sochaux;1-1;;M. Olive Eugène;Championnat de France,D1;;;;FM_193637.docx
1936-1937;amical;a_creer;1936-11-28;FC Sochaux;Kispest Budapest;4-3;;;Amical;;;;AM_193637.docx
1936-1937;officiel;a_creer;1936-12-06;FC Sochaux;Ol. Marseille;3-1;6000;M. Merckx Jean;Championnat de France,D1;;;;FM_193637.docx
1936-1937;officiel;a_creer;1936-12-20;FC Sochaux;SR Saint-Dié(DH);10-0;;;Coupe de France;;;;FM_193637.docx
1936-1937;officiel;a_creer;1936-12-25;FC Mulhouse;FC Sochaux;4-1;4000;M. Broghammer Emmanuel;Championnat de France,D1;;;;FM_193637.docx
1936-1937;officiel;a_creer;1936-12-27;Excelsior RT;FC Sochaux;1-0;7000;M. Munsch Charles;Championnat de France,D1;;;;FM_193637.docx
1936-1937;officiel;a_creer;1937-01-01;FC Sochaux;RC Strasbourg;3-2;8000;M. Raguin Louis;Championnat de France,D1;;;;FM_193637.docx
1936-1937;officiel;a_creer;1937-01-03;FC Sochaux;Red Star Ol.;3-2;8000;M. Baert Jules;Championnat de France,D1;;;;FM_193637.docx
1936-1937;officiel;a_creer;1937-01-10;FC Antibes;FC Sochaux;1-3;;M. Kissenberger Ernest;Championnat de France,D1;;;;FM_193637.docx
1936-1937;officiel;a_creer;1937-01-17;FC Sochaux;AS Brest(DH);3-0;9800;;Coupe de France;;;;FM_193637.docx
1936-1937;amical;a_creer;1937-01-24;FC Sochaux;Wiener SK;1-0;;;Amical;;;;AM_193637.docx
1936-1937;officiel;a_creer;1937-01-31;RC Roubaix;FC Sochaux;1-3;;M. Valprede Ferdinand;Championnat de France,D1;;;;FM_193637.docx
1936-1937;officiel;a_creer;1937-02-07;FC Sochaux;FC Sète(D1);3-2;;M. Leclercq;Coupe de France;;;;FM_193637.docx
1936-1937;officiel;a_creer;1937-02-14;FC Sochaux;Ol. Lille;1-1;;M. Marenco Paul;Championnat de France,D1;;;;FM_193637.docx
1936-1937;officiel;a_creer;1937-02-28;FC Rouen;FC Sochaux;6-1;;M. Bowley Alfred;Championnat de France,D1;;;;FM_193637.docx
1936-1937;officiel;a_creer;1937-03-07;AS Cannes(D1);FC Sochaux;0-0;;;Coupe de France;;;;FM_193637.docx
1936-1937;officiel;a_creer;1937-03-11;FC Sochaux;AS Cannes(D1);3-1;;M. Merckx Jean;Coupe de France;;;;FM_193637.docx
1936-1937;officiel;a_creer;1937-03-14;FC Sochaux;FC Metz;2-1;4000;M. Merckx Jean;Championnat de France,D1;;;;FM_193637.docx
1936-1937;amical;a_creer;1937-03-20;Duché de Bade;FC Sochaux;3-2;;M. Breuner;Amical;;;;AM_193637.docx
1936-1937;officiel;a_creer;1937-03-28;RC Paris;FC Sochaux;1-0;;M. Valprede Ferdinand;Championnat de France,D1;;;;FM_193637.docx
1936-1937;officiel;a_creer;1937-04-04;US Boulogne(D2);FC Sochaux;0-6;45000;M. Raguin Louis;Coupe de France;;;;FM_193637.docx
1936-1937;amical;a_creer;1937-04-11;US Tourcoing;FC Sochaux;3-1;;M. Turfkruyer(Bel.);Amical;;;;AM_193637.docx
1936-1937;officiel;a_creer;1937-04-18;FC Sochaux;SC Fives;1-0;;Broghammer Emmanuel;Championnat de France,D1;;;;FM_193637.docx
1936-1937;officiel;a_creer;1937-04-25;Stade Rennes UC;FC Sochaux;1-1;;M. Boutine;Championnat de France,D1;;;;FM_193637.docx
1936-1937;officiel;a_creer;1937-05-02;FC Sochaux;FC Sète;6-2;;;Championnat de France,D1;;;;FM_193637.docx
1936-1937;officiel;a_creer;1937-05-09;FC Sochaux;RC Strasbourg(D1);2-1;39538;M. Olive Eugène;Coupe de France;;;;FM_193637.docx
1936-1937;officiel;a_creer;1937-05-12;AS Cannes;FC Sochaux;1-1;;M. Munsch Charles;Championnat de France,D1;;;;FM_193637.docx
1936-1937;officiel;a_creer;1937-05-16;FC Sochaux;FC Mulhouse;5-1;;;Championnat de France,D1;;;;FM_193637.docx
1936-1937;officiel;a_creer;1937-05-20;Ol. Marseille;FC Sochaux;0-1;16200;M. Vandeputte;Championnat de France,D1;;;;FM_193637.docx
1936-1937;amical;a_creer;1937-06-06;Ol. Marseille;FC Sochaux;4-4;;;Amical;;;;AM_193637.docx
1937-1938;amical;a_creer;1937-08-08;RC Strasbourg;FC Sochaux;7-4;;;Amical;;;;AM_193738.docx
1937-1938;amical;a_creer;1937-08-14;FC Sochaux;FC Sète;3-2;;;Tournoi de Deauville/Trouville;;;;AM_193738.docx
1937-1938;amical;a_creer;1937-08-16;FC Sochaux;RC Paris;4-3;;;Tournoi de Deauville/Trouville;;;;AM_193738.docx
1937-1938;officiel;a_creer;1937-08-22;US Valencienne;FC Sochaux;0-0;;;Championnat de France,D1;;;;FM_193738.docx
1937-1938;officiel;a_creer;1937-08-29;FC Sochaux;SC Fives;6-2;;;Championnat de France,D1;;;;FM_193738.docx
1937-1938;officiel;a_creer;1937-09-05;FC Sochaux;FC Rouen;5-0;;;Championnat de France,D1;;;;FM_193738.docx
1937-1938;officiel;a_creer;1937-09-12;Excelsior RT;FC Sochaux;1-2;;M. Boes Léon;Championnat de France,D1;;;;FM_193738.docx
1937-1938;officiel;a_creer;1937-09-19;FC Sochaux;Ol. Marseille;1-2;12000;M. Leclercq Lucien;Championnat de France,D1;;;;FM_193738.docx
1937-1938;officiel;a_creer;1937-09-26;FC Sochaux;RC Paris;4-0;;;Championnat de France,D1;;;;FM_193738.docx
1937-1938;officiel;a_creer;1937-10-04;RC Strasbourg;FC Sochaux;1-6;;M. Raguin Louis;Championnat de France,D1;;;;FM_193738.docx
1937-1938;officiel;a_creer;1937-10-17;Ol. Lille;FC Sochaux;0-0;;M. Conrié Roger;Championnat de France,D1;;;;FM_193738.docx
1937-1938;officiel;a_creer;1937-10-24;FC Sochaux;FC Antibes;1-0;;;Championnat de France,D1;;;;FM_193738.docx
1937-1938;officiel;a_creer;1937-11-07;Red Star Ol.;FC Sochaux;0-1;;;Championnat de France,D1;;;;FM_193738.docx
1937-1938;officiel;a_creer;1937-11-11;FC Sochaux;SC Metz;3-2;;;Championnat de France,D1;;;;FM_193738.docx
1937-1938;officiel;a_creer;1937-11-14;FC Sochaux;RC Roubaix;3-0;;M. Kissenberger Ernest;Championnat de France,D1;;;;FM_193738.docx
1937-1938;officiel;a_creer;1937-11-21;FC Sète;FC Sochaux;0-1;;M. Merckx Jean;Championnat de France,D1;;;;FM_193738.docx
1937-1938;amical;a_creer;1937-11-28;Stade Rennes UC;FC Sochaux;1-3;;;Amical;;;;AM_193738.docx
1937-1938;officiel;a_creer;1937-12-12;FC Sochaux;RC Lens;4-0;;;Championnat de France,D1;;;;FM_193738.docx
1937-1938;officiel;a_creer;1937-12-19;SO Montpellier(D2);FC Sochaux;4-0;;M. Perrier;Coupe de France;;;;FM_193738.docx
1937-1938;officiel;a_creer;1937-12-26;AS Cannes;FC Sochaux;0-1;;;Championnat de France,D1;;;;FM_193738.docx
1937-1938;officiel;a_creer;1938-01-02;FC Sochaux;US Valenciennes;6-1;;;Championnat de France,D1;;;;FM_193738.docx
1937-1938;amical;a_creer;1938-01-09;AS Troyes;FC Sochaux;1-2;;;Amical;;;;AM_193738.docx
1937-1938;officiel;a_creer;1938-01-16;SC Fives;FC Sochaux;1-1;;;Championnat de France,D1;;;;FM_193738.docx
1937-1938;officiel;a_creer;1938-01-23;FC Rouen;FC Sochaux;1-3;;M. Leclercq Lucien;Championnat de France,D1;;;;FM_193738.docx
1937-1938;amical;a_creer;1938-02-06;FC Sochaux;FC Bâle Nordstern;3-0;;;Amical;;;;AM_193738.docx
1937-1938;amical;a_creer;1938-02-20;Bourgogne-Franche-Comté;Victoria Zizkov(Tch.);3-1;;;Amical;;;;AM_193738.docx
1937-1938;officiel;a_creer;1938-02-27;Ol. Marseille;FC Sochaux;2-0;30000;M. Conrié Roger;Championnat de France,D1;;;;FM_193738.docx
1937-1938;officiel;a_creer;1938-03-06;FC Sochaux;Excelsior RT;1-1;;;Championnat de France,D1;;;;FM_193738.docx
1937-1938;officiel;a_creer;1938-03-13;RC Paris;FC Sochaux;0-4;25000;M. Valprede Ferdinand;Championnat de France,D1;;;;FM_193738.docx
1937-1938;officiel;a_creer;1938-03-20;FC Sochaux;RC Strasbourg;3-3;10066;M. Capdeville Georges;Championnat de France,D1;;;;FM_193738.docx
1937-1938;officiel;a_creer;1938-03-27;FC Sochaux;Ol. Lille;2-0;4800;;Championnat de France,D1;;;;FM_193738.docx
1937-1938;officiel;a_creer;1938-04-03;FC Antibes;FC Sochaux;2-1;;;Championnat de France,D1;;;;FM_193738.docx
1937-1938;officiel;a_creer;1938-04-10;FC Sochaux;Red Star Ol.;3-1;;;Championnat de France,D1;;;;FM_193738.docx
1937-1938;officiel;a_creer;1938-04-10;AS Saint-Etienne;FC Sochaux;2-1;6000;M. Oliva Paul;Championnat de France,D1;;;;FM_193839.docx
1937-1938;officiel;a_creer;1938-04-15;SC Metz;FC Sochaux;2-2;14825;M. Olive Eugène;Championnat de France,D1;;;;FM_193738.docx
1937-1938;officiel;a_creer;1938-04-18;RC Roubaix;FC Sochaux;2-2;5000;;Championnat de France,D1;;;;FM_193738.docx
1937-1938;officiel;a_creer;1938-04-24;FC Sochaux;FC Sète;0-1;;M. Munsch Charles;Championnat de France,D1;;;;FM_193738.docx
1937-1938;officiel;a_creer;1938-04-30;FC Sète;FC Sochaux;2-1;8000;;Championnat de France,D1;;;;FM_193839.docx
1937-1938;officiel;a_creer;1938-05-01;RC Lens;FC Sochaux;0-2;8000;M. Studer;Championnat de France,D1;;;;FM_193738.docx
1937-1938;officiel;a_creer;1938-05-08;FC Sochaux;AS Cannes;1-1;;;Championnat de France,D1;;;;FM_193738.docx
1937-1938;amical;a_creer;1938-05-12;RC Paris;FC Sochaux;2-1;;;Amical;;;;AM_193738.docx
1937-1938;amical;a_creer;1938-05-15;FC Sochaux;FC La Chaux-de-Fonds;6-3;;;Amical;;;;AM_193738.docx
1937-1938;officiel;a_creer;1938-05-21;Excelsior RT;FC Sochaux;3-2;6000;M. Merckx Jean;Championnat de France,D1;;;;FM_193839.docx
1937-1938;amical;a_creer;1938-05-22;FC Sochaux;Lausanne Sports;3-6;;;Amical;;;;AM_193738.docx
1937-1938;amical;a_creer;1938-05-29;Ol. Marseille;FC Sochaux;5-2;35000;;Amical;;;;AM_193738.docx
1938-1939;amical;a_creer;1938-08-14;FC Sochaux;FC Rouen;4-2;;;Amical;;;;AM_193839.docx
1938-1939;amical;a_creer;1938-08-21;SR Colmar;FC Sochaux;3-2;;;Amical;;;;AM_193839.docx
1938-1939;amical;a_creer;1938-08-28;FC Sochaux;Stade de Reims;0-0;;;Amical;;;;AM_193839.docx
1938-1939;officiel;a_creer;1938-09-04;FC Sochaux;RC Roubaix;3-1;;;Championnat de France,D1;;;;FM_193839.docx
1938-1939;officiel;a_creer;1938-09-11;AS Cannes;FC Sochaux;0-0;;;Championnat de France,D1;;;;FM_193839.docx
1938-1939;officiel;a_creer;1938-09-18;RC Strasbourg;FC Sochaux;2-0;10000;M. De La Salle Charles;Championnat de France,D1;;;;FM_193839.docx
1938-1939;officiel;a_creer;1938-09-26;FC Sochaux;FC Antibes;3-0;;;Championnat de France,D1;;;;FM_193839.docx
1938-1939;amical;a_creer;1938-10-01;CA Paris;FC Sochaux;3-0;;;Amical;;;;AM_193839.docx
1938-1939;amical;a_creer;1938-10-02;Stade Rennes UC;FC Sochaux;2-0;;;Amical;;;;AM_193839.docx
1938-1939;officiel;a_creer;1938-10-09;FC Sochaux;RC Lens;0-2;;;Championnat de France,D1;;;;FM_193839.docx
1938-1939;officiel;a_creer;1938-10-16;FC Rouen;FC Sochaux;1-0;11000;M. Conrié Roger;Championnat de France,D1;;;;FM_193839.docx
1938-1939;officiel;a_creer;1938-10-23;FC Sochaux;SC Fives;5-2;;M. Boes Léon;Championnat de France,D1;;;;FM_193839.docx
1938-1939;officiel;a_creer;1938-10-30;Ol. Marseille;FC Sochaux;1-0;17000;M. Capdeville Georges;Championnat de France,D1;;;;FM_193839.docx
1938-1939;officiel;a_creer;1938-11-01;FC Sochaux;AS Saint-Etienne;1-2;5000;;Championnat de France,D1;;;;FM_193839.docx
1938-1939;officiel;a_creer;1938-11-06;Ol. Lille;FC Sochaux;2-0;5000;M. Vauzelles;Championnat de France,D1;;;;FM_193839.docx
1938-1939;officiel;a_creer;1938-11-11;FC Sochaux;FC Metz;0-1;;;Championnat de France,D1;;;;FM_193839.docx
1938-1939;officiel;a_creer;1938-11-20;RC Paris;FC Sochaux;6-1;30000;;Championnat de France,D1;;;;FM_193839.docx
1938-1939;officiel;a_creer;1938-11-25;Le Havre AC;FC Sochaux;2-1;3000;M. Merckx Jean;Championnat de France,D1;;;;FM_193839.docx
1938-1939;officiel;a_creer;1938-11-27;FC Sochaux;USAC Romilly(DH);9-0;;;Coupe de France;;;;FM_193839.docx
1938-1939;amical;a_creer;1938-12-04;Lorraine;Bourgogne-Franche-Comté;6-2;;;Amical;;;;AM_193839.docx
1938-1939;officiel;a_creer;1938-12-11;FC Sochaux;FC Sète;1-1;;;Championnat de France,D1;;;;FM_193839.docx
1938-1939;officiel;a_creer;1938-12-18;Saint-Raphaël(DH);FC Sochaux;0-2;;;Coupe de France;;;;FM_193839.docx
1938-1939;officiel;a_creer;1939-01-08;FC Metz(D1);FC Sochaux;1-1;8000;M. Raguin Louis;Coupe de France;;;;FM_193839.docx
1938-1939;officiel;a_creer;1939-01-12;FC Metz(D1);FC Sochaux;2-0;18000;M. Raguin;Coupe de France;;;;FM_193839.docx
1938-1939;officiel;a_creer;1939-01-15;FC Sochaux;AS Cannes;7-3;4032;;Championnat de France,D1;;;;FM_193839.docx
1938-1939;officiel;a_creer;1939-01-26;RC Roubaix;FC Sochaux;1-4;5000;;Championnat de France,D1;;;;FM_193839.docx
1938-1939;officiel;a_creer;1939-01-29;FC Sochaux;RC Strasbourg;2-0;7000;M. Herbeaux;Championnat de France,D1;;;;FM_193839.docx
1938-1939;amical;a_creer;1939-02-05;FC Sochaux;Servette Genève;2-1;;;Amical;;;;AM_193839.docx
1938-1939;officiel;a_creer;1939-02-12;FC Antibes;FC Sochaux;0-0;4500;;Championnat de France,D1;;;;FM_193839.docx
1938-1939;officiel;a_creer;1939-02-26;FC Sochaux;Excelsior RT;8-0;4500;M. Denize Louis;Championnat de France,D1;;;;FM_193839.docx
1938-1939;officiel;a_creer;1939-03-06;RC Lens;FC Sochaux;2-2;8000;M. Vauzelle;Championnat de France,D1;;;;FM_193839.docx
1938-1939;officiel;a_creer;1939-03-12;FC Sochaux;FC Rouen;2-0;9000;M. Sdez Victor;Championnat de France,D1;;;;FM_193839.docx
1938-1939;officiel;a_creer;1939-03-19;SC Fives;FC Sochaux;2-4;5000;;Championnat de France,D1;;;;FM_193839.docx
1938-1939;officiel;a_creer;1939-03-26;FC Sochaux;Ol. Marseille;2-0;10000;M. Le Guyader;Championnat de France,D1;;;;FM_193839.docx
1938-1939;officiel;a_creer;1939-04-07;FC Metz;FC Sochaux;0-3;10000;M. Sdez Victor;Championnat de France,D1;;;;FM_193839.docx
1938-1939;officiel;a_creer;1939-04-16;FC Sochaux;RC Paris;1-0;12000;M. Conrié Roger;Championnat de France,D1;;;;FM_193839.docx
1938-1939;amical;a_creer;1939-04-23;FC Metz;FC Sochaux;2-3;;;Amical;;;;AM_193839.docx
1938-1939;officiel;a_creer;1939-04-27;FC Sochaux;Ol. Lille;4-1;9000;M. Studer;Championnat de France,D1;;;;FM_193839.docx
1938-1939;officiel;a_creer;1939-05-07;FC Sochaux;Le Havre AC;8-0;6000;;Championnat de France,D1;;;;FM_193839.docx
1938-1939;officiel;a_creer;1939-05-14;FC Sochaux;FC Antibes;2-0;4000;M. Raguin Louis;Championnat de France,D1;;;;FM_193839.docx
1938-1939;amical;a_creer;1939-05-18;AS Saint-Etienne;FC Sochaux;3-1;;;Amical;;;;AM_193839.docx
1938-1939;amical;a_creer;1939-05-28;Servette Genève;FC Sochaux;2-2;;;Amical;;;;AM_193839.docx
1938-1939;amical;a_creer;1939-06-04;Le Havre AC;FC Sochaux;1-2;;;Coupe de la Suze;;;;AM_193839.docx
1939-1940;amical;a_creer;1939-08-13;Cantonal Neuchâtel(Sui.);FC Sochaux;0-5;;;Amical;;;;AM_193940.docx
1939-1940;amical;a_creer;1939-08-20;FC Sochaux;Elektromos Budapest(Hon.);4-2;;;Amical;;;;AM_193940.docx
1939-1940;officiel;a_creer;1939-12-17;US Belfort;FC Sochaux;1-2;200;M. Choffat;Coupe de France;;;;FM_193940.docx
1939-1940;officiel;a_creer;1940-02-04;USA Annemasse;FC Sochaux;1-4;;M. Chazalon;Coupe de France;;;;FM_193940.docx
1939-1940;officiel;a_creer;1940-02-18;AS Saint-Etienne;FC Sochaux;2-4;3000;M. Veyret;Coupe de France;;;;FM_193940.docx
1939-1940;officiel;a_creer;1940-03-03;RC Paris;FC Sochaux;3-1;;M. Vezolles Désiré;Coupe de France;;;;FM_193940.docx
1939-1940;amical;a_creer;1940-03-17;US Belfort;FC Sochaux;4-3;;;Amical;;;;AM_193940.docx
1939-1940;amical;a_creer;1940-03-25;FC Sochaux;RC Franc-Comtois;7-4;;;Amical;;;;AM_193940.docx
1941-1942;amical;a_creer;1942-04-19;SC Troyes;FC Sochaux;3-0;;;Amical;;;;AM_194142.docx
1942-1943;amical;a_creer;1942-08-23;FC Sochaux;AS Troyes;6-0;;;Amical;;;;AM_194243.docx
1942-1943;officiel;a_creer;1942-08-30;FC Sochaux;Girondins ASP;3-0;;;Champ. Interrégionaux, Z.O.-Z.I.;;;;FM_194243.docx
1942-1943;officiel;a_creer;1942-09-06;Lille Ol.;FC Sochaux;1-3;;M. Legrand;Champ. Interrégionaux, Z.O.-Z.I.;;;;FM_194243.docx
1942-1943;officiel;a_creer;1942-09-13;FC Sochaux;Red Star Ol.;4-3;6000;M. Virolle;Champ. Interrégionaux, Z.O.-Z.I.;;;;FM_194243.docx
1942-1943;officiel;a_creer;1942-09-20;FC Sochaux;SC Fives;0-3;;M. Boes Léon;Champ. Interrégionaux, Z.O.-Z.I.;;;;FM_194243.docx
1942-1943;officiel;a_creer;1942-09-27;FC Rouen;FC Sochaux;1-0;15000;M. Delasalle;Champ. Interrégionaux, Z.O.-Z.I.;;;;FM_194243.docx
1942-1943;officiel;a_creer;1942-10-04;FC Sochaux;US Le Mans;6-3;;M. Denize;Champ. Interrégionaux, Z.O.-Z.I.;;;;FM_194243.docx
1942-1943;officiel;a_creer;1942-10-04;FC Sochaux;Stade Rennes UC;4-1;;M. Legrand;Champ. Interrégionaux, Z.O.-Z.I.;;;;FM_194243.docx
1942-1943;officiel;a_creer;1942-10-11;Le Havre AC;FC Sochaux;1-2;;M. Girault;Champ. Interrégionaux, Z.O.-Z.I.;;;;FM_194243.docx
1942-1943;officiel;a_creer;1942-10-18;AS Troyes;FC Sochaux;2-1;;M. Gaborit;Champ. Interrégionaux, Z.O.-Z.I.;;;;FM_194243.docx
1942-1943;amical;a_creer;1942-11-02;US Valenciennes;FC Sochaux;4-7;;;02/11/1942;;;;AM_194243.docx
1942-1943;officiel;a_creer;1942-11-07;RC France;FC Sochaux;1-0;;M. Capdeville;Champ. Interrégionaux, Z.O.-Z.I.;;;;FM_194243.docx
1942-1943;officiel;a_creer;1942-11-15;FC Sochaux;Amiens AC;3-1;;M. Roth;Champ. Interrégionaux, Z.O.-Z.I.;;;;FM_194243.docx
1942-1943;officiel;a_creer;1942-11-22;SR Delle(DH);FC Sochaux;1-2;;;Coupe Charles Simon, Zone Interdite;;;;FM_194243.docx
1942-1943;officiel;a_creer;1942-11-29;Excelsior RT;FC Sochaux;3-0;;M. Virolle;Champ. Interrégionaux, Z.O.-Z.I.;;;;FM_194243.docx
1942-1943;officiel;a_creer;1942-12-06;FC Sochaux;RC Lens;3-1;;;Division 1, Zone Nord;;;;FM_194243.docx
1942-1943;officiel;a_creer;1942-12-13;FC Sochaux;US Belfort(DH);10-0;;;Coupe Charles Simon, Zone Interdite;;;;FM_194243.docx
1942-1943;officiel;a_creer;1942-12-25;Stade Français/CA Paris;FC Sochaux;1-3;;;Division 1, Zone Nord;;;;FM_194243.docx
1942-1943;officiel;a_creer;1942-12-27;Stade de Reims;FC Sochaux;4-0;;;Division 1, Zone Nord;;;;FM_194243.docx
1942-1943;officiel;a_creer;1943-01-01;FC Sochaux;Ol. Lille;0-2;;;Division 1, Zone Nord;;;;FM_194243.docx
1942-1943;officiel;a_creer;1943-01-03;FC Sochaux;Excelsior RT;2-2;;;Division 1, Zone Nord;;;;FM_194243.docx
1942-1943;officiel;a_creer;1943-01-10;RC Franc-Comtois(DH);FC Sochaux;0-1;;;Coupe de France, Zone Interdite;;;;FM_194243.docx
1942-1943;amical;a_creer;1943-01-17;Stade de Reims;FC Sochaux;1-3;;;Amical;;;;AM_194243.docx
1942-1943;amical;a_creer;1943-01-24;Entente Reds Star-RC Paris;FC Sochaux;0-1;;;Amical;;;;AM_194243.docx
1942-1943;officiel;a_creer;1943-01-31;SC Fives;FC Sochaux;3-2;;;Division 1, Zone Nord;;;;FM_194243.docx
1942-1943;officiel;a_creer;1943-02-06;RC Roubaix(DH);FC Sochaux;1-2;;M. Boes Léon;Coupe de France, Zone Interdite;;;;FM_194243.docx
1942-1943;officiel;a_creer;1943-02-14;FC Sochaux;FC Rouen;0-1;;;Division 1, Zone Nord;;;;FM_194243.docx
1942-1943;officiel;a_creer;1943-02-28;FC Sochaux;AS Troyes;6-0;;;Division 1, Zone Nord;;;;FM_194243.docx
1942-1943;officiel;a_creer;1943-03-07;RC Lens(D1);FC Sochaux;5-0;6000;M. Merckx Jean;Coupe de France, Zone Interdite;;;;FM_194243.docx
1942-1943;amical;a_creer;1943-03-13;Entente Lyon OU/AS Saint-Etienne;FC Sochaux;4-3;;;Amical;;;;AM_194243.docx
1942-1943;amical;a_creer;1943-03-14;Entente Lyon OU/AS Saint-Etienne;FC Sochaux;2-1;;;Amical;;;;AM_194243.docx
1942-1943;officiel;a_creer;1943-03-21;Stade de Rennes UC;FC Sochaux;2-2;;;Division 1, Zone Nord;;;;FM_194243.docx
1942-1943;amical;a_creer;1943-03-22;VS Chartres;FC Sochaux;1-4;;;Amical;;;;AM_194243.docx
1942-1943;officiel;a_creer;1943-03-28;FC Sochaux;RC France;3-3;;;Division 1, Zone Nord;;;;FM_194243.docx
1942-1943;amical;a_creer;1943-04-03;FC Nantes;FC Sochaux;2-4;;;Amical;;;;AM_194243.docx
1942-1943;amical;a_creer;1943-04-04;SCO Angers;FC Sochaux;0-3;;;Amical;;;;AM_194243.docx
1942-1943;officiel;a_creer;1943-04-11;FC Sochaux;Stade Reims;2-1;;M. Poissant;Division 1, Zone Nord;;;;FM_194243.docx
1942-1943;officiel;a_creer;1943-04-18;Red Star Ol.;FC Sochaux;5-2;;;Division 1, Zone Nord;;;;FM_194243.docx
1942-1943;officiel;a_creer;1943-04-24;Amiens AC;FC Sochaux;5-2;;;Division 1, Zone Nord;;;;FM_194243.docx
1942-1943;officiel;a_creer;1943-04-26;RC Lens;FC Sochaux;4-2;;;Division 1, Zone Nord;;;;FM_194243.docx
1942-1943;officiel;a_creer;1943-05-02;FC Sochaux;Stade Français/CA Paris;1-5;;;Division 1, Zone Nord;;;;FM_194243.docx
1942-1943;amical;a_creer;1943-05-08;Lunéville;FC Sochaux;0-5;;;Amical;;;;AM_194243.docx
1942-1943;amical;a_creer;1943-05-09;Stade Lorrain;FC Sochaux;0-6;;;Amical;;;;AM_194243.docx
1942-1943;officiel;a_creer;1943-05-15;Girondins ASP;FC Sochaux;2-4;;;Division 1, Zone Nord;;;;FM_194243.docx
1942-1943;amical;a_creer;1943-06-03;RC Franc-Comtois;FC Sochaux;2-5;;;Amical;;;;AM_194243.docx
1943-1944;officiel;a_creer;1943-09-18;FC Sochaux;EF Chalon;6-0;;;Championnat de France Amateur, Poule G;;;;FM_194344.docx
1943-1944;officiel;a_creer;1943-09-23;FC Sochaux;Equipe Fédérale Nancy-Lorraine;3-0;;;Amical;;;;FM_194344.docx
1943-1944;officiel;a_creer;1943-09-25;FC Sochaux;US Belfort;4-1;;;Coupe de France, Second tour;;;;FM_194344.docx
1943-1944;officiel;a_creer;1943-10-10;US Delle;FC Sochaux;4-0;;;Championnat de France Amateur, Poule G;;;;FM_194344.docx
1943-1944;officiel;a_creer;1943-10-17;FC Sochaux;FC Dôle;2-1;;;Coupe de France, 3ème tour;;;;FM_194344.docx
1943-1944;officiel;a_creer;1943-10-31;Stade Sens;FC Sochaux;4-4;;;Championnat de France Amateur, Poule G;;;;FM_194344.docx
1943-1944;officiel;a_creer;1943-11-07;FC Sochaux;SAS Epinal;3-1;;;Coupe de France, 4ème tour;;;;FM_194344.docx
1943-1944;officiel;a_creer;1943-11-14;FC Sochaux;RCFC Besançon;2-3;;;Championnat de France Amateur, Poule G;;;;FM_194344.docx
1943-1944;officiel;a_creer;1943-11-21;Stade Auxerre;FC Sochaux;0-4;;;Championnat de France Amateur, Poule G;;;;FM_194344.docx
1943-1944;officiel;a_creer;1943-11-28;CS Blénod;FC Sochaux;1-2;;;Coupe de France, 5ème tour;;;;FM_194344.docx
1943-1944;officiel;a_creer;1943-12-12;FC Sochaux;SC Dijon;7-0;;;Championnat de France Amateur, Poule G;;;;FM_194344.docx
1943-1944;officiel;a_creer;1943-12-19;FC Gueugnon;FC Sochaux;1-3;;;Coupe de France, 32ème de finale;;;;FM_194344.docx
1943-1944;officiel;a_creer;1943-12-26;FC Sochaux;FC Gueugnon;4-0;;;Championnat de France Amateur, Poule G;;;;FM_194344.docx
1943-1944;officiel;a_creer;1944-01-02;EF Chalon;FC Sochaux;1-5;;;Championnat de France Amateur, Poule G;;;;FM_194344.docx
1943-1944;officiel;a_creer;1944-01-09;Equipe Fédérale Toulouse Pyrénées;FC Sochaux;9-1;;;Coupe de France, 16ème de finale;;;;FM_194344.docx
1943-1944;officiel;a_creer;1944-01-16;FC Sochaux;Patronage S Bisontin;5-1;;;Championnat de France Amateur, Poule G;;;;FM_194344.docx
1943-1944;officiel;a_creer;1944-01-23;Equipe Fédérale Nancy-Lorraine;FC Sochaux;4-0;;;Matchs Représentatifs, 1ère journée;;;;FM_194344.docx
1943-1944;officiel;a_creer;1944-01-30;FC Sochaux;US Delle;6-0;;;Championnat de France Amateur, Poule G;;;;FM_194344.docx
1943-1944;officiel;a_creer;1944-02-06;FC Sochaux;US Belfort;2-2;;;Championnat de France Amateur, Poule G;;;;FM_194344.docx
1943-1944;officiel;a_creer;1944-02-13;US Belfort;FC Sochaux;2-5;;;Championnat de France Amateur, Poule G;;;;FM_194344.docx
1943-1944;officiel;a_creer;1944-02-20;FC Sochaux;Stade Sens;3-1;;;Championnat de France Amateur, Poule G;;;;FM_194344.docx
1943-1944;officiel;a_creer;1944-02-27;RCFC Besançon;FC Sochaux;3-1;;;Championnat de France Amateur, Poule G;;;;FM_194344.docx
1943-1944;officiel;a_creer;1944-03-05;FC Sochaux;Stade Auxerre;7-0;;;Championnat de France Amateur, Poule G;;;;FM_194344.docx
1943-1944;officiel;a_creer;1944-03-12;SC Dijon;FC Sochaux;0-6;;;Championnat de France Amateur, Poule G;;;;FM_194344.docx
1943-1944;officiel;a_creer;1944-03-26;Patronage S Bisontin;FC Sochaux;2-1;;;Championnat de France Amateur, Poule G;;;;FM_194344.docx
1943-1944;officiel;a_creer;1944-04-02;FC Gueugnon;FC Sochaux;4-0;;;Championnat de France Amateur, Poule G;;;;FM_194344.docx
1944-1945;amical;a_creer;1945-06-13;Ol. Marseille;FC Sochaux;3-2;;;Amical;;;;AM_194445.docx
1945-1946;amical;a_creer;1945-08-17;Servette Genève(Sui.);FC Sochaux;4-2;;;Tournoi;;;;AM_194546.docx
1945-1946;amical;a_creer;1945-08-19;Urania Genève(Sui.);FC Sochaux;0-2;;;Tournoi;;;;AM_194546.docx
1945-1946;officiel;a_creer;1945-09-02;CO Roubaix-Tourcoing;FC Sochaux;2-2;;;Championnat de France, D1;;;;FM_194546.docx
1945-1946;officiel;a_creer;1945-09-09;FC Sochaux;Ol. Marseille;1-0;5000;M. Chazalon Emile;Championnat de France, D1;;;;FM_194546.docx
1945-1946;officiel;a_creer;1945-09-23;FC Sochaux;FC Strasbourg;4-2;3500;M. Veyret;Championnat de France, D1;;;;FM_194546.docx
1945-1946;officiel;a_creer;1945-10-07;FC Sochaux;Stade de Reims;1-1;;M. Scheuer Paul;Championnat de France, D1;;;;FM_194546.docx
1945-1946;officiel;a_creer;1945-11-04;FC Sochaux;FC Metz;0-0;;;Championnat de France, D1;;;;FM_194546.docx
1945-1946;officiel;a_creer;1945-12-30;FC Sochaux;AS Saint-Etienne;4-4;;;Championnat de France, D1;;;;FM_194546.docx
1945-1946;officiel;a_creer;1946-01-20;FC Sochaux;CO Roubaix-Tourcoing;0-1;;;Championnat de France, D1;;;;FM_194546.docx
1945-1946;officiel;a_creer;1946-01-27;Ol. Marseille;FC Sochaux;3-1;25000;M. Chazalon Emile;Championnat de France, D1;;;;FM_194546.docx
1945-1946;officiel;a_creer;1946-02-17;RC Strasbourg;FC Sochaux;2-1;12000;M. Richet;Championnat de France, D1;;;;FM_194546.docx
1945-1946;officiel;a_creer;1946-03-03;Ol. Marseille(D1);FC Sochaux;2-1;2500;M. Fauquemberghe Louis;Coupe de France;;;;FM_194546.docx
1945-1946;officiel;a_creer;1946-03-10;Stade de Reims;FC Sochaux;1-0;;;Championnat de France, D1;;;;FM_194546.docx
1945-1946;officiel;a_creer;1946-04-21;FC Metz;FC Sochaux;2-0;6000;Tordjmann Gabriel;Championnat de France, D1;;;;FM_194546.docx
1945-1946;officiel;a_creer;1946-06-02;AS Saint-Etienne;FC Sochaux;1-0;10205;;Championnat de France, D1;;;;FM_194546.docx
1946-1947;officiel;a_creer;1946-08-18;SCO Angers;FC Sochaux;0-2;;;Championnat de France, D2;;;;FM_194647.docx
1946-1947;officiel;a_creer;1946-09-08;FC Sochaux;AS Béziers;3-3;;;Championnat de France, D2;;;;FM_194647.docx
1946-1947;officiel;a_creer;1946-09-15;RCFC Besançon;FC Sochaux;0-7;;;Championnat de France, D2;;;;FM_194647.docx
1946-1947;officiel;a_creer;1946-09-15;FC Sochaux;AS Troyes;5-2;;;Championnat de France, D2;;;;FM_194647.docx
1946-1947;officiel;a_creer;1946-09-22;FC Sochaux;Amiens SCF;5-3;;;Championnat de France, D2;;;;FM_194647.docx
1946-1947;officiel;a_creer;1946-09-28;SR Colmar;FC Sochaux;3-3;;;Championnat de France, D2;;;;FM_194647.docx
1946-1947;officiel;a_creer;1946-09-28;FC Sochaux;CA Paris;6-2;;;Championnat de France, D2;;;;FM_194647.docx
1946-1947;officiel;a_creer;1946-10-13;OGC Nice;FC Sochaux;2-2;;;Championnat de France, D2;;;;FM_194647.docx
1946-1947;officiel;a_creer;1946-10-20;FC Sochaux;Ol. Alès;6-3;;;Championnat de France, D2;;;;FM_194647.docx
1946-1947;officiel;a_creer;1946-10-27;FC Sochaux;Stade Clermontois;7-0;;;Championnat de France, D2;;;;FM_194647.docx
1946-1947;officiel;a_creer;1946-11-03;Nîmes Ol.;FC Sochaux;2-2;;;Championnat de France, D2;;;;FM_194647.docx
1946-1947;officiel;a_creer;1946-11-10;FC Antibes;FC Sochaux;0-0;;;Championnat de France, D2;;;;FM_194647.docx
1946-1947;officiel;a_creer;1946-11-17;FC Sochaux;AS des Charentes Angoulême;3-1;;;Championnat de France, D2;;;;FM_194647.docx
1946-1947;officiel;a_creer;1946-12-01;FC Nantes;FC Sochaux;2-2;;;Championnat de France, D2;;;;FM_194647.docx
1946-1947;officiel;a_creer;1946-12-08;FC Sochaux;AS Avignon;4-1;;;Championnat de France, D2;;;;FM_194647.docx
1946-1947;officiel;a_creer;1946-12-22;SC Douai;FC Sochaux;0-0;;;Championnat de France, D2;;;;FM_194647.docx
1946-1947;officiel;a_creer;1946-12-25;US Valenciennes;FC Sochaux;2-2;;;Championnat de France, D2;;;;FM_194647.docx
1946-1947;officiel;a_creer;1946-12-29;FC Sochaux;SC Toulon;4-1;;;Championnat de France, D2;;;;FM_194647.docx
1946-1947;officiel;a_creer;1947-01-04;FC Sochaux;Drapeaux Fougères(DH);8-0;;;Coupe de France;;;;FM_194647.docx
1946-1947;officiel;a_creer;1947-01-12;US Le Mans;FC Sochaux;4-4;;;Championnat de France, D2;;;;FM_194647.docx
1946-1947;officiel;a_creer;1947-01-19;FC Sochaux;USA Perpignan;7-2;;;Championnat de France, D2;;;;FM_194647.docx
1946-1947;officiel;a_creer;1947-01-23;FC Sochaux;Lyon OU;3-0;;;Championnat de France, D2;;;;FM_194647.docx
1946-1947;officiel;a_creer;1947-02-02;FC Sochaux;FC Corbeil();4-3;;;Coupe de France;;;;FM_194647.docx
1946-1947;officiel;a_creer;1947-02-09;FC Sochaux;RCFC Besançon;4-3;;;Championnat de France, D2;;;;FM_194647.docx
1946-1947;officiel;a_creer;1947-02-16;AS Troyes;FC Sochaux;1-3;;;Championnat de France, D2;;;;FM_194647.docx
1946-1947;officiel;a_creer;1947-02-18;Amiens SCF;FC Sochaux;2-1;;;Championnat de France, D2;;;;FM_194647.docx
1946-1947;officiel;a_creer;1947-02-23;FC Sochaux;SR Colmar;6-1;;;Championnat de France, D2;;;;FM_194647.docx
1946-1947;officiel;a_creer;1947-03-02;Lille OSC(D1);FC Sochaux;5-2;;;Coupe de France;;;;FM_194647.docx
1946-1947;officiel;a_creer;1947-03-13;FC Sochaux;FC Nantes;9-0;;;Championnat de France, D2;;;;FM_194647.docx
1946-1947;officiel;a_creer;1947-03-16;FC Sochaux;US Le Mans;2-1;;;Championnat de France, D2;;;;FM_194647.docx
1946-1947;officiel;a_creer;1947-03-30;AS Béziers;FC Sochaux;2-3;;;Championnat de France, D2;;;;FM_194647.docx
1946-1947;officiel;a_creer;1947-04-03;AS Avignon;FC Sochaux;0-3;;;Championnat de France, D2;;;;FM_194647.docx
1946-1947;officiel;a_creer;1947-04-06;SC Toulon;FC Sochaux;1-1;8000;M. Tranchon René;Championnat de France, D2;;;;FM_194647.docx
1946-1947;officiel;a_creer;1947-04-10;FC Sochaux;SCO Angers;0-2;;;Championnat de France, D2;;;;FM_194647.docx
1946-1947;officiel;a_creer;1947-04-20;CA Paris;FC Sochaux;2-2;;;Championnat de France, D2;;;;FM_194647.docx
1946-1947;officiel;a_creer;1947-04-27;FC Sochaux;OGC Nice;3-0;;;Championnat de France, D2;;;;FM_194647.docx
1946-1947;officiel;a_creer;1947-05-01;FC Sochaux;SC Douai;1-1;;;Championnat de France, D2;;;;FM_194647.docx
1946-1947;officiel;a_creer;1947-05-04;FC Sochaux;US Valenciennes Anzin;2-0;;;Championnat de France, D2;;;;FM_194647.docx
1946-1947;officiel;a_creer;1947-05-11;Lyon OU;FC Sochaux;4-0;;;Championnat de France, D2;;;;FM_194647.docx
1946-1947;officiel;a_creer;1947-05-15;Ol. Alès;FC Sochaux;5-2;;;Championnat de France, D2;;;;FM_194647.docx
1946-1947;officiel;a_creer;1947-05-18;USA Perpignan;FC Sochaux;1-4;;;Championnat de France, D2;;;;FM_194647.docx
1946-1947;officiel;a_creer;1947-06-01;FC Sochaux;Nîmes Ol.;6-1;;;Championnat de France, D2;;;;FM_194647.docx
1946-1947;officiel;a_creer;1947-06-01;Stade Clermontois;FC Sochaux;1-1;;;Championnat de France, D2;;;;FM_194647.docx
1946-1947;officiel;a_creer;1947-06-08;AS des Charentes Angoulême;FC Sochaux;0-3;;;Championnat de France, D2;;;;FM_194647.docx
1946-1947;officiel;a_creer;1947-06-15;FC Sochaux;FC Antibes;8-0;;;Championnat de France, D2;;;;FM_194647.docx
1947-1948;officiel;a_creer;1947-08-24;Stade Français;FC Sochaux;2-2;14000;;Championnat de France, D1;;;;FM_194748.docx
1947-1948;officiel;a_creer;1947-08-31;SO Montpellier;FC Sochaux;2-0;8895;;Championnat de France, D1;;;;FM_194748.docx
1947-1948;officiel;a_creer;1947-09-07;FC Sochaux;Lilles OSC;1-2;10100;;Championnat de France, D1;;;;FM_194748.docx
1947-1948;officiel;a_creer;1947-09-14;AS Cannes;FC Sochaux;3-0;5978;;Championnat de France, D1;;;;FM_194748.docx
1947-1948;officiel;a_creer;1947-09-18;FC Sochaux;Red Star OA;0-1;5500;;Championnat de France, D1;;;;FM_194748.docx
1947-1948;officiel;a_creer;1947-09-21;RC Strasbourg;FC Sochaux;2-2;11070;M. Tordjmann Gabriel;Championnat de France, D1;;;;FM_194748.docx
1947-1948;officiel;a_creer;1947-09-28;FC Sochaux;AS Saint-Etienne;2-2;6200;M. Le Foll Marcel;Championnat de France, D1;;;;FM_194748.docx
1947-1948;officiel;a_creer;1947-10-05;Stade Rennes UC;FC Sochaux;0-3;5238;M. Tibaldi Charles;Championnat de France, D1;;;;FM_194748.docx
1947-1948;officiel;a_creer;1947-10-12;FC Sochaux;Ol. Alès;2-0;6200;;Championnat de France, D1;;;;FM_194748.docx
1947-1948;officiel;a_creer;1947-10-26;FC Sète;FC Sochaux;1-5;4000;;Championnat de France, D1;;;;FM_194748.docx
1947-1948;officiel;a_creer;1947-11-02;FC Sochaux;RC Paris;3-2;8900;;Championnat de France, D1;;;;FM_194748.docx
1947-1948;officiel;a_creer;1947-11-09;CO Roubaix-Tourcoing;FC Sochaux;3-1;8064;;Championnat de France, D1;;;;FM_194748.docx
1947-1948;officiel;a_creer;1947-11-16;FC Sochaux;FC Metz;4-3;6200;;Championnat de France, D1;;;;FM_194748.docx
1947-1948;officiel;a_creer;1947-12-07;Stade Reims;FC Sochaux;4-0;7328;M. Gogneau Emile;Championnat de France, D1;;;;FM_194748.docx
1947-1948;officiel;a_creer;1947-12-11;FC Sochaux;Toulouse FC;4-0;2396;;Championnat de France, D1;;;;FM_194748.docx
1947-1948;officiel;a_creer;1947-12-21;FC Sochaux;FC Nancy;2-2;4700;;Championnat de France, D1;;;;FM_194748.docx
1947-1948;officiel;a_creer;1947-12-25;Ol. Marseille;FC Sochaux;3-1;10131;M. Le Foll Marcel;Championnat de France, D1;;;;FM_194748.docx
1947-1948;officiel;a_creer;1947-12-28;FC Sochaux;Stade Français;4-0;6480;;Championnat de France, D1;;;;FM_194748.docx
1947-1948;officiel;a_creer;1948-01-03;Red Star OA(D1);FC Sochaux;1-1;;;Coupe de France;;;;FM_194748.docx
1947-1948;officiel;a_creer;1948-01-03;Red Star OA(D1);FC Sochaux;0-3;;;Coupe de France;;;;FM_194748.docx
1947-1948;officiel;a_creer;1948-01-11;FC Sochaux;SO Montpellier;1-0;4600;;Championnat de France, D1;;;;FM_194748.docx
1947-1948;officiel;a_creer;1948-01-18;Lille OSC;FC Sochaux;6-1;8598;;Championnat de France, D1;;;;FM_194748.docx
1947-1948;officiel;a_creer;1948-01-25;FC Sochaux;AS Cannes;5-1;4120;;Championnat de France, D1;;;;FM_194748.docx
1947-1948;officiel;a_creer;1948-02-01;FC Sochaux;CS Le Thillot(DH);6-1;;;Coupe de France;;;;FM_194748.docx
1947-1948;officiel;a_creer;1948-02-08;FC Sochaux;Stade Rennes UC;2-0;4700;M. Sdez Victor;Championnat de France, D1;;;;FM_194748.docx
1947-1948;officiel;a_creer;1948-02-15;AS Saint-Etienne;FC Sochaux;2-1;10900;M. Vincenti Raymond;Championnat de France, D1;;;;FM_194748.docx
1947-1948;officiel;a_creer;1948-02-22;FC Sochaux;RC Strasbourg;1-0;6250;;Championnat de France, D1;;;;FM_194748.docx
1947-1948;officiel;a_creer;1948-02-29;Stade de Reims(D1);FC Sochaux;1-2;39987;M. Boes Lucien;Coupe de France;;;;FM_194748.docx
1947-1948;officiel;a_creer;1948-03-03;Red Star OA;FC Sochaux;0-0;4460;;Championnat de France, D1;;;;FM_194748.docx
1947-1948;officiel;a_creer;1948-03-07;Ol. Alès;FC Sochaux;2-2;6462;;Championnat de France, D1;;;;FM_194748.docx
1947-1948;officiel;a_creer;1948-03-14;FC Sochaux;FC Sète;2-2;7300;;Championnat de France, D1;;;;FM_194748.docx
1947-1948;officiel;a_creer;1948-03-21;FC Nancy(D1);FC Sochaux;4-1;;;Coupe de France;;;;FM_194748.docx
1947-1948;officiel;a_creer;1948-03-28;FC Sochaux;CO Roubaix-Tourcoing;5-1;5811;;Championnat de France, D1;;;;FM_194748.docx
1947-1948;officiel;a_creer;1948-04-08;RC Paris;FC Sochaux;2-1;6730;;Championnat de France, D1;;;;FM_194748.docx
1947-1948;officiel;a_creer;1948-04-11;FC Metz;FC Sochaux;2-0;7000;Cognault;Championnat de France, D1;;;;FM_194748.docx
1947-1948;officiel;a_creer;1948-04-25;Toulouse FC;FC Sochaux;2-3;6950;;Championnat de France, D1;;;;FM_194748.docx
1947-1948;officiel;a_creer;1948-05-02;FC Sochaux;Stade Reims;0-3;10200;M. Le Foll Marcel;Championnat de France, D1;;;;FM_194748.docx
1947-1948;officiel;a_creer;1948-05-16;FC Nancy;FC Sochaux;2-1;6557;;Championnat de France, D1;;;;FM_194748.docx
1947-1948;officiel;a_creer;1948-05-30;FC Sochaux;Ol. Marseille;2-2;10400;M. Veyret M.;Championnat de France, D1;;;;FM_194748.docx
1948-1949;officiel;a_creer;1948-08-22;FC Sochaux;Toulouse FC;3-0;5690;M. Bermès Albert;Championnat de France, D1;;;;FM_194849.docx
1948-1949;officiel;a_creer;1948-08-29;RC Strasbourg;FC Sochaux;0-3;11803;M. Cogneau;Championnat de France, D1;;;;FM_194849.docx
1948-1949;officiel;a_creer;1948-09-05;FC Sochaux;AS Cannes;4-0;5709;M. Lieuze G.;Championnat de France, D1;;;;FM_194849.docx
1948-1949;officiel;a_creer;1948-09-09;SO Montpellier;FC Sochaux;2-1;5021;M. Le Guyader;Championnat de France, D1;;;;FM_194849.docx
1948-1949;officiel;a_creer;1948-09-12;FC Sochaux;Ol. Marseille;1-1;10904;M. Richet;Championnat de France, D1;;;;FM_194849.docx
1948-1949;officiel;a_creer;1948-09-19;FC Sochaux;RC Paris;1-2;8016;M. Tranchon René;Championnat de France, D1;;;;FM_194849.docx
1948-1949;officiel;a_creer;1948-09-23;CO Roubaix-Tourcoing;FC Sochaux;5-1;7357;M. Lieuze G.;Championnat de France, D1;;;;FM_194849.docx
1948-1949;officiel;a_creer;1948-09-26;FC Nancy;FC Sochaux;2-2;6309;M. Lemaire R.;Championnat de France, D1;;;;FM_194849.docx
1948-1949;officiel;a_creer;1948-10-03;FC Sochaux;SR Colmar;2-0;8500;M. Delasalle Charles;Championnat de France, D1;;;;FM_194849.docx
1948-1949;officiel;a_creer;1948-10-07;FC Sochaux;Stade Reims;3-0;4781;M. Le Foll Marcel;Championnat de France, D1;;;;FM_194849.docx
1948-1949;officiel;a_creer;1948-10-10;Lille OSC;FC Sochaux;3-1;14267;M. Jeudy;Championnat de France, D1;;;;FM_194849.docx
1948-1949;officiel;a_creer;1948-10-24;OGC Nice;FC Sochaux;5-4;13283;M. Sdez Victor;Championnat de France, D1;;;;FM_194849.docx
1948-1949;officiel;a_creer;1948-10-31;FC Sochaux;Stade Rennes UC;3-1;6122;M. Boes Léon;Championnat de France, D1;;;;FM_194849.docx
1948-1949;officiel;a_creer;1948-11-07;AS Saint-Etienne;FC Sochaux;1-1;12847;M. Tranchon R.;Championnat de France, D1;;;;FM_194849.docx
1948-1949;officiel;a_creer;1948-11-14;FC Sochaux;FC Sète;7-0;5603;M. Roger;Championnat de France, D1;;;;FM_194849.docx
1948-1949;officiel;a_creer;1948-11-21;FC Sochaux;Stade Français-Red Star;0-2;5890;M. Vincenti Raymond;Championnat de France, D1;;;;FM_194849.docx
1948-1949;officiel;a_creer;1948-11-28;FC Metz;FC Sochaux;4-1;7000;M. Duruble René;Championnat de France, D1;;;;FM_194849.docx
1948-1949;officiel;a_creer;1948-12-05;Toulouse FC;FC Sochaux;3-0;6000;M. Fauquemberghe Louis;Championnat de France, D1;;;;FM_194849.docx
1948-1949;officiel;a_creer;1948-12-19;FC Sochaux;RC Strasbourg;3-0;3907;M. Tordjmann G.;Championnat de France, D1;;;;FM_194849.docx
1948-1949;officiel;a_creer;1948-12-26;AS Cannes;FC Sochaux;1-1;6088;M. Fauquemberghe Louis;Championnat de France, D1;;;;FM_194849.docx
1948-1949;officiel;a_creer;1949-01-09;Stade Mont-de-Marsan(CFA;D3) - FC Sochaux;0-2;;;Coupe de France;;;;FM_194849.docx
1948-1949;officiel;a_creer;1949-01-16;Ol. Marseille;FC Sochaux;3-1;18133;M. Maître;Championnat de France, D1;;;;FM_194849.docx
1948-1949;officiel;a_creer;1949-01-23;FC Sochaux;CO Roubaix-Tourcoing;5-1;5269;M. Oliva P.;Championnat de France, D1;;;;FM_194849.docx
1948-1949;officiel;a_creer;1949-01-30;Stade Reims(D1);FC Sochaux;2-1;;M. Vincenti Raymond;Coupe de France;;;;FM_194849.docx
1948-1949;officiel;a_creer;1949-02-06;RC Paris;FC Sochaux;0-1;24863;M. Veyret M.;Championnat de France, D1;;;;FM_194849.docx
1948-1949;officiel;a_creer;1949-02-13;FC Sochaux;FC Nancy;3-2;3474;M. Cogneau;Championnat de France, D1;;;;FM_194849.docx
1948-1949;officiel;a_creer;1949-02-20;SR Colmar;FC Sochaux;0-3;6383;M. Bureau;Championnat de France, D1;;;;FM_194849.docx
1948-1949;officiel;a_creer;1949-02-28;FC Sochaux;SO Montpellier;4-2;5423;M. Rideau Jean-Louis;Championnat de France, D1;;;;FM_194849.docx
1948-1949;officiel;a_creer;1949-03-06;Stade Rennes UC;FC Sochaux;1-0;5435;M. Boés Léon;Championnat de France, D1;;;;FM_194849.docx
1948-1949;officiel;a_creer;1949-03-13;FC Sochaux;OGC Nice;2-0;8044;M. Tordjmann G.;Championnat de France, D1;;;;FM_194849.docx
1948-1949;officiel;a_creer;1949-03-27;FC Sète;FC Sochaux;3-0;3397;M. Lauga J.;Championnat de France, D1;;;;FM_194849.docx
1948-1949;officiel;a_creer;1949-04-14;FC Sochaux;AS Saint-Etienne;6-0;3900;M. Harzig Edouard;Championnat de France, D1;;;;FM_194849.docx
1948-1949;officiel;a_creer;1949-04-17;Stade Reims;FC Sochaux;2-2;9512;M. Kölher C.;Championnat de France, D1;;;;FM_194849.docx
1948-1949;officiel;a_creer;1949-05-01;FC Sochaux;Lille OSC;1-3;15022;M. Boés Léon;Championnat de France, D1;;;;FM_194849.docx
1948-1949;officiel;a_creer;1949-05-14;Stade Français-Red Star;FC Sochaux;2-2;8580;M. Lequesne Marcel;Championnat de France, D1;;;;FM_194849.docx
1948-1949;officiel;a_creer;1949-05-29;FC Sochaux;FC Metz;2-1;5271;M. Vincenti Raymond;Championnat de France, D1;;;;FM_194849.docx
1949-1950;officiel;a_creer;1949-08-21;FC Sochaux;RC Paris;0-2;7000;M. Harzig Edouard;Championnat de France,D1;;;;FM_194950.docx
1949-1950;officiel;a_creer;1949-08-28;RC Strasbourg;FC Sochaux;0-1;14314;M. Flament Jacques;Championnat de France,D1;;;;FM_194950.docx
1949-1950;officiel;a_creer;1949-09-04;FC Sochaux;Stade Rennes UC;2-1;4878;M. Tranchon René;Championnat de France,D1;;;;FM_194950.docx
1949-1950;officiel;a_creer;1949-09-11;RC Lens;FC Sochaux;1-2;11700;M. Köhler Camille;Championnat de France,D1;;;;FM_194950.docx
1949-1950;officiel;a_creer;1949-09-18;FC Sochaux;FC Sète;8-1;5715;M. Dufosse Virgile;Championnat de France,D1;;;;FM_194950.docx
1949-1950;officiel;a_creer;1949-09-22;Toulouse FC;FC Sochaux;0-0;8350;M. Lesenne;Championnat de France,D1;;;;FM_194950.docx
1949-1950;officiel;a_creer;1949-09-25;FC Sochaux;CO Roubaix-Tourcoing;1-1;7939;M. Berthel Charles;Championnat de France,D1;;;;FM_194950.docx
1949-1950;officiel;a_creer;1949-10-02;FC Metz;FC Sochaux;0-2;9400;M. Lequesne Marcel;Championnat de France,D1;;;;FM_194950.docx
1949-1950;officiel;a_creer;1949-10-16;OGC Nice;FC Sochaux;5-0;13249;M. Garrau Fernand;Championnat de France,D1;;;;FM_194950.docx
1949-1950;officiel;a_creer;1949-10-23;FC Sochaux;AS Saint-Etienne;6-2;7000;M. Fauquemberghe Louis;Championnat de France,D1;;;;FM_194950.docx
1949-1950;officiel;a_creer;1949-11-06;Stade Reims;FC Sochaux;5-3;9864;M. Sdez Victor;Championnat de France,D1;;;;FM_194950.docx
1949-1950;officiel;a_creer;1949-11-20;FC Sochaux;Stade Français-Red Star;1-2;4662;M. Duruble René;Championnat de France,D1;;;;FM_194950.docx
1949-1950;officiel;a_creer;1949-11-27;Ol. Marseille;FC Sochaux;3-0;11425;M. Lauga Jean;Championnat de France,D1;;;;FM_194950.docx
1949-1950;officiel;a_creer;1949-12-04;FC Sochaux;SO Montpellier;2-2;4132;M. Harizg Edouard;Championnat de France,D1;;;;FM_194950.docx
1949-1950;officiel;a_creer;1949-12-18;FC Sochaux;FC Nancy;3-4;3500;M. Sautel Robert;Championnat de France,D1;;;;FM_194950.docx
1949-1950;officiel;a_creer;1949-12-25;Girondins Bordeaux FC;FC Sochaux;2-1;10117;M. Lieuze Georges;Championnat de France,D1;;;;FM_194950.docx
1949-1950;officiel;a_creer;1950-01-01;Lille OSC;FC Sochaux;2-0;8083;M. Hautot;Championnat de France,D1;;;;FM_194950.docx
1949-1950;officiel;a_creer;1950-01-08;EA Guingamp(L);FC Sochaux;1-5;;;Coupe de France;;;;FM_194950.docx
1949-1950;officiel;a_creer;1950-01-15;FC Sochaux;RC Strasbourg;0-0;5761;M. Sdez Victor;Championnat de France,D1;;;;FM_194950.docx
1949-1950;officiel;a_creer;1950-01-22;Stade Rennes UC;FC Sochaux;1-2;6715;M. Garrau Fernand;Championnat de France,D1;;;;FM_194950.docx
1949-1950;officiel;a_creer;1950-01-29;FC Sochaux;RC Lens;1-0;2616;M. Lieuze Georges;Championnat de France,D1;;;;FM_194950.docx
1949-1950;officiel;a_creer;1950-02-05;SC La Bastide(L);FC Sochaux;0-3;;;Coupe de France;;;;FM_194950.docx
1949-1950;officiel;a_creer;1950-02-12;FC Sète;FC Sochaux;1-2;3373;M. Köhler Camille;Championnat de France,D1;;;;FM_194950.docx
1949-1950;officiel;a_creer;1950-02-16;FC Sochaux;Toulouse FC;1-2;5411;M. Richet;Championnat de France,D1;;;;FM_194950.docx
1949-1950;officiel;a_creer;1950-02-19;CO Roubaix-Tourcoing;FC Sochaux;0-2;7661;M. Oliva Paul;Championnat de France,D1;;;;FM_194950.docx
1949-1950;officiel;a_creer;1950-02-26;Le Havre AC(D2);FC Sochaux;0-2;;;Coupe de France;;;;FM_194950.docx
1949-1950;officiel;a_creer;1950-03-05;FC Sochaux;FC Metz;3-1;4262;M. Jeudy;Championnat de France,D1;;;;FM_194950.docx
1949-1950;officiel;a_creer;1950-03-12;FC Sochaux;OGC Nice;0-3;5908;M. Vogt Charles;Championnat de France,D1;;;;FM_194950.docx
1949-1950;officiel;a_creer;1950-03-19;Nîmes Ol.(D2);FC Sochaux;4-3;;;Coupe de France;;;;FM_194950.docx
1949-1950;officiel;a_creer;1950-03-26;AS Saint-Etienne;FC Sochaux;1-0;7505;M. Lauga Jean;Championnat de France,D1;;;;FM_194950.docx
1949-1950;officiel;a_creer;1950-03-28;RC Paris;FC Sochaux;2-1;11189;M. Bureau;Championnat de France,D1;;;;FM_194950.docx
1949-1950;officiel;a_creer;1950-04-09;FC Sochaux;Stade Reims;2-0;6926;M. Hautot;Championnat de France,D1;;;;FM_194950.docx
1949-1950;officiel;a_creer;1950-04-15;Stade Français-Red Star;FC Sochaux;2-5;13799;M. Bermès Albert;Championnat de France,D1;;;;FM_194950.docx
1949-1950;officiel;a_creer;1950-04-23;FC Sochaux;Ol. Marseille;4-0;5790;M. Fontaine René;Championnat de France,D1;;;;FM_194950.docx
1949-1950;officiel;a_creer;1950-04-30;SO Montpellier;FC Sochaux;1-4;6325;M. Le Foll Marcel;Championnat de France,D1;;;;FM_194950.docx
1949-1950;officiel;a_creer;1950-05-07;FC Sochaux;Lille OSC;3-1;11960;M. Köhler Camille;Championnat de France,D1;;;;FM_194950.docx
1949-1950;officiel;a_creer;1950-05-14;FC Nancy;FC Sochaux;0-0;8765;M. Malle;Championnat de France,D1;;;;FM_194950.docx
1949-1950;officiel;a_creer;1950-05-21;FC Sochaux;Girondins Bordeaux FC;3-3;14871;M. Harzig Edouard;Championnat de France,D1;;;;FM_194950.docx
1950-1951;amical;a_creer;1950-08-05;FC Sochaux;AS Audincourt;4-0;;;Amical;;;;AM_195051.doc
1950-1951;officiel;a_creer;1950-08-27;RC Paris;FC Sochaux;4-1;15600;M. Dufosse Virgile;Championnat de France, D1;;;;FM_195051.docx
1950-1951;officiel;a_creer;1950-09-03;FC Sochaux;Lille OSC;0-4;9975;M. Garrau Fernand;Championnat de France, D1;;;;FM_195051.docx
1950-1951;officiel;a_creer;1950-09-10;FC Sète;FC Sochaux;1-1;5096;M. Bureau;Championnat de France, D1;;;;FM_195051.docx
1950-1951;officiel;a_creer;1950-09-17;FC Sochaux;OGC Nice;3-2;5594;M. Le Foll Marcel;Championnat de France, D1;;;;FM_195051.docx
1950-1951;officiel;a_creer;1950-09-21;RC Lens;FC Sochaux;3-1;5372;M. Sautel Robert;Championnat de France, D1;;;;FM_195051.docx
1950-1951;officiel;a_creer;1950-09-24;FC Sochaux;FC Nancy;3-3;4875;M. Boes Léon;Championnat de France, D1;;;;FM_195051.docx
1950-1951;officiel;a_creer;1950-10-01;FC Sochaux;AS Saint-Etienne;0-2;5018;M. Oliva Paul;Championnat de France, D1;;;;FM_195051.docx
1950-1951;officiel;a_creer;1950-10-08;Stade Rennes UC;FC Sochaux;2-1;7085;M. Vincenti Raymond;Championnat de France, D1;;;;FM_195051.docx
1950-1951;officiel;a_creer;1950-10-15;FC Sochaux;Stade Reims;2-0;6480;M. Tordjmann Gabriel;Championnat de France, D1;;;;FM_195051.docx
1950-1951;officiel;a_creer;1950-10-22;Girondins Bordeaux FC;FC Sochaux;3-1;15448;M. Garrau Fernand;Championnat de France, D1;;;;FM_195051.docx
1950-1951;officiel;a_creer;1950-10-29;CO Roubaix-Tourcoing;FC Sochaux;1-2;5092;M. Berthel Charles;Championnat de France, D1;;;;FM_195051.docx
1950-1951;officiel;a_creer;1950-11-05;FC Sochaux;RC Strasbourg;5-0;12910;M. Harzig Edouard;Championnat de France, D1;;;;FM_195051.docx
1950-1951;officiel;a_creer;1950-11-19;Toulouse FC;FC Sochaux;0-2;9200;M. Oliva Paul;Championnat de France, D1;;;;FM_195051.docx
1950-1951;officiel;a_creer;1950-11-23;FC Sochaux;Ol. Marseille;1-2;4815;M. Maître;Championnat de France, D1;;;;FM_195051.docx
1950-1951;officiel;a_creer;1950-12-05;Le Havre AC;FC Sochaux;3-1;5838;M. Le Men Corentin;Championnat de France, D1;;;;FM_195051.docx
1950-1951;officiel;a_creer;1950-12-17;FC Sochaux;Nîmes Ol.;4-0;3338;M. Bermès Albert;Championnat de France, D1;;;;FM_195051.docx
1950-1951;officiel;a_creer;1950-12-24;FC Sochaux;RC Paris;0-1;3528;M. Devautour Alfred;Championnat de France, D1;;;;FM_195051.docx
1950-1951;officiel;a_creer;1950-12-28;FC Sochaux;Stade Français-Red Star;0-1;2041;M. Bermès Albert;Championnat de France, D1;;;;FM_195051.docx
1950-1951;officiel;a_creer;1950-12-31;Lille OSC;FC Sochaux;2-1;4698;M. Malle;Championnat de France, D1;;;;FM_195051.docx
1950-1951;officiel;a_creer;1951-01-14;Le Mans UC(D2);FC Sochaux;0-1;;;Coupe de France;;;;FM_195051.docx
1950-1951;officiel;a_creer;1951-01-21;OGC Nice;FC Sochaux;2-1;15909;M. Devautour Alfred;Championnat de France, D1;;;;FM_195051.docx
1950-1951;officiel;a_creer;1951-01-28;FC Sochaux;RC Lens;3-2;4155;M. Berthel Charles;Championnat de France, D1;;;;FM_195051.docx
1950-1951;officiel;a_creer;1951-02-04;Lille OSC(D1);FC Sochaux;1-0;;;Coupe de France;;;;FM_195051.docx
1950-1951;officiel;a_creer;1951-02-11;FC Nancy;FC Sochaux;3-4;7279;M. Tordjmann Gabriel;Championnat de France, D1;;;;FM_195051.docx
1950-1951;officiel;a_creer;1951-02-18;AS Saint-Etienne;FC Sochaux;3-0;10698;M. Oliva Paul;Championnat de France, D1;;;;FM_195051.docx
1950-1951;officiel;a_creer;1951-02-25;FC Sochaux;FC Sète;1-0;5480;M. Dufosse Virgile;Championnat de France, D1;;;;FM_195051.docx
1950-1951;officiel;a_creer;1951-03-04;FC Sochaux;Stade Rennes UC;2-2;5328;M. Devillers Jacques;Championnat de France, D1;;;;FM_195051.docx
1950-1951;officiel;a_creer;1951-03-11;Stade Reims;FC Sochaux;3-1;6751;M. Bermès Albert;Championnat de France, D1;;;;FM_195051.docx
1950-1951;officiel;a_creer;1951-03-25;FC Sochaux;Girondins Bordeaux FC;1-0;4667;M. Köhler Camille;Championnat de France, D1;;;;FM_195051.docx
1950-1951;officiel;a_creer;1951-04-01;FC Sochaux;CO Roubaix-Tourcoing;1-1;6876;M. Vincenti Raymond;Championnat de France, D1;;;;FM_195051.docx
1950-1951;officiel;a_creer;1951-04-08;RC Strasbourg;FC Sochaux;2-0;13403;M. Le Foll Marcel;Championnat de France, D1;;;;FM_195051.docx
1950-1951;officiel;a_creer;1951-04-22;Ol. Marseille;FC Sochaux;0-0;10072;M. Garrau Fernand;Championnat de France, D1;;;;FM_195051.docx
1950-1951;officiel;a_creer;1951-04-29;FC Sochaux;Toulouse FC;2-1;4523;M. Tranchon René;Championnat de France, D1;;;;FM_195051.docx
1950-1951;officiel;a_creer;1951-05-05;Stade Français-Red Star;FC Sochaux;0-3;5340;M. Sautel Robert;Championnat de France, D1;;;;FM_195051.docx
1950-1951;officiel;a_creer;1951-05-20;FC Sochaux;Le Havre AC;1-0;10440;M. Tordjmann Gabriel;Championnat de France, D1;;;;FM_195051.docx
1950-1951;officiel;a_creer;1951-05-27;Nîmes Ol.;FC Sochaux;3-3;10456;M. Dufosse Virgile;Championnat de France, D1;;;;FM_195051.docx
1951-1952;amical;a_creer;1951-08-18;First Vienna(Aut.);FC Bâle(Sui.);3-2;;;Demi-finale;;;;AM_195152.docx
1951-1952;amical;a_creer;1951-08-18;Grasshoppers Zurich(Sui.);FC Sochaux;2-2;;;Demi-finale;;;;AM_195152.docx
1951-1952;amical;a_creer;1951-08-19;FC Bâle(Sui.);FC Sochaux;1-7;;;Match pour la 3ème place;;;;AM_195152.docx
1951-1952;amical;a_creer;1951-08-19;Grasshoppers Zurich (Sui.);First Vienna;2-4;;;Finale;;;;AM_195152.docx
1951-1952;officiel;a_creer;1951-08-26;FC Sochaux;OGC Nice;2-0;10072;M. Coignet Noël;Championnat de France, D1;;;;FM_195152.docx
1951-1952;officiel;a_creer;1951-09-02;FC Sochaux;CO Roubaix-Tourcoing;1-2;8277;M. Oliva Paul;Championnat de France, D1;;;;FM_195152.docx
1951-1952;officiel;a_creer;1951-09-09;RC Lens;FC Sochaux;3-1;10696;M. Bermès Albert;Championnat de France, D1;;;;FM_195152.docx
1951-1952;officiel;a_creer;1951-09-13;FC Sochaux;FC Nancy;3-1;4713;M. Berthel Charles;Championnat de France, D1;;;;FM_195152.docx
1951-1952;officiel;a_creer;1951-09-16;FC Sochaux;Stade Rennes UC;5-1;7422;M. Kölher Camille;Championnat de France, D1;;;;FM_195152.docx
1951-1952;officiel;a_creer;1951-09-23;Girondins Bordeaux FC;FC Sochaux;2-1;13994;M. Tordjmann Gabriel;Championnat de France, D1;;;;FM_195152.docx
1951-1952;officiel;a_creer;1951-09-30;Nîmes Ol.;FC Sochaux;3-1;13287;M. Dufosse Virgile;Championnat de France, D1;;;;FM_195152.docx
1951-1952;officiel;a_creer;1951-10-07;FC Sochaux;AS Saint-Etienne;1-1;8075;M. Le Foll Marcel;Championnat de France, D1;;;;FM_195152.docx
1951-1952;officiel;a_creer;1951-10-18;FC Sète;FC Sochaux;3-1;3109;M. Harzig Edouard;Championnat de France, D1;;;;FM_195152.docx
1951-1952;officiel;a_creer;1951-10-21;FC Sochaux;Ol. Lyon;2-0;6604;M. Lauga Jean;Championnat de France, D1;;;;FM_195152.docx
1951-1952;officiel;a_creer;1951-10-28;Ol. Marseille;FC Sochaux;1-1;13247;M. Boes Léon;Championnat de France, D1;;;;FM_195152.docx
1951-1952;officiel;a_creer;1951-11-04;FC Sochaux;RC Paris;1-0;10080;M. Sautel Robert;Championnat de France, D1;;;;FM_195152.docx
1951-1952;officiel;a_creer;1951-11-11;RC Strasbourg;FC Sochaux;1-1;18638;M. Berthel Charles;Championnat de France, D1;;;;FM_195152.docx
1951-1952;officiel;a_creer;1951-11-18;FC Sochaux;Le Havre AC;0-1;9248;M. Dufosse Virgile;Championnat de France, D1;;;;FM_195152.docx
1951-1952;officiel;a_creer;1951-11-25;FC Metz;FC Sochaux;3-1;4800;M. Tranchon René;Championnat de France, D1;;;;FM_195152.docx
1951-1952;officiel;a_creer;1951-12-02;FC Sochaux;Stade Reims;4-1;7984;M. Tordjmann Gabriel;Championnat de France, D1;;;;FM_195152.docx
1951-1952;officiel;a_creer;1951-12-09;Lille OSC;FC Sochaux;7-3;10376;M. Garrau Fernand;Championnat de France, D1;;;;FM_195152.docx
1951-1952;officiel;a_creer;1951-12-16;OGC Nice;FC Sochaux;0-1;14887;M. Jeudy;Championnat de France, D1;;;;FM_195152.docx
1951-1952;officiel;a_creer;1951-12-23;CO Roubaix-Tourcoing;FC Sochaux;2-0;6924;M. Le Men Corentin;Championnat de France, D1;;;;FM_195152.docx
1951-1952;officiel;a_creer;1951-12-30;FC Sochaux;RC Lens;3-1;5311;M. Berthel Charles;Championnat de France, D1;;;;FM_195152.docx
1951-1952;officiel;a_creer;1952-01-06;FC Nancy;FC Sochaux;2-1;9268;M. Coignet Noël;Championnat de France, D1;;;;FM_195152.docx
1951-1952;officiel;a_creer;1952-01-13;Ol. Alès(D2);FC Sochaux;0-7;;;Coupe de France;;;;FM_195152.docx
1951-1952;officiel;a_creer;1952-01-20;Stade Rennes UC;FC Sochaux;5-1;7317;M. Bermès Albert;Championnat de France, D1;;;;FM_195152.docx
1951-1952;officiel;a_creer;1952-02-03;SO Montpellier(D2);FC Sochaux;0-3;;;Coupe de France;;;;FM_195152.docx
1951-1952;officiel;a_creer;1952-02-10;FC Sochaux;Nîmes Ol.;2-0;3490;M. Köhler Camille;Championnat de France, D1;;;;FM_195152.docx
1951-1952;officiel;a_creer;1952-02-14;FC Sochaux;Girondins Bordeaux FC;0-2;3920;M. Harzig Edouard;Championnat de France, D1;;;;FM_195152.docx
1951-1952;officiel;a_creer;1952-02-17;AS Saint-Etienne;FC Sochaux;4-1;5816;M. Devillers Jacques;Championnat de France, D1;;;;FM_195152.docx
1951-1952;officiel;a_creer;1952-02-24;FC Roche-la-Molière(CFA);FC Sochaux;0-5;;;Coupe de France;;;;FM_195152.docx
1951-1952;officiel;a_creer;1952-03-02;FC Sochaux;FC Sète;0-3;6323;M. Le Men Corentin;Championnat de France, D1;;;;FM_195152.docx
1951-1952;officiel;a_creer;1952-03-09;Ol. Lyon;FC Sochaux;0-0;12029;M. Jeudy;Championnat de France, D1;;;;FM_195152.docx
1951-1952;officiel;a_creer;1952-03-16;FC Rouen(D2);FC Sochaux;2-1;;M. Boes Léon;Coupe de France;;;;FM_195152.docx
1951-1952;officiel;a_creer;1952-03-23;FC Sochaux;Ol. Marseille;1-1;5887;M. Maître;Championnat de France, D1;;;;FM_195152.docx
1951-1952;officiel;a_creer;1952-03-30;RC Paris;FC Sochaux;0-4;8244;M. Berthel Charles;Championnat de France, D1;;;;FM_195152.docx
1951-1952;officiel;a_creer;1952-04-13;FC Sochaux;RC Strasbourg;0-1;5938;M. Fauquemberghe Louis;Championnat de France, D1;;;;FM_195152.docx
1951-1952;officiel;a_creer;1952-04-26;Le Havre AC;FC Sochaux;1-2;9400;M. Tranchon René;Championnat de France, D1;;;;FM_195152.docx
1951-1952;officiel;a_creer;1952-05-11;FC Sochaux;FC Metz;0-0;6011;M. Boes Léon;Championnat de France, D1;;;;FM_195152.docx
1951-1952;officiel;a_creer;1952-05-18;Stade Reims;FC Sochaux;1-5;6275;M. Coignet Noël;Championnat de France, D1;;;;FM_195152.docx
1951-1952;officiel;a_creer;1952-05-25;FC Sochaux;Lille OSC;1-1;12337;M. Tordjmann Gabriel;Championnat de France, D1;;;;FM_195152.docx
1951-1952;amical;a_creer;1952-06-15;FC Sochaux;Ol. Marseille;7-0;;;Amical;;;;AM_195152.docx
1952-1953;officiel;a_creer;1952-08-24;FC Sète;FC Sochaux;0-0;7283;M. Le Foll Marcel;Championnat de France, D1;;;;FM_195253.docx
1952-1953;officiel;a_creer;1952-08-31;FC Sochaux;RC Paris;3-3;8468;M. Malle;Championnat de France, D1;;;;FM_195253.docx
1952-1953;officiel;a_creer;1952-09-07;Girondins Bordeaux FC;FC Sochaux;4-1;11685;M. Berthel Charles;Championnat de France, D1;;;;FM_195253.docx
1952-1953;officiel;a_creer;1952-09-11;FC Sochaux;Stade Français;1-3;3361;M. Guigue Maurice;Championnat de France, D1;;;;FM_195253.docx
1952-1953;officiel;a_creer;1952-09-14;FC Sochaux;FC Nancy;1-0;4814;M. Panavières Edouard;Championnat de France, D1;;;;FM_195253.docx
1952-1953;officiel;a_creer;1952-09-21;Nîmes Ol.;FC Sochaux;2-0;9304;M. Garrau Fernand;Championnat de France, D1;;;;FM_195253.docx
1952-1953;officiel;a_creer;1952-09-28;FC Sochaux;OGC Nice;3-2;8026;M. Lauga Jean;Championnat de France, D1;;;;FM_195253.docx
1952-1953;officiel;a_creer;1952-10-09;Stade Rennes UC;FC Sochaux;1-1;7720;M. Lequesne Marcel;Championnat de France, D1;;;;FM_195253.docx
1952-1953;officiel;a_creer;1952-10-12;CO Roubaix-Tourcoing;FC Sochaux;2-2;7798;M. Tranchon René;Championnat de France, D1;;;;FM_195253.docx
1952-1953;officiel;a_creer;1952-10-26;FC Sochaux;RC Lens;1-0;5312;M. Oliva Paul;Championnat de France, D1;;;;FM_195253.docx
1952-1953;officiel;a_creer;1952-11-02;Stade Reims;FC Sochaux;3-0;9112;M. Vincenti Raymond;Championnat de France, D1;;;;FM_195253.docx
1952-1953;officiel;a_creer;1952-11-09;FC Sochaux;SO Montpellier;2-1;4476;M. Lequesne Marcel;Championnat de France, D1;;;;FM_195253.docx
1952-1953;officiel;a_creer;1952-11-23;FC Sochaux;Ol. Marseille;2-1;6260;M. Lauga Jean;Championnat de France, D1;;;;FM_195253.docx
1952-1953;officiel;a_creer;1952-11-30;Le Havre AC;FC Sochaux;2-2;9218;M. Dufosse Virgile;Championnat de France, D1;;;;FM_195253.docx
1952-1953;officiel;a_creer;1952-12-07;FC Sochaux;AS Saint-Etienne;3-0;3956;M. Garrau Fernand;Championnat de France, D1;;;;FM_195253.docx
1952-1953;officiel;a_creer;1952-12-14;Lille OSC;FC Sochaux;3-1;9691;M. Bermès Albert;Championnat de France, D1;;;;FM_195253.docx
1952-1953;officiel;a_creer;1952-12-21;FC Sochaux;FC Metz;1-1;4021;M. Bureloux Joseph;Championnat de France, D1;;;;FM_195253.docx
1952-1953;officiel;a_creer;1952-12-28;FC Sochaux;FC Sète;4-2;6535;M. Panavières Edouard;Championnat de France, D1;;;;FM_195253.docx
1952-1953;officiel;a_creer;1953-01-11;FC Sochaux;Girondins Bordeaux FC;8-2;8371;M. Harzig Edouard;Championnat de France, D1;;;;FM_195253.docx
1952-1953;officiel;a_creer;1953-01-18;CO Roubaix-Tourcoing(D1);FC Sochaux;0-1;;;Coupe de France;;;;FM_195253.docx
1952-1953;officiel;a_creer;1953-01-25;Stade Français;FC Sochaux;1-2;18894;M. Guigue Maurice;Championnat de France, D1;;;;FM_195253.docx
1952-1953;officiel;a_creer;1953-02-01;FC Nancy;FC Sochaux;1-2;6213;M. Harzig Edouard;Championnat de France, D1;;;;FM_195253.docx
1952-1953;officiel;a_creer;1953-02-08;AS Saint-Etienne(D1);FC Sochaux;2-0;;;Coupe de France;;;;FM_195253.docx
1952-1953;officiel;a_creer;1953-02-12;RC Paris;FC Sochaux;2-1;9648;M. Tranchon René;Championnat de France, D1;;;;FM_195253.docx
1952-1953;officiel;a_creer;1953-02-15;FC Sochaux;Nîmes Ol.;1-1;5962;M. Le Men Corentin;Championnat de France, D1;;;;FM_195253.docx
1952-1953;officiel;a_creer;1953-02-22;OGC Nice;FC Sochaux;5-3;12460;M. Bureloux Joseph;Championnat de France, D1;;;;FM_195253.docx
1952-1953;officiel;a_creer;1953-03-01;FC Sochaux;Girondins Bordeaux FC(D1);3-0;5748;M. Schwinte Pierre;Coupe Charles Drago;;;;FM_195253.docx
1952-1953;officiel;a_creer;1953-03-08;FC Sochaux;Stade Rennes UC;2-0;6211;M. Lequesne Marcel;Championnat de France, D1;;;;FM_195253.docx
1952-1953;officiel;a_creer;1953-03-15;FC Sochaux;CO Roubaix-Tourcoing;3-1;7322;M. Fauquemberghe Louis;Championnat de France, D1;;;;FM_195253.docx
1952-1953;officiel;a_creer;1953-03-22;RC Lens;FC Sochaux;5-1;12625;M. Bermès Albert;Championnat de France, D1;;;;FM_195253.docx
1952-1953;officiel;a_creer;1953-03-29;FC Sochaux;Le Havre AC(D1);7-2;3833;M. Bermès Albert;Coupe Charles Drago;;;;FM_195253.docx
1952-1953;officiel;a_creer;1953-04-05;FC Sochaux;Stade Reims;1-0;17144;M. Le Foll Marcel;Championnat de France, D1;;;;FM_195253.docx
1952-1953;officiel;a_creer;1953-04-12;SO Montpellier;FC Sochaux;2-3;7093;M. Huet Marcel;Championnat de France, D1;;;;FM_195253.docx
1952-1953;officiel;a_creer;1953-04-19;Ol. Marseille;FC Sochaux;1-6;15678;M. Lauga Jean;Championnat de France, D1;;;;FM_195253.docx
1952-1953;officiel;a_creer;1953-04-26;FC Nantes(D2);FC Sochaux -;3-4;6000;M. Vallarino Ricardo(Uru.);Coupe Charles Drago;;;;FM_195253.docx
1952-1953;officiel;a_creer;1953-05-03;FC Sochaux;Le Havre AC;3-2;6483;M. Le Men Corentin;Championnat de France, D1;;;;FM_195253.docx
1952-1953;officiel;a_creer;1953-05-10;AS Saint-Etienne;FC Sochaux;1-3;12364;M. Dufosse Virgile;Championnat de France, D1;;;;FM_195253.docx
1952-1953;officiel;a_creer;1953-05-17;FC Sochaux;Lille OSC;3-3;18650;M. Berthel Charles;Championnat de France, D1;;;;FM_195253.docx
1952-1953;officiel;a_creer;1953-05-24;FC Metz;FC Sochaux;1-2;4908;M. Köhler Camille;Championnat de France, D1;;;;FM_195253.docx
1952-1953;officiel;a_creer;1953-05-31;FC Sochaux;RC Paris(D1);4-2;3816;M. Franck Charles;Coupe Charles Drago;;;;FM_195253.docx
1953-1954;officiel;a_creer;1953-08-23;FC Sochaux;Girondins Bordeaux FC;1-1;6839;M. Barberan José;Championnat de France,D1;;;;FM_195354.docx
1953-1954;officiel;a_creer;1953-08-30;Stade Reims;FC Sochaux;4-1;9093;M. Le Men Corentin;Championnat de France,D1;;;;FM_195354.docx
1953-1954;officiel;a_creer;1953-09-06;FC Metz;FC Sochaux;1-1;7690;M. Miel André;Championnat de France,D1;;;;FM_195354.docx
1953-1954;officiel;a_creer;1953-09-10;FC Sochaux;Le Havre AC;0-1;4090;M. Husson Marcel;Championnat de France,D1;;;;FM_195354.docx
1953-1954;officiel;a_creer;1953-09-13;Lille OSC;FC Sochaux;0-0;11486;M. Oliva Paul;Championnat de France,D1;;;;FM_195354.docx
1953-1954;officiel;a_creer;1953-09-27;FC Sochaux;AS Saint-Etienne;1-2;6590;M. Eurdekian François;Championnat de France,D1;;;;FM_195354.docx
1953-1954;officiel;a_creer;1953-10-08;AS Monaco;FC Sochaux;0-0;6178;M. Bureloux Joseph;Championnat de France,D1;;;;FM_195354.docx
1953-1954;officiel;a_creer;1953-10-11;FC Sochaux;Toulouse FC;1-3;6409;M. Bondon Maurice;Championnat de France,D1;;;;FM_195354.docx
1953-1954;officiel;a_creer;1953-10-25;Nîmes Ol.;FC Sochaux;4-1;5061;M. Bermès Albert;Championnat de France,D1;;;;FM_195354.docx
1953-1954;officiel;a_creer;1953-11-01;FC Sochaux;FC Nancy;7-1;5813;M. Kohler Camille;Championnat de France,D1;;;;FM_195354.docx
1953-1954;officiel;a_creer;1953-11-08;FC Sochaux;OL. Marseille;1-1;8851;M. Huet Marcel;Championnat de France,D1;;;;FM_195354.docx
1953-1954;officiel;a_creer;1953-11-15;FC Sète;FC Sochaux;0-0;3540;M. Dufosse Virgile;Championnat de France,D1;;;;FM_195354.docx
1953-1954;officiel;a_creer;1953-11-22;OGC Nice;FC Sochaux;4-1;15700;M. Caillaux;Championnat de France,D1;;;;FM_195354.docx
1953-1954;officiel;a_creer;1953-11-29;FC Sochaux;Stade Français;4-0;6889;M. Barberan José;Championnat de France,D1;;;;FM_195354.docx
1953-1954;officiel;a_creer;1953-12-06;RC Strasbourg;FC Sochaux;1-0;13591;M. Le Men Corentin;Championnat de France,D1;;;;FM_195354.docx
1953-1954;officiel;a_creer;1953-12-13;FC Sochaux;RC Lens;1-1;5952;M. Tranchon René;Championnat de France,D1;;;;FM_195354.docx
1953-1954;officiel;a_creer;1953-12-20;CO Roubaix-Tourcoing;FC Sochaux;1-1;5733;M. Sautel Robert;Championnat de France,D1;;;;FM_195354.docx
1953-1954;officiel;a_creer;1953-12-27;FC Sochaux;Lille OSC;2-2;7955;M. Bermès Albert;Championnat de France,D1;;;;FM_195354.docx
1953-1954;officiel;a_creer;1954-01-03;Girondins Bordeaux FC;FC Sochaux;7-1;14027;M. Bois Marcel;Championnat de France,D1;;;;FM_195354.docx
1953-1954;officiel;a_creer;1954-01-10;FC Sochaux;Stade Reims;1-3;3700;M. Guigue Maurice;Championnat de France,D1;;;;FM_195354.docx
1953-1954;officiel;a_creer;1954-01-17;FC Metz(D1);FC Sochaux;2-1;7501;;Coupe de France;;;;FM_195354.docx
1953-1954;officiel;a_creer;1954-01-24;FC Sochaux;FC Metz;3-0;3942;M. Berthel Charles;Championnat de France,D1;;;;FM_195354.docx
1953-1954;officiel;a_creer;1954-01-31;Toulouse FC;FC Sochaux;2-2;5803;M. Bécret René;Championnat de France,D1;;;;FM_195354.docx
1953-1954;officiel;a_creer;1954-02-07;AS Saint-Etienne;FC Sochaux;2-4;7264;M. Bermès Albert;Championnat de France,D1;;;;FM_195354.docx
1953-1954;officiel;a_creer;1954-02-14;CO Roubaix-Tourcoing(D1);FC Sochaux;0-4;;;Coupe Charles Drago;;;;FM_195354.docx
1953-1954;officiel;a_creer;1954-02-21;FC Sochaux;AS Monaco;1-0;7238;M. Harzig Edouard;Championnat de France,D1;;;;FM_195354.docx
1953-1954;officiel;a_creer;1954-02-28;Le Havre AC;FC Sochaux;2-1;6051;M. Tranchon René;Championnat de France,D1;;;;FM_195354.docx
1953-1954;officiel;a_creer;1954-03-07;FC Sochaux;AS Béziers(D2);5-1;;;Coupe Charles Drago;;;;FM_195354.docx
1953-1954;officiel;a_creer;1954-03-11;FC Sochaux;FC Sète;2-2;2607;M. Bondon Maurice;Championnat de France,D1;;;;FM_195354.docx
1953-1954;officiel;a_creer;1954-03-14;FC Sochaux;Nîmes Ol.;2-1;5860;M. Fauquemberghe Louis;Championnat de France,D1;;;;FM_195354.docx
1953-1954;officiel;a_creer;1954-03-21;FC Nancy;FC Sochaux;2-3;7664;M. Le Men Corentin;Championnat de France,D1;;;;FM_195354.docx
1953-1954;officiel;a_creer;1954-03-28;FC Sochaux;Red Star Ol.(D2);4-0;;;Coupe Charles Drago;;;;FM_195354.docx
1953-1954;officiel;a_creer;1954-04-04;Ol. Marseille;FC Sochaux;0-0;21582;M. Köhler Camille;Championnat de France,D1;;;;FM_195354.docx
1953-1954;officiel;a_creer;1954-04-15;FC Sochaux;RC Strasbourg;7-1;3862;M. Le Men Corentin;Championnat de France,D1;;;;FM_195354.docx
1953-1954;officiel;a_creer;1954-04-18;FC Sochaux;OGC Nice;4-1;7047;M. Garrau Fernand;Championnat de France,D1;;;;FM_195354.docx
1953-1954;officiel;a_creer;1954-04-25;Le Havre AC(D1);FC Sochaux;1-2;;M. Miel André;Coupe Charles Drago;;;;FM_195354.docx
1953-1954;officiel;a_creer;1954-05-02;Stade Français;FC Sochaux;4-1;14982;M. Eurdekian François;Championnat de France,D1;;;;FM_195354.docx
1953-1954;officiel;a_creer;1954-05-09;RC Lens;FC Sochaux;2-0;7446;M. Le Men Corentin;Championnat de France,D1;;;;FM_195354.docx
1953-1954;officiel;a_creer;1954-05-16;FC Sochaux;CO Roubaix-Tourcoing;0-1;4200;M. Sautel Robert;Championnat de France,D1;;;;FM_195354.docx
1953-1954;officiel;a_creer;1954-05-23;FC Sochaux;Lille OSC(D1);1-2;;;Coupe Charles Drago;;;;FM_195354.docx
1954-1955;officiel;a_creer;1954-08-22;Ol. Marseille;FC Sochaux;3-0;17116;M. Bureloux Joseph;Championnat de France, D1;;;;FM_195455.docx
1954-1955;officiel;a_creer;1954-08-29;FC Sochaux;Ol. Lyon;2-0;6525;M. Garrau Fernand;Championnat de France, D1;;;;FM_195455.docx
1954-1955;officiel;a_creer;1954-09-05;Girondins Bordeaux FC;FC Sochaux;1-2;10542;M. Fauquemberghe Louis;Championnat de France, D1;;;;FM_195455.docx
1954-1955;officiel;a_creer;1954-09-09;FC Sochaux;RC Paris;3-2;5411;M. Sautel Robert;Championnat de France, D1;;;;FM_195455.docx
1954-1955;officiel;a_creer;1954-09-12;FC Metz;FC Sochaux;1-0;9151;M. Zuszek Joseph;Championnat de France, D1;;;;FM_195455.docx
1954-1955;officiel;a_creer;1954-09-19;FC Sochaux;RC Lens;1-1;6681;M. Husson Marcel;Championnat de France, D1;;;;FM_195455.docx
1954-1955;officiel;a_creer;1954-09-26;FC Sochaux;AS Troyes-Savigny;0-0;5554;M. Harzig Edouard;Championnat de France, D1;;;;FM_195455.docx
1954-1955;officiel;a_creer;1954-09-30;CO Roubaix-Tourcoing;FC Sochaux;2-0;4276;M. Bermès Albert;Championnat de France, D1;;;;FM_195455.docx
1954-1955;officiel;a_creer;1954-10-03;Toulouse FC;FC Sochaux;2-1;11474;M. Lauga Jean;Championnat de France, D1;;;;FM_195455.docx
1954-1955;officiel;a_creer;1954-10-10;FC Sochaux;RC Strasbourg;1-2;9600;M. Dufosse Virgile;Championnat de France, D1;;;;FM_195455.docx
1954-1955;officiel;a_creer;1954-10-24;FC Sochaux;OGC Nice;4-1;6795;M. Lequesne Marcel;Championnat de France, D1;;;;FM_195455.docx
1954-1955;officiel;a_creer;1954-10-31;FC Nancy;FC Sochaux;2-2;9595;M. Zuszek Joseph;Championnat de France, D1;;;;FM_195455.docx
1954-1955;officiel;a_creer;1954-11-07;FC Sochaux;Lille OSC;1-2;7897;M. Devillers Jacques;Championnat de France, D1;;;;FM_195455.docx
1954-1955;officiel;a_creer;1954-11-14;AS Saint-Etienne;FC Sochaux;3-1;10319;M. Barberan José;Championnat de France, D1;;;;FM_195455.docx
1954-1955;officiel;a_creer;1954-11-21;FC Sochaux;Stade Reims;4-1;8061;M. Caillaux;Championnat de France, D1;;;;FM_195455.docx
1954-1955;officiel;a_creer;1954-12-05;FC Sochaux;AS Monaco;5-2;4458;M. Franck C.;Championnat de France, D1;;;;FM_195455.docx
1954-1955;officiel;a_creer;1954-12-12;FC Sochaux;Ol. Marseille;4-0;9252;M. Köhler Camille;Championnat de France, D1;;;;FM_195455.docx
1954-1955;officiel;a_creer;1954-12-16;Nîmes Ol.;FC Sochaux;2-1;7458;M. Fauquemberghe Louis;Championnat de France, D1;;;;FM_195455.docx
1954-1955;officiel;a_creer;1954-12-19;Ol. Lyon;FC Sochaux;3-2;11540;M. Tirant P.;Championnat de France, D1;;;;FM_195455.docx
1954-1955;officiel;a_creer;1954-12-26;FC Sochaux;Girondins Bordeaux FC;3-2;5122;M. Lequesne Marcel;Championnat de France, D1;;;;FM_195455.docx
1954-1955;officiel;a_creer;1955-01-02;RC Paris;FC Sochaux;0-3;17729;M. Dufosse Virgile;Championnat de France, D1;;;;FM_195455.docx
1954-1955;officiel;a_creer;1955-01-09;FC Sochaux;FC Metz;1-0;4882;M. Bondon Maurice;Championnat de France, D1;;;;FM_195455.docx
1954-1955;officiel;a_creer;1955-01-16;RC Lens;FC Sochaux;6-2;5676;M. Schwinte Pierre;Championnat de France, D1;;;;FM_195455.docx
1954-1955;officiel;a_creer;1955-01-23;FC Sochaux;CO Roubaix-Tourcoing;5-0;5067;M. Garrau Fernand;Championnat de France, D1;;;;FM_195455.docx
1954-1955;officiel;a_creer;1955-01-30;AS Troyes-Savigny;FC Sochaux;2-0;8541;M. Bermès Albert;Championnat de France, D1;;;;FM_195455.docx
1954-1955;officiel;a_creer;1955-02-06;CS Blénod(DH);FC Sochaux;0-3;;;Coupe de France;;;;FM_195455.docx
1954-1955;officiel;a_creer;1955-02-13;FC Sochaux;Toulouse FC;1-0;9135;M. Bécret René;Championnat de France, D1;;;;FM_195455.docx
1954-1955;officiel;a_creer;1955-02-20;RC Strasbourg;FC Sochaux;2-5;13959;M. Zuszek Joseph;Championnat de France, D1;;;;FM_195455.docx
1954-1955;officiel;a_creer;1955-02-27;OGC Nice;FC Sochaux;4-0;9787;M. Kohler Camille;Championnat de France, D1;;;;FM_195455.docx
1954-1955;officiel;a_creer;1955-03-06;US Maubeuge(CFA);FC Sochaux;0-4;;M. Schwinte Pierre;Coupe de France;;;;FM_195455.docx
1954-1955;officiel;a_creer;1955-03-13;FC Sochaux;FC Nancy;3-2;6900;M. Harzig Edouard;Championnat de France, D1;;;;FM_195455.docx
1954-1955;officiel;a_creer;1955-03-20;Lille OSC;FC Sochaux;0-0;8425;M. Fauquemberghe Louis;Championnat de France, D1;;;;FM_195455.docx
1954-1955;officiel;a_creer;1955-03-27;RC Strasbourg(D1);FC Sochaux;2-1;;M. Eurdékian François;Coupe de France;;;;FM_195455.docx
1954-1955;officiel;a_creer;1955-04-10;FC Sochaux;AS Saint-Etienne;0-0;6400;M. Tordjmann Gabriel;Championnat de France, D1;;;;FM_195455.docx
1954-1955;officiel;a_creer;1955-04-17;SCO Angers(D2);FC Sochaux;3-2;;;Coupe Charles Drago;;;;FM_195455.docx
1954-1955;officiel;a_creer;1955-04-24;Stade Reims;FC Sochaux;3-1;10261;M. Lequesne Marcel;Championnat de France, D1;;;;FM_195455.docx
1954-1955;officiel;a_creer;1955-05-01;FC Sochaux;Nîmes Ol.;6-2;4830;M. Devillers Jacques;Championnat de France, D1;;;;FM_195455.docx
1954-1955;officiel;a_creer;1955-05-21;AS Monaco;FC Sochaux;0-0;1905;M. Bondon Maurice;Championnat de France, D1;;;;FM_195455.docx
1955-1956;officiel;a_creer;1955-08-21;FC Metz;FC Sochaux;3-1;9558;M. Nisse Roger;Championnat de France, D1;;;;FM_195556.docx
1955-1956;officiel;a_creer;1955-08-28;FC Sochaux;AS Troyes-Savigny;5-1;5592;M. Husson M.;Championnat de France, D1;;;;FM_195556.docx
1955-1956;officiel;a_creer;1955-09-04;FC Sochaux;Lille OSC;3-3;9490;M. Fauquemberghe Louis;Championnat de France, D1;;;;FM_195556.docx
1955-1956;officiel;a_creer;1955-09-11;Toulouse FC;FC Sochaux;0-1;10144;M. Chavigny Maurice;Championnat de France, D1;;;;FM_195556.docx
1955-1956;officiel;a_creer;1955-09-18;FC Sochaux;Girondins Bordeaux FC;2-4;8541;M. Franck Charles;Championnat de France, D1;;;;FM_195556.docx
1955-1956;officiel;a_creer;1955-09-25;FC Sochaux;Nîmes Ol.;1-0;5650;M. Bondon Maurice;Championnat de France, D1;;;;FM_195556.docx
1955-1956;officiel;a_creer;1955-10-02;Stade Reims;FC Sochaux;3-0;7446;M. Zuszek Joseph;Championnat de France, D1;;;;FM_195556.docx
1955-1956;officiel;a_creer;1955-10-13;FC Sochaux;RC Lens;3-1;3546;M. Barberan José;Championnat de France, D1;;;;FM_195556.docx
1955-1956;officiel;a_creer;1955-10-16;UA Sedan-Torcy;FC Sochaux;2-1;7959;M. Garrau Fernand;Championnat de France, D1;;;;FM_195556.docx
1955-1956;officiel;a_creer;1955-10-30;FC Sochaux;OGC Nice;0-0;12804;M. Schwinte Pierre;Championnat de France, D1;;;;FM_195556.docx
1955-1956;officiel;a_creer;1955-11-01;AS Saint-Etienne;FC Sochaux;0-0;9225;M. Devillers Jacques;Championnat de France, D1;;;;FM_195556.docx
1955-1956;officiel;a_creer;1955-11-06;FC Sochaux;AS Monaco;3-1;7300;M. Lequesne Marcel;Championnat de France, D1;;;;FM_195556.docx
1955-1956;officiel;a_creer;1955-11-13;RC Paris;FC Sochaux;2-5;24956;M. Groppi Jean-Louis;Championnat de France, D1;;;;FM_195556.docx
1955-1956;officiel;a_creer;1955-11-20;FC Sochaux;FC Nancy;0-0;7348;M. Sautel Robert;Championnat de France, D1;;;;FM_195556.docx
1955-1956;officiel;a_creer;1955-11-27;Ol. Marseille;FC Sochaux;1-0;19277;M. Le Men Corentin;Championnat de France, D1;;;;FM_195556.docx
1955-1956;officiel;a_creer;1955-12-04;FC Sochaux;Ol. Lyon;1-2;6154;M. Barberan José;Championnat de France, D1;;;;FM_195556.docx
1955-1956;officiel;a_creer;1955-12-11;RC Strasbourg;FC Sochaux;1-0;9160;M. Tirant Paul;Championnat de France, D1;;;;FM_195556.docx
1955-1956;officiel;a_creer;1955-12-18;FC Sochaux;RC Paris;1-1;6832;M. Guigue Maurice;Championnat de France, D1;;;;FM_195556.docx
1955-1956;officiel;a_creer;1956-01-01;FC Sochaux;UA Sedan-Torcy;0-2;8613;M. Husson M.;Championnat de France, D1;;;;FM_195556.docx
1955-1956;officiel;a_creer;1956-01-08;AS Hautmont(DH);FC Sochaux;0-9;;;Coupe de France;;;;FM_195556.docx
1955-1956;officiel;a_creer;1956-01-15;OGC Nice;FC Sochaux;1-2;11680;M. Lequesne Marcel;Championnat de France, D1;;;;FM_195556.docx
1955-1956;officiel;a_creer;1956-01-22;FC Sochaux;Stade Reims;4-3;17082;M. Barberan José;Championnat de France, D1;;;;FM_195556.docx
1955-1956;officiel;a_creer;1956-01-29;RC Lens;FC Sochaux;2-1;11942;M. Groppi Jean-Louis;Championnat de France, D1;;;;FM_195556.docx
1955-1956;officiel;a_creer;1956-02-05;AS Troyes-Savigny(D1);FC Sochaux;0-0;;M. Guigue Maurice;Coupe de France;;;;FM_195556.docx
1955-1956;officiel;a_creer;1956-02-09;AS Troyes-Savigny(D1);FC Sochaux;3-1;;M. Miel André;Coupe de France;;;;FM_195556.docx
1955-1956;officiel;a_creer;1956-02-12;FC Sochaux;Ol. Marseille;3-1;1851;M. Devillers Jacques;Championnat de France, D1;;;;FM_195556.docx
1955-1956;officiel;a_creer;1956-03-04;FC Rouen(D2);FC Sochaux;5-1;6628;M. Devillers Jacques;Coupe Charles Drago;;;;FM_195556.docx
1955-1956;officiel;a_creer;1956-03-11;Nîmes Ol.;FC Sochaux;1-0;8237;M. Bois Marcel;Championnat de France, D1;;;;FM_195556.docx
1955-1956;officiel;a_creer;1956-03-18;Girondins Bordeaux FC;FC Sochaux;0-1;10556;M. Guigue Maurice;Championnat de France, D1;;;;FM_195556.docx
1955-1956;officiel;a_creer;1956-04-02;AS Troyes-Savigny;FC Sochaux;1-1;3408;M. Bécret René;Championnat de France, D1;;;;FM_195556.docx
1955-1956;officiel;a_creer;1956-04-15;FC Sochaux;FC Metz;0-1;4620;M. Barberan José;Championnat de France, D1;;;;FM_195556.docx
1955-1956;officiel;a_creer;1956-04-22;FC Nancy;FC Sochaux;0-1;8966;M. Lequesne Marcel;Championnat de France, D1;;;;FM_195556.docx
1955-1956;officiel;a_creer;1956-04-29;Lille OSC;FC Sochaux;1-2;8500;M. Fauquemberghe Louis;Championnat de France, D1;;;;FM_195556.docx
1955-1956;officiel;a_creer;1956-05-01;Ol. Lyon;FC Sochaux;3-1;7125;M. Barberan José;Championnat de France, D1;;;;FM_195556.docx
1955-1956;officiel;a_creer;1956-05-10;FC Sochaux;Toulouse FC;0-0;4037;M. Huet Marcel;Championnat de France, D1;;;;FM_195556.docx
1955-1956;officiel;a_creer;1956-05-13;FC Sochaux;AS Saint-Etienne;2-3;5485;M. Guigue Maurice;Championnat de France, D1;;;;FM_195556.docx
1955-1956;officiel;a_creer;1956-05-20;AS Monaco;FC Sochaux;4-0;2249;M. Miel André;Championnat de France, D1;;;;FM_195556.docx
1955-1956;officiel;a_creer;1956-06-03;FC Sochaux;RC Strasbourg;2-2;6209;M. Didier Henri;Championnat de France, D1;;;;FM_195556.docx
1956-1957;officiel;a_creer;1956-08-19;FC Sochaux;Stade Reims;2-0;10249;M. Le Men Corentin;Championnat de France, D1;;;;FM_195657.docx
1956-1957;officiel;a_creer;1956-08-26;UA Sedan-Torcy;FC Sochaux;1-0;7101;M. Bois Marcel;Championnat de France, D1;;;;FM_195657.docx
1956-1957;officiel;a_creer;1956-09-02;OGC Nice;FC Sochaux;4-2;10753;M. Schwinte Pierre;Championnat de France, D1;;;;FM_195657.docx
1956-1957;officiel;a_creer;1956-09-09;FC Sochaux;SCO Angers;0-0;6537;M. Groppi Jean-Louis;Championnat de France, D1;;;;FM_195657.docx
1956-1957;officiel;a_creer;1956-09-16;FC Metz;FC Sochaux;1-3;8468;M. Miel André;Championnat de France, D1;;;;FM_195657.docx
1956-1957;officiel;a_creer;1956-09-23;FC Sochaux;RC Lens;2-2;8008;M. Eurdekian François;Championnat de France, D1;;;;FM_195657.docx
1956-1957;officiel;a_creer;1956-09-30;Ol. Marseille;FC Sochaux;2-3;20449;M. Harzig Edouard;Championnat de France, D1;;;;FM_195657.docx
1956-1957;officiel;a_creer;1956-10-14;FC Sochaux;AS Monaco;1-1;7772;M. Bondon Maurice;Championnat de France, D1;;;;FM_195657.docx
1956-1957;officiel;a_creer;1956-10-28;FC Sochaux;Stade Rennes UC;3-1;4404;M. Guigue Maurice;Championnat de France, D1;;;;FM_195657.docx
1956-1957;officiel;a_creer;1956-11-04;FC Nancy;FC Sochaux;1-3;7899;M. Barberan José;Championnat de France, D1;;;;FM_195657.docx
1956-1957;officiel;a_creer;1956-11-18;FC Sochaux;RC Paris;3-5;11623;M. Lequesne Marcel;Championnat de France, D1;;;;FM_195657.docx
1956-1957;officiel;a_creer;1956-11-25;AS Saint-Etienne;FC Sochaux;6-0;16663;M. Eurdekian François;Championnat de France, D1;;;;FM_195657.docx
1956-1957;officiel;a_creer;1956-12-02;US Valenciennes;FC Sochaux;3-1;7987;M. Devillers Jacques;Championnat de France, D1;;;;FM_195657.docx
1956-1957;officiel;a_creer;1956-12-09;FC Sochaux;RC Strasbourg;6-0;4292;M. Bécret René;Championnat de France, D1;;;;FM_195657.docx
1956-1957;officiel;a_creer;1956-12-16;Ol. Lyon;FC Sochaux;0-1;10570;M. Groppi Jean-Louis;Championnat de France, D1;;;;FM_195657.docx
1956-1957;officiel;a_creer;1956-12-23;FC Sochaux;Nîmes Ol.;3-1;4319;M. Bois Marcel;Championnat de France, D1;;;;FM_195657.docx
1956-1957;officiel;a_creer;1956-12-25;FC Sochaux;Toulouse FC;1-3;3724;M. Zuszek Joseph;Championnat de France, D1;;;;FM_195657.docx
1956-1957;officiel;a_creer;1956-12-30;Nîmes Ol.;FC Sochaux;3-0;5825;M. Miel André;Championnat de France, D1;;;;FM_195657.docx
1956-1957;officiel;a_creer;1957-01-01;Toulouse FC;FC Sochaux;2-0;9816;M. Tirant Paul;Championnat de France, D1;;;;FM_195657.docx
1956-1957;officiel;a_creer;1957-01-06;FC Sochaux;US Valenciennes;4-0;3790;M. Guigue Maurice;Championnat de France, D1;;;;FM_195657.docx
1956-1957;officiel;a_creer;1957-01-13;JA Armentière(CFA);FC Sochaux;1-7;;;Coupe de France;;;;FM_195657.docx
1956-1957;officiel;a_creer;1957-01-20;Stade Reims;FC Sochaux;1-0;6088;M. Bois Marcel;Championnat de France, D1;;;;FM_195657.docx
1956-1957;officiel;a_creer;1957-02-03;AS Saint-Etienne(D1);FC Sochaux;2-3;;M. Carette Achille;Coupe de France;;;;FM_195657.docx
1956-1957;officiel;a_creer;1957-02-10;RC Lens;FC Sochaux;3-1;8178;M. Guigue Maurice;Championnat de France, D1;;;;FM_195657.docx
1956-1957;officiel;a_creer;1957-02-17;FC Sochaux;FC Nancy;3-1;5668;M. Didier Henri;Championnat de France, D1;;;;FM_195657.docx
1956-1957;officiel;a_creer;1957-02-24;RC Strasbourg;FC Sochaux;3-2;4611;M. Fauquemberghe Louis;Championnat de France, D1;;;;FM_195657.docx
1956-1957;officiel;a_creer;1957-03-03;UA Sedan-Torcy(D1);FC Sochaux;3-1;;M. Devillers Jacques;Coupe de France;;;;FM_195657.docx
1956-1957;officiel;a_creer;1957-03-10;FC Sochaux;Ol. Lyon;3-1;5152;M. Harzig Edouard;Championnat de France, D1;;;;FM_195657.docx
1956-1957;officiel;a_creer;1957-03-17;RC Paris;FC Sochaux;3-1;26834;M. Tirant Paul;Championnat de France, D1;;;;FM_195657.docx
1956-1957;officiel;a_creer;1957-03-28;FC Sochaux;UA Sedan-Torcy;5-2;4362;M. Groppi Jean-Louis;Championnat de France, D1;;;;FM_195657.docx
1956-1957;officiel;a_creer;1957-03-31;SCO Angers;FC Sochaux;4-0;8974;M. Bureloux Joseph;Championnat de France, D1;;;;FM_195657.docx
1956-1957;officiel;a_creer;1957-04-07;FC Rouen(D2);FC Sochaux;0-3;8334;;Coupe Charles Drago;;;;FM_195657.docx
1956-1957;officiel;a_creer;1957-04-14;FC Sochaux;FC Metz;1-1;3377;M. Bécret René;Championnat de France, D1;;;;FM_195657.docx
1956-1957;officiel;a_creer;1957-04-21;FC Sochaux;AS Saint-Etienne;1-1;11393;M. Zuszek Joseph;Championnat de France, D1;;;;FM_195657.docx
1956-1957;officiel;a_creer;1957-04-28;AS Monaco;FC Sochaux;2-1;1327;M. Franck Charles;Championnat de France, D1;;;;FM_195657.docx
1956-1957;officiel;a_creer;1957-05-01;Stade Rennes UC;FC Sochaux;2-0;14260;M. Devillers Jacques;Championnat de France, D1;;;;FM_195657.docx
1956-1957;officiel;a_creer;1957-05-04;FC Sochaux;FC Nancy(D1);4-1;5528;M. Franck Charles;Coupe Charles Drago;;;;FM_195657.docx
1956-1957;officiel;a_creer;1957-05-12;FC Sochaux;Ol. Marseille;3-0;4235;M. Bureloux Joseph;Championnat de France, D1;;;;FM_195657.docx
1956-1957;officiel;a_creer;1957-05-19;FC Sochaux;OGC Nice;4-2;5335;M. Zuszek Joseph;Championnat de France, D1;;;;FM_195657.docx
1956-1957;officiel;a_creer;1957-05-25;Ol. Marseille(D1);FC Sochaux;2-0;6668;M. Blum Claude;Coupe Charles Drago;;;;FM_195657.docx
1957-1958;officiel;a_creer;1957-08-18;RC Paris;FC Sochaux;6-4;15696;M. Harzig Edouard;Championnat de France, D1;;;;FM_195758.docx
1957-1958;officiel;a_creer;1957-08-25;AS Monaco;FC Sochaux;5-2;7835;M. Tirant Paul;Championnat de France, D1;;;;FM_195758.docx
1957-1958;officiel;a_creer;1957-09-08;FC Sochaux;AS Béziers;4-0;5388;M. Franck Charles;Championnat de France, D1;;;;FM_195758.docx
1957-1958;officiel;a_creer;1957-09-15;FC Sochaux;US Valenciennes;1-0;4547;M. Husson M.;Championnat de France, D1;;;;FM_195758.docx
1957-1958;officiel;a_creer;1957-09-18;FC Sochaux;Toulouse FC;4-2;8563;M. Mâchin Roger;Championnat de France, D1;;;;FM_195758.docx
1957-1958;officiel;a_creer;1957-09-22;AS Saint-Etienne;FC Sochaux;2-2;12332;M. Bois Marcel;Championnat de France, D1;;;;FM_195758.docx
1957-1958;officiel;a_creer;1957-09-29;Ol. Marseille;FC Sochaux;0-3;13646;M. Bécret René;Championnat de France, D1;;;;FM_195758.docx
1957-1958;officiel;a_creer;1957-10-13;FC Sochaux;Ol. Alès;3-1;5882;M. Marchetti;Championnat de France, D1;;;;FM_195758.docx
1957-1958;officiel;a_creer;1957-10-20;RC Lens;FC Sochaux;1-1;8591;M. Bureloux J.;Championnat de France, D1;;;;FM_195758.docx
1957-1958;officiel;a_creer;1957-11-01;FC Sochaux;Stade Reims;0-4;14319;M. Devillers Jacques;Championnat de France, D1;;;;FM_195758.docx
1957-1958;officiel;a_creer;1957-11-03;FC Metz;FC Sochaux;1-0;5746;M. Tirant Paul;Championnat de France, D1;;;;FM_195758.docx
1957-1958;officiel;a_creer;1957-11-10;FC Sochaux;Ol. Lyon;1-0;4526;M. Lequesne Marcel;Championnat de France, D1;;;;FM_195758.docx
1957-1958;officiel;a_creer;1957-11-17;UA Sedan-Torcy;FC Sochaux;4-1;4815;M. Husson M.;Championnat de France, D1;;;;FM_195758.docx
1957-1958;officiel;a_creer;1957-11-24;FC Sochaux;Lille OSC;2-4;5712;M. Le Men Corentin;Championnat de France, D1;;;;FM_195758.docx
1957-1958;officiel;a_creer;1957-12-01;SCO Angers;FC Sochaux;5-1;6672;M. Miel A.;Championnat de France, D1;;;;FM_195758.docx
1957-1958;officiel;a_creer;1957-12-08;FC Sochaux;OGC Nice;4-0;3363;M. Bureloux J.;Championnat de France, D1;;;;FM_195758.docx
1957-1958;officiel;a_creer;1957-12-15;Nîmes Ol.;FC Sochaux;2-0;8123;M. Laporte Marc;Championnat de France, D1;;;;FM_195758.docx
1957-1958;officiel;a_creer;1957-12-22;FC Sochaux;RC Lens;1-0;5048;M. Devillers Jacques;Championnat de France, D1;;;;FM_195758.docx
1957-1958;officiel;a_creer;1957-12-29;AS Béziers;FC Sochaux;2-1;6618;M. Marchetti;Championnat de France, D1;;;;FM_195758.docx
1957-1958;officiel;a_creer;1958-01-05;FC Sochaux;RC Paris;5-0;6808;M. Guigue Maurice;Championnat de France, D1;;;;FM_195758.docx
1957-1958;officiel;a_creer;1958-01-13;JS Audun Le Tiche(DH);FC Sochaux;1-4;;M. Juszek Joseph;Coupe de France;;;;FM_195758.docx
1957-1958;officiel;a_creer;1958-01-19;Ol. Lyon;FC Sochaux;1-1;10778;M. Zuszek Joseph;Championnat de France, D1;;;;FM_195758.docx
1957-1958;officiel;a_creer;1958-01-26;FC Sochaux;AS Monaco;1-2;4889;M. Devillers Jacques;Championnat de France, D1;;;;FM_195758.docx
1957-1958;officiel;a_creer;1958-02-02;SC Toulon(D2);FC Sochaux;2-1;;M. Blum Claude;Coupe de France;;;;FM_195758.docx
1957-1958;officiel;a_creer;1958-02-16;FC Sochaux;Nîmes Ol.;1-1;4369;M. Zuszek Joseph;Championnat de France, D1;;;;FM_195758.docx
1957-1958;officiel;a_creer;1958-02-19;Stade Reims;FC Sochaux;3-1;7919;M. Lequesne Marcel;Championnat de France, D1;;;;FM_195758.docx
1957-1958;officiel;a_creer;1958-02-23;OGC Nice;FC Sochaux;4-3;10027;M. Guigue Maurice;Championnat de France, D1;;;;FM_195758.docx
1957-1958;officiel;a_creer;1958-03-02;FC Sochaux;Limoges FC(D2);1-2;;;Coupe Charles Drago;;;;FM_195758.docx
1957-1958;officiel;a_creer;1958-03-09;FC Sochaux;AS Saint-Etienne;4-1;4195;M. Bois Marcel;Championnat de France, D1;;;;FM_195758.docx
1957-1958;officiel;a_creer;1958-03-16;US Valenciennes;FC Sochaux;1-1;8559;M. Fauquemberghe Louis;Championnat de France, D1;;;;FM_195758.docx
1957-1958;officiel;a_creer;1958-03-23;FC Sochaux;FC Metz;1-0;3084;M. Miel A.;Championnat de France, D1;;;;FM_195758.docx
1957-1958;officiel;a_creer;1958-03-30;Toulouse FC;FC Sochaux;0-0;5520;M. Eurdekian François;Championnat de France, D1;;;;FM_195758.docx
1957-1958;officiel;a_creer;1958-04-13;FC Sochaux;UA Sedan-Torcy;2-1;5609;M. Franck Charles;Championnat de France, D1;;;;FM_195758.docx
1957-1958;officiel;a_creer;1958-04-20;Ol. Alès;FC Sochaux;2-1;4715;M. Didier F.;Championnat de France, D1;;;;FM_195758.docx
1957-1958;officiel;a_creer;1958-05-01;FC Sochaux;SCO Angers;2-1;8280;M. Zuszek Joseph;Championnat de France, D1;;;;FM_195758.docx
1957-1958;officiel;a_creer;1958-05-04;FC Sochaux;Ol. Marseille;1-2;3698;M. Bois Marcel;Championnat de France, D1;;;;FM_195758.docx
1957-1958;officiel;a_creer;1958-05-11;Lille OSC;FC Sochaux;3-2;6978;M. Le Men Corentin;Championnat de France, D1;;;;FM_195758.docx
1958-1959;officiel;a_creer;1958-08-17;FC Sochaux;Ol. Alès;4-5;3999;M. Miel André;Championnat de France, D1;;;;FM_195859.docx
1958-1959;officiel;a_creer;1958-08-24;Toulouse FC;FC Sochaux;1-1;5612;M. Tirant Paul;Championnat de France, D1;;;;FM_195859.docx
1958-1959;officiel;a_creer;1958-08-27;FC Sochaux;AS Saint-Etienne;3-1;8125;M. Schwinte Pierre;Championnat de France, D1;;;;FM_195859.docx
1958-1959;officiel;a_creer;1958-08-31;Ol. Marseille;FC Sochaux;0-0;12226;M. Raynard Louis;Championnat de France, D1;;;;FM_195859.docx
1958-1959;officiel;a_creer;1958-09-07;Stade Rennes UC;FC Sochaux;4-0;8838;M. Bois Marcel;Championnat de France, D1;;;;FM_195859.docx
1958-1959;officiel;a_creer;1958-09-10;FC Sochaux;Limoges FC;3-1;6470;M. Bécret René;Championnat de France, D1;;;;FM_195859.docx
1958-1959;officiel;a_creer;1958-09-14;FC Sochaux;US Valenciennes;1-1;3815;M. Mâchin Roger;Championnat de France, D1;;;;FM_195859.docx
1958-1959;officiel;a_creer;1958-09-21;Lille OSC;FC Sochaux;3-0;6508;M. Bondon Maurice;Championnat de France, D1;;;;FM_195859.docx
1958-1959;officiel;a_creer;1958-09-25;AS Monaco;FC Sochaux;1-0;2061;M. Didier Henri;Championnat de France, D1;;;;FM_195859.docx
1958-1959;officiel;a_creer;1958-09-28;FC Sochaux;Ol. Lyon;5-3;3687;M. Franck Charles;Championnat de France, D1;;;;FM_195859.docx
1958-1959;officiel;a_creer;1958-10-05;FC Sochaux;RC Strasbourg;3-0;7356;M. Harzig Edouard;Championnat de France, D1;;;;FM_195859.docx
1958-1959;officiel;a_creer;1958-10-12;UA Sedan-Torcy;FC Sochaux;0-1;4362;M. Devillers Jacques;Championnat de France, D1;;;;FM_195859.docx
1958-1959;officiel;a_creer;1958-10-19;FC Sochaux;RC Lens;2-1;5836;M. Guigue Maurice;Championnat de France, D1;;;;FM_195859.docx
1958-1959;officiel;a_creer;1958-11-02;Nîmes Ol.;FC Sochaux;2-1;9581;M. Blum Claude;Championnat de France, D1;;;;FM_195859.docx
1958-1959;officiel;a_creer;1958-11-11;FC Sochaux;OGC Nice;1-0;9658;M. Lequesne Marcel;Championnat de France, D1;;;;FM_195859.docx
1958-1959;officiel;a_creer;1958-11-16;SCO Angers;FC Sochaux;1-1;7833;M. Miel André;Championnat de France, D1;;;;FM_195859.docx
1958-1959;officiel;a_creer;1958-11-23;FC Sochaux;FC Nancy;2-1;5430;M. Tirant Paul;Championnat de France, D1;;;;FM_195859.docx
1958-1959;officiel;a_creer;1958-11-30;RC Paris;FC Sochaux;0-2;22145;M. Bois Marcel;Championnat de France, D1;;;;FM_195859.docx
1958-1959;officiel;a_creer;1958-12-07;Stade Reims;FC Sochaux;1-3;8666;M. Harzig Edouard;Championnat de France, D1;;;;FM_195859.docx
1958-1959;officiel;a_creer;1958-12-14;FC Sochaux;Toulouse FC;2-2;8815;M. Carette Achille;Championnat de France, D1;;;;FM_195859.docx
1958-1959;officiel;a_creer;1958-12-21;AS Saint-Etienne;FC Sochaux;4-3;9847;M. Zuszek Joseph;Championnat de France, D1;;;;FM_195859.docx
1958-1959;officiel;a_creer;1958-12-28;Ol. Alès;FC Sochaux;2-1;4830;M. Eurdekian François;Championnat de France, D1;;;;FM_195859.docx
1958-1959;officiel;a_creer;1959-01-04;FC Sochaux;Lille OSC;2-3;2840;M. Groppi Jean-Louis;Championnat de France, D1;;;;FM_195859.docx
1958-1959;officiel;a_creer;1959-01-11;CS Blénod(CFA);FC Sochaux;1-2;;M. Franck Charles;Coupe de France;;;;FM_195859.docx
1958-1959;officiel;a_creer;1959-01-18;FC Sochaux;UA Sedan-Torcy;2-2;3722;M. Miel André;Championnat de France, D1;;;;FM_195859.docx
1958-1959;officiel;a_creer;1959-01-25;RC Strasbourg;FC Sochaux;2-1;8579;M. Miel André;Championnat de France, D1;;;;FM_195859.docx
1958-1959;officiel;a_creer;1959-02-01;Girondins Bordeaux FC(D2);FC Sochaux;1-1;;M. Tirant Paul;Coupe de France;;;;FM_195859.docx
1958-1959;officiel;a_creer;1959-02-05;Girondins Bordeaux FC(D2);FC Sochaux;0-0;;M. Guigue Maurice;Coupe de France;;;;FM_195859.docx
1958-1959;officiel;a_creer;1959-02-08;Ol. Lyon;FC Sochaux;2-0;9108;M. Raynard Louis;Championnat de France, D1;;;;FM_195859.docx
1958-1959;officiel;a_creer;1959-02-11;Girondins Bordeaux FC(D2);FC Sochaux;1-2;;M. Barberan José;Coupe de France;;;;FM_195859.docx
1958-1959;officiel;a_creer;1959-02-15;FC Sochaux;AS Monaco;3-2;5488;M. Zuszek Joseph;Championnat de France, D1;;;;FM_195859.docx
1958-1959;officiel;a_creer;1959-02-22;SCO Angers(D1);FC Sochaux;0-2;;M. Bois Marcel;Coupe de France;;;;FM_195859.docx
1958-1959;officiel;a_creer;1959-03-08;RC Lens;FC Sochaux;3-2;5306;M. Bondon Maurice;Championnat de France, D1;;;;FM_195859.docx
1958-1959;officiel;a_creer;1959-03-15;FC Sochaux;SCO Angers;2-1;4889;M. Harzig Edouard;Championnat de France, D1;;;;FM_195859.docx
1958-1959;officiel;a_creer;1959-03-29;Toulouse FC(D1);FC Sochaux;1-2;;M. Guigue Maurice;Coupe de France;;;;FM_195859.docx
1958-1959;officiel;a_creer;1959-03-29;FC Nancy;FC Sochaux;2-2;5170;M. Duquesnoy Georges;Championnat de France, D1;;;;FM_195859.docx
1958-1959;officiel;a_creer;1959-04-05;FC Sochaux;RC Paris;1-1;12046;M. Lequesne Marcel;Championnat de France, D1;;;;FM_195859.docx
1958-1959;officiel;a_creer;1959-04-12;Stade Rennes UC(D1);FC Sochaux;1-2;17333;M. Barberan José;Coupe de France;;;;FM_195859.docx
1958-1959;officiel;a_creer;1959-04-19;FC Sochaux;Stade Reims;3-1;13087;M. Fauquemberghe Louis;Championnat de France, D1;;;;FM_195859.docx
1958-1959;officiel;a_creer;1959-04-26;Limoges FC;FC Sochaux;1-2;9217;M. Bureloux J.;Championnat de France, D1;;;;FM_195859.docx
1958-1959;officiel;a_creer;1959-05-03;Le Havre AC(D2);FC Sochaux;2-2;50778;M. Groppi Jean-Louis;Coupe de France;;;;FM_195859.docx
1958-1959;officiel;a_creer;1959-05-07;FC Sochaux;Nîmes Ol.;3-2;10283;M. Harzig Edouard;Championnat de France, D1;;;;FM_195859.docx
1958-1959;officiel;a_creer;1959-05-10;OGC Nice;FC Sochaux;5-0;12952;M. Lequesne Marcel;Championnat de France, D1;;;;FM_195859.docx
1958-1959;officiel;a_creer;1959-05-18;Le Havre AC(D2);FC Sochaux;3-0;36655;M. Groppi Jean-Louis;Coupe de France;;;;FM_195859.docx
1958-1959;officiel;a_creer;1959-05-21;FC Sochaux;Ol. Marseille;5-1;4000;M. Bois Marcel;Championnat de France, D1;;;;FM_195859.docx
1958-1959;officiel;a_creer;1959-05-24;FC Sochaux;Stade Rennes UC;4-3;3364;M. Eurdekian François;Championnat de France, D1;;;;FM_195859.docx
1958-1959;officiel;a_creer;1959-05-30;US Valenciennes;FC Sochaux;1-1;9591;M. Tricot Jean;Championnat de France, D1;;;;FM_195859.docx
1959-1960;officiel;a_creer;1959-08-15;Stade Reims;FC Sochaux;4-1;13894;M. Lequesne Marcel;Championnat de France, D1;;;;FM_195960.docx
1959-1960;officiel;a_creer;1959-08-23;OGC Nice;FC Sochaux;3-0;12611;M. Schwinte Pierre;Championnat de France, D1;;;;FM_195960.docx
1959-1960;officiel;a_creer;1959-08-29;FC Sochaux;AS Saint-Etienne;2-0;7602;M. Mâchin Roger;Championnat de France, D1;;;;FM_195960.docx
1959-1960;officiel;a_creer;1959-09-05;FC Sochaux;Limoges FC;0-0;8890;M. Binschinat C.;Championnat de France, D1;;;;FM_195960.docx
1959-1960;officiel;a_creer;1959-09-13;Stade Français;FC Sochaux;2-1;9135;M. Carette Achille;Championnat de France, D1;;;;FM_195960.docx
1959-1960;officiel;a_creer;1959-09-16;FC Sochaux;Le Havre AC;0-0;7747;M. Franck C.;Championnat de France, D1;;;;FM_195960.docx
1959-1960;officiel;a_creer;1959-09-20;SC Toulon;FC Sochaux;2-2;8977;M. Tricot Jean;Championnat de France, D1;;;;FM_195960.docx
1959-1960;officiel;a_creer;1959-09-26;FC Sochaux;RC Lens;1-0;4739;M. Barberan José;Championnat de France, D1;;;;FM_195960.docx
1959-1960;officiel;a_creer;1959-10-01;UA Sedan-Torcy;FC Sochaux;2-1;2301;M. Bondon Maurice;Championnat de France, D1;;;;FM_195960.docx
1959-1960;officiel;a_creer;1959-10-04;FC Sochaux;Ol. Lyon;1-3;4057;M. Devillers Jacques;Championnat de France, D1;;;;FM_195960.docx
1959-1960;officiel;a_creer;1959-10-11;Girondins Bordeaux FC;FC Sochaux;6-4;8423;M. Bécret R.;Championnat de France, D1;;;;FM_195960.docx
1959-1960;officiel;a_creer;1959-10-18;FC Sochaux;RC Strasbourg;1-1;5054;M. Eurdékian François;Championnat de France, D1;;;;FM_195960.docx
1959-1960;officiel;a_creer;1959-10-25;FC Sochaux;Toulouse FC;0-2;5635;M. Raynard Louis;Championnat de France, D1;;;;FM_195960.docx
1959-1960;officiel;a_creer;1959-10-29;Stade Rennes UC;FC Sochaux;0-1;7318;M. Bondon Maurice;Championnat de France, D1;;;;FM_195960.docx
1959-1960;officiel;a_creer;1959-11-01;FC Sochaux;AS Monaco;1-0;5575;M. Zuszek Joseph;Championnat de France, D1;;;;FM_195960.docx
1959-1960;officiel;a_creer;1959-11-08;US Valenciennes;FC Sochaux;1-1;7438;M. Bois Marcel;Championnat de France, D1;;;;FM_195960.docx
1959-1960;officiel;a_creer;1959-11-15;Nîmes Ol.;FC Sochaux;2-1;10293;M. Devillers Jacques;Championnat de France, D1;;;;FM_195960.docx
1959-1960;officiel;a_creer;1959-11-22;FC Sochaux;SCO Angers;2-0;4042;M. Tirant P.;Championnat de France, D1;;;;FM_195960.docx
1959-1960;officiel;a_creer;1959-11-29;RC Paris;FC Sochaux;8-0;19450;M. Barberan José;Championnat de France, D1;;;;FM_195960.docx
1959-1960;officiel;a_creer;1959-12-06;FC Sochaux;Stade Français;3-2;3390;M. Schwinte Pierre;Championnat de France, D1;;;;FM_195960.docx
1959-1960;officiel;a_creer;1959-12-20;FC Sochaux;Stade Rennes UC;2-2;3548;M. Dhumerelle Louis;Championnat de France, D1;;;;FM_195960.docx
1959-1960;officiel;a_creer;1959-12-27;Toulouse FC;FC Sochaux;3-0;8188;M. Bois Marcel;Championnat de France, D1;;;;FM_195960.docx
1959-1960;officiel;a_creer;1960-01-03;Ol. Lyon;FC Sochaux;3-1;8108;M. Miel A.;Championnat de France, D1;;;;FM_195960.docx
1959-1960;officiel;a_creer;1960-01-10;FC Sochaux;Girondins Bordeaux FC;0-0;1583;M. Lequesne Marcel;Championnat de France, D1;;;;FM_195960.docx
1959-1960;officiel;a_creer;1960-01-17;RC Lens;FC Sochaux;3-1;3619;M. Devillers Jacques;Championnat de France, D1;;;;FM_195960.docx
1959-1960;officiel;a_creer;1960-01-24;Ol. Lyon(D1);FC Sochaux;4-0;12898;M. Bois Marcel;Coupe de France;;;;FM_195960.docx
1959-1960;officiel;a_creer;1960-01-31;FC Sochaux;OGC Nice;1-2;4112;M. Fauquemberghe Louis;Championnat de France, D1;;;;FM_195960.docx
1959-1960;officiel;a_creer;1960-02-07;FC Sochaux;US Valenciennes;0-0;2327;M. Eurdekian François;Championnat de France, D1;;;;FM_195960.docx
1959-1960;officiel;a_creer;1960-02-14;AS Troyes-Savigny(D2);FC Sochaux;4-3;;M. Mâchin Roger;Coupe Charles Drago;;;;FM_195960.docx
1959-1960;officiel;a_creer;1960-02-21;Limoges FC;FC Sochaux;1-0;8303;M. Bondon Maurice;Championnat de France, D1;;;;FM_195960.docx
1959-1960;officiel;a_creer;1960-02-28;SCO Angers;FC Sochaux;1-0;4957;M. Miel A.;Championnat de France, D1;;;;FM_195960.docx
1959-1960;officiel;a_creer;1960-03-13;FC Sochaux;SC Toulon;1-2;2913;M. Bois Marcel;Championnat de France, D1;;;;FM_195960.docx
1959-1960;officiel;a_creer;1960-03-20;FC Sochaux;Stade Reims;1-2;17533;M. Schwinte Pierre;Championnat de France, D1;;;;FM_195960.docx
1959-1960;officiel;a_creer;1960-04-10;RC Strasbourg;FC Sochaux;0-1;3366;M. Guigue Maurice;Championnat de France, D1;;;;FM_195960.docx
1959-1960;officiel;a_creer;1960-04-13;AS Saint-Etienne;FC Sochaux;0-3;5290;M. Tirant P.;Championnat de France, D1;;;;FM_195960.docx
1959-1960;officiel;a_creer;1960-04-16;FC Sochaux;Nîmes Ol.;1-1;9579;M. Lequesne Marcel;Championnat de France, D1;;;;FM_195960.docx
1959-1960;officiel;a_creer;1960-05-01;AS Monaco;FC Sochaux;1-0;1936;M. Barberan José;Championnat de France, D1;;;;FM_195960.docx
1959-1960;officiel;a_creer;1960-05-08;FC Sochaux;UA Sedan-Torcy;0-0;2942;M. Fauquemberghe Louis;Championnat de France, D1;;;;FM_195960.docx
1959-1960;officiel;a_creer;1960-05-22;Le Havre AC;FC Sochaux;2-2;6839;M. Devillers Jacques;Championnat de France, D1;;;;FM_195960.docx
1959-1960;officiel;a_creer;1960-05-28;FC Sochaux;RC Paris;3-6;4109;M. Bois Marcel;Championnat de France, D1;;;;FM_195960.docx
1960-1961;officiel;a_creer;1960-08-21;SO Montpellier;FC Sochaux;1-0;6975;M. Blum Claude;Championnat de France, D2;;;;FM_196061.docx
1960-1961;officiel;a_creer;1960-08-28;CO Roubaix-Tourcoing;FC Sochaux;1-1;5081;;Championnat de France, D2;;;;FM_196061.docx
1960-1961;officiel;a_creer;1960-09-03;FC Sochaux;AS Cannes;2-1;6509;M. Franck Charles;Championnat de France, D2;;;;FM_196061.docx
1960-1961;officiel;a_creer;1960-09-11;US Forbach;FC Sochaux;0-4;3154;M. Wattrelot Calixte;Championnat de France, D2;;;;FM_196061.docx
1960-1961;officiel;a_creer;1960-09-24;FC Sochaux;FC Metz;1-0;7657;M. Binschinat Charles;Championnat de France, D2;;;;FM_196061.docx
1960-1961;officiel;a_creer;1960-10-02;RCFC Besançon;FC Sochaux;2-2;13481;M. Eyroulet Gaston;Championnat de France, D2;;;;FM_196061.docx
1960-1961;officiel;a_creer;1960-10-09;FC Sochaux;CA Paris;2-1;5177;M. Machin Roger;Championnat de France, D2;;;;FM_196061.docx
1960-1961;officiel;a_creer;1960-10-16;SC Toulon;FC Sochaux;2-2;4278;M. Debroas André;Championnat de France, D2;;;;FM_196061.docx
1960-1961;officiel;a_creer;1960-10-23;FC Sochaux;Lille OSC;2-1;3976;M. Franck Charles;Championnat de France, D2;;;;FM_196061.docx
1960-1961;officiel;a_creer;1960-10-30;AS Cherbourg;FC Sochaux;1-0;4931;M. Branca Jérôme;Championnat de France, D2;;;;FM_196061.docx
1960-1961;officiel;a_creer;1960-11-01;FC Sochaux;Ol. Alès;1-1;3992;M. Gabaye Guy;Championnat de France, D2;;;;FM_196061.docx
1960-1961;officiel;a_creer;1960-11-06;AS Aix-en-Provence;FC Sochaux;0-0;2014;M. Kitabdjian Michel;Championnat de France, D2;;;;FM_196061.docx
1960-1961;officiel;a_creer;1960-11-11;FC Sochaux;US Boulogne/Mer;3-0;5922;;Championnat de France, D2;;;;FM_196061.docx
1960-1961;officiel;a_creer;1960-11-13;RC Strasbourg;FC Sochaux;4-0;12933;M. Bondon Maurice;Championnat de France, D2;;;;FM_196061.docx
1960-1961;officiel;a_creer;1960-11-20;FC Sochaux;AS Béziers;3-0;5322;M. Franck Charles;Championnat de France, D2;;;;FM_196061.docx
1960-1961;officiel;a_creer;1960-11-27;FC Nantes;FC Sochaux;0-1;8012;M. Mallereau Emile;Championnat de France, D2;;;;FM_196061.docx
1960-1961;officiel;a_creer;1960-12-04;FC Sochaux;Gir. Bordeaux FC;2-0;6563;M. Lequesne Marcel;Championnat de France, D2;;;;FM_196061.docx
1960-1961;officiel;a_creer;1960-12-11;Ol. Marseille;FC Sochaux;0-2;15276;M. Raynard Louis;Championnat de France, D2;;;;FM_196061.docx
1960-1961;officiel;a_creer;1960-12-18;FC Sochaux;OFC Charleville(DH);2-0;;;Coupe de France;;;;FM_196061.docx
1960-1961;officiel;a_creer;1961-01-01;FC Metz;FC Sochaux;1-1;4931;M. Poncin Raymond;Championnat de France, D2;;;;FM_196061.docx
1960-1961;officiel;a_creer;1961-01-08;FC Sochaux;Ol. Marseille;1-1;5308;M. Tricot Jean;Championnat de France, D2;;;;FM_196061.docx
1960-1961;officiel;a_creer;1961-01-15;FC Sochaux;AS Brest(CFA);2-0;;;Coupe de France;;;;FM_196061.docx
1960-1961;officiel;a_creer;1961-01-22;FC Sochaux;CO Roubaix-Tourcoing;2-0;4635;M. Debroas André;Championnat de France, D2;;;;FM_196061.docx
1960-1961;officiel;a_creer;1961-01-25;FC Sochaux;US Forbach;4-0;1591;M. Branca Jérôme;Championnat de France, D2;;;;FM_196061.docx
1960-1961;officiel;a_creer;1961-01-29;AS Béziers;FC Sochaux;1-1;5431;M. Lacoste Robert;Championnat de France, D2;;;;FM_196061.docx
1960-1961;officiel;a_creer;1961-02-05;FC Sochaux;FC Nantes;3-2;4875;M. Schwinte Pierre;Championnat de France, D2;;;;FM_196061.docx
1960-1961;officiel;a_creer;1961-02-12;FC Sochaux;Stade Français(D1);3-1;6665;M. Poncin Raymond;Coupe de France;;;;FM_196061.docx
1960-1961;officiel;a_creer;1961-02-19;Ol. Alès;FC Sochaux;0-0;2796;M. Tirant Paul;Championnat de France, D2;;;;FM_196061.docx
1960-1961;officiel;a_creer;1961-02-26;FC Sochaux;SC Toulon;1-4;5239;M. Machin Roger;Championnat de France, D2;;;;FM_196061.docx
1960-1961;officiel;a_creer;1961-03-05;AS Saint-Etienne(D1);FC Sochaux;3-1;13133;M. Schwinte Pierre;Coupe de France;;;;FM_196061.docx
1960-1961;officiel;a_creer;1961-03-12;Lille OSC;FC Sochaux;1-0;7019;M. Deban Robert;Championnat de France, D2;;;;FM_196061.docx
1960-1961;officiel;a_creer;1961-03-19;FC Sochaux;AS Cherbourg;2-1;2933;M. Mouton Roger;Championnat de France, D2;;;;FM_196061.docx
1960-1961;officiel;a_creer;1961-03-26;FC Sochaux;Ol. Alès(D2);4-0;2225;M. Schwinte Pierre;Coupe Charles Drago;;;;FM_196061.docx
1960-1961;officiel;a_creer;1961-04-09;FC Sochaux;RCFC Besançon;4-1;8549;M. Barde Roger;Championnat de France, D2;;;;FM_196061.docx
1960-1961;officiel;a_creer;1961-04-12;FC Sochaux;RC Lens(D1);5-4;5000;M. Miel André;Coupe Charles Drago;;;;FM_196061.docx
1960-1961;officiel;a_creer;1961-04-16;FC Sochaux;AS Saint-Etienne(D1);4-0;4199;M. Fauquemberghe Louis;Coupe Charles Drago;;;;FM_196061.docx
1960-1961;officiel;a_creer;1961-04-19;AS Cannes;FC Sochaux;2-1;3500;M. Lacoste Robert;Championnat de France, D2;;;;FM_196061.docx
1960-1961;officiel;a_creer;1961-04-23;Gir. Bordeaux FC;FC Sochaux;1-2;9249;M. Deban Robert;Championnat de France, D2;;;;FM_196061.docx
1960-1961;officiel;a_creer;1961-05-07;FC Sochaux;RC Strasbourg(D2);0-2;3317;Petit André;Coupe Charles Drago;;;;FM_196061.docx
1960-1961;officiel;a_creer;1961-05-10;FC Sochaux;RC Strasbourg;0-2;12837;M. Poncin Raymond;Championnat de France, D2;;;;FM_196061.docx
1960-1961;officiel;a_creer;1961-05-14;CA Paris;FC Sochaux;2-1;38247;M. Dhumerelle Louis;Championnat de France, D2;;;;FM_196061.docx
1960-1961;officiel;a_creer;1961-05-21;US Boulogne/Mer;FC Sochaux;1-1;4592;M. Lequesne Marcel;Championnat de France, D2;;;;FM_196061.docx
1960-1961;officiel;a_creer;1961-05-28;FC Sochaux;AS Aix-en-Provence;3-1;3711;M. Mâchin Roger;Championnat de France, D2;;;;FM_196061.docx
1960-1961;officiel;a_creer;1961-06-04;FC Sochaux;SO Montpellier;3-0;7645;M. Deban Robert;Championnat de France, D2;;;;FM_196061.docx
1960-1961;officiel;a_creer;1961-06-11;AC Côme;FC Sochaux;2-0;;;Trophée de l’amitié Franco-Italienne, D2;;;;FM_196061.docx
1960-1961;officiel;a_creer;1961-06-18;FC Sochaux;AC Côme;2-2;;;Trophée de l’amitié Franco-Italienne, D2;;;;FM_196061.docx
1961-1962;officiel;a_creer;1961-08-20;RC Lens;FC Sochaux;3-1;8810;M. Deban Robert;Championnat de France, D1;;;;FM_196162.docx
1961-1962;officiel;a_creer;1961-08-27;FC Sochaux;AS Monaco;1-4;8983;M. Schwinte Pierre;Championnat de France, D1;;;;FM_196162.docx
1961-1962;officiel;a_creer;1961-09-02;Stade Français;FC Sochaux;1-1;7690;M. Herbert Jean;Championnat de France, D1;;;;FM_196162.docx
1961-1962;officiel;a_creer;1961-09-06;FC Sochaux;RC Paris;4-3;9338;M. Poncin Raymond;Championnat de France, D1;;;;FM_196162.docx
1961-1962;officiel;a_creer;1961-09-10;SCO Angers;FC Sochaux;3-1;3544;M. Deban Robert;Championnat de France, D1;;;;FM_196162.docx
1961-1962;officiel;a_creer;1961-09-16;FC Sochaux;FC Rouen;1-1;8858;M. Mâchin Roger;Championnat de France, D1;;;;FM_196162.docx
1961-1962;officiel;a_creer;1961-09-20;AS Saint-Etienne;FC Sochaux;2-2;5937;M. Barberan José;Championnat de France, D1;;;;FM_196162.docx
1961-1962;officiel;a_creer;1961-09-24;FC Sochaux;Toulouse FC;2-0;8404;M. Tricot Jean;Championnat de France, D1;;;;FM_196162.docx
1961-1962;officiel;a_creer;1961-09-30;Stade Reims;FC Sochaux;2-1;12001;M. Faucheux Henri;Championnat de France, D1;;;;FM_196162.docx
1961-1962;officiel;a_creer;1961-10-04;FC Sochaux;FC Nancy;0-1;10076;M. Miel André;Championnat de France, D1;;;;FM_196162.docx
1961-1962;officiel;a_creer;1961-10-08;Nîmes Ol.;FC Sochaux;2-1;6200;M. Eurdekian François;Championnat de France, D1;;;;FM_196162.docx
1961-1962;officiel;a_creer;1961-10-14;FC Sochaux;RC Strasbourg;0-0;9523;M. Carette Achille;Championnat de France, D1;;;;FM_196162.docx
1961-1962;officiel;a_creer;1961-10-22;UA Sedan-Torcy;FC Sochaux;4-1;5217;M. Bois Marcel;Championnat de France, D1;;;;FM_196162.docx
1961-1962;officiel;a_creer;1961-10-25;FC Sochaux;SO Montpellier;1-1;2083;M. Tricot Jean;Championnat de France, D1;;;;FM_196162.docx
1961-1962;officiel;a_creer;1961-10-29;OGC Nice;FC Sochaux;1-1;7201;M. Guigue Maurice;Championnat de France, D1;;;;FM_196162.docx
1961-1962;officiel;a_creer;1961-11-01;FC Sochaux;Le Havre AC;6-1;5916;M. Poncin Raymond;Championnat de France, D1;;;;FM_196162.docx
1961-1962;officiel;a_creer;1961-11-10;FC Metz;FC Sochaux;1-1;2240;M. Tricot Jean;Championnat de France, D1;;;;FM_196162.docx
1961-1962;officiel;a_creer;1961-11-19;FC Sochaux;Stade Rennes UC;1-2;5516;M. Dhumerelle Louis;Championnat de France, D1;;;;FM_196162.docx
1961-1962;officiel;a_creer;1961-11-26;FC Sochaux;Nîmes Ol.;3-1;6713;M. Zuszek Joseph;Championnat de France, D1;;;;FM_196162.docx
1961-1962;officiel;a_creer;1961-12-03;Le Havre AC;FC Sochaux;3-1;3525;M. Bois Marcel;Championnat de France, D1;;;;FM_196162.docx
1961-1962;officiel;a_creer;1961-12-24;RC Paris;FC Sochaux;2-2;9434;M. Eurdekian François;Championnat de France, D1;;;;FM_196162.docx
1961-1962;officiel;a_creer;1962-01-07;SO Merlebach(L);FC Sochaux;0-2;4293;M. Bondon Maurice;Coupe de France;;;;FM_196162.docx
1961-1962;officiel;a_creer;1962-01-14;FC Rouen;FC Sochaux;2-2;5942;M. Herbert Jean;Championnat de France, D1;;;;FM_196162.docx
1961-1962;officiel;a_creer;1962-01-21;FC Sochaux;UA Sedan-Torcy;2-0;9330;M. Eurdekian François;Championnat de France, D1;;;;FM_196162.docx
1961-1962;officiel;a_creer;1962-01-28;CA Montreuil(CFA);FC Sochaux;0-2;2930;M. Lamour Jacques;Coupe de France;;;;FM_196162.docx
1961-1962;officiel;a_creer;1962-02-04;AS Monaco;FC Sochaux;1-1;2729;M. Bécret René;Championnat de France, D1;;;;FM_196162.docx
1961-1962;officiel;a_creer;1962-02-11;FC Sochaux;Ol. Lyon;1-2;5680;M. Barde Roger;Championnat de France, D1;;;;FM_196162.docx
1961-1962;officiel;a_creer;1962-02-18;Stade Reims(D1);FC Sochaux;1-0;23432;M. Barberan José;Coupe de France;;;;FM_196162.docx
1961-1962;officiel;a_creer;1962-02-25;FC Nancy;FC Sochaux;1-0;4836;M. Dhumerelle Louis;Championnat de France, D1;;;;FM_196162.docx
1961-1962;officiel;a_creer;1962-03-01;FC Sochaux;Stade Français;2-3;3729;M. Eurdekian François;Championnat de France, D1;;;;FM_196162.docx
1961-1962;officiel;a_creer;1962-03-11;Ol. Lyon(D1);FC Sochaux;4-0;2300;M. Mazerand André;Coupe Charles Drago;;;;FM_196162.docx
1961-1962;officiel;a_creer;1962-03-17;FC Sochaux;FC Metz;1-1;2534;M. Rios Vincent;Championnat de France, D1;;;;FM_196162.docx
1961-1962;officiel;a_creer;1962-03-21;FC Sochaux;AS Saint-Etienne;0-2;1527;M. Poncin Raymond;Championnat de France, D1;;;;FM_196162.docx
1961-1962;officiel;a_creer;1962-03-25;RC Strasbourg;FC Sochaux;1-1;11549;M. Barberan José;Championnat de France, D1;;;;FM_196162.docx
1961-1962;officiel;a_creer;1962-03-28;FC Sochaux;OGC Nice;2-0;3382;M. Mâchin Roger;Championnat de France, D1;;;;FM_196162.docx
1961-1962;officiel;a_creer;1962-03-31;Ol. Lyon;FC Sochaux;1-0;7687;M. Eurdekian François;Championnat de France, D1;;;;FM_196162.docx
1961-1962;officiel;a_creer;1962-04-08;SO Montpellier;FC Sochaux;4-1;7794;M. Kitabdjian Michel;Championnat de France, D1;;;;FM_196162.docx
1961-1962;officiel;a_creer;1962-04-14;FC Sochaux;RC Lens;1-2;2833;M. Bécret René;Championnat de France, D1;;;;FM_196162.docx
1961-1962;officiel;a_creer;1962-04-19;Stade Rennes UC;FC Sochaux;2-1;4494;M. Lacoste Robert;Championnat de France, D1;;;;FM_196162.docx
1961-1962;officiel;a_creer;1962-04-22;Toulouse FC;FC Sochaux;6-1;2436;M. Raynard Louis;Championnat de France, D1;;;;FM_196162.docx
1961-1962;officiel;a_creer;1962-04-29;FC Sochaux;Stade Reims;2-1;13195;M. Lamour Jacques;Championnat de France, D1;;;;FM_196162.docx
1961-1962;officiel;a_creer;1962-05-19;FC Sochaux;SCO Angers;5-2;1683;M. Barberan José;Championnat de France, D1;;;;FM_196162.docx
1962-1963;officiel;a_creer;1962-08-19;AS Béziers;FC Sochaux;1-5;1937;M. Steiner Robert;Championnat de France, D2;;;;FM_196263.docx
1962-1963;officiel;a_creer;1962-08-25;FC Metz;FC Sochaux;0-0;5183;M. Dhumerelle Louis;Championnat de France, D2;;;;FM_196263.docx
1962-1963;officiel;a_creer;1962-09-02;FC Sochaux;FC Nantes;2-1;7459;M. Wattiez Jean;Championnat de France, D2;;;;FM_196263.docx
1962-1963;officiel;a_creer;1962-09-09;SC Toulon;FC Sochaux;0-0;4140;M. Debroas André;Championnat de France, D2;;;;FM_196263.docx
1962-1963;officiel;a_creer;1962-09-12;FC Sochaux;US Forbach;3-2;5450;M. Petit André;Championnat de France, D2;;;;FM_196263.docx
1962-1963;officiel;a_creer;1962-09-16;FC Limoges;FC Sochaux;1-2;3883;M. Mallereau Emile;Championnat de France, D2;;;;FM_196263.docx
1962-1963;officiel;a_creer;1962-09-22;FC Sochaux;AS Cannes;4-1;7456;;Championnat de France, D2;;;;FM_196263.docx
1962-1963;officiel;a_creer;1962-09-29;Lille OSC;FC Sochaux;0-0;15000;M. Maillard Jean;Championnat de France, D2;;;;FM_196263.docx
1962-1963;officiel;a_creer;1962-10-06;FC Sochaux;AS Aix-en-Provence;3-1;5942;M. Wattiez Jean;Championnat de France, D2;;;;FM_196263.docx
1962-1963;officiel;a_creer;1962-10-21;FC Sochaux;RCFC Besançon;0-0;12151;M. Petit André;Championnat de France, D2;;;;FM_196263.docx
1962-1963;officiel;a_creer;1962-10-27;Red Star;FC Sochaux;3-2;5213;M. Wattrelot Calixte;Championnat de France, D2;;;;FM_196263.docx
1962-1963;officiel;a_creer;1962-11-01;FC Sochaux;AS Saint-Etienne;1-3;11217;M. Schwinte Pierre;Championnat de France, D2;;;;FM_196263.docx
1962-1963;officiel;a_creer;1962-11-04;AS Troyes;FC Sochaux;1-1;3087;M. Carette Achille;Championnat de France, D2;;;;FM_196263.docx
1962-1963;officiel;a_creer;1962-11-11;FC Sochaux;CA Paris;1-0;1860;M. Wattiez Jean;Championnat de France, D2;;;;FM_196263.docx
1962-1963;officiel;a_creer;1962-11-18;CO Roubaix-T.;FC Sochaux;0-1;3870;M. Machin Roger;Championnat de France, D2;;;;FM_196263.docx
1962-1963;officiel;a_creer;1962-11-25;FC Sochaux;Le Havre AC;1-2;4260;;Championnat de France, D2;;;;FM_196263.docx
1962-1963;officiel;a_creer;1962-12-02;US Boulogne/Mer;FC Sochaux;1-1;3659;M. Petit André;Championnat de France, D2;;;;FM_196263.docx
1962-1963;officiel;a_creer;1962-12-09;FC Sochaux;AS Cherbourg;1-1;1792;Eyroulet Gaston;Championnat de France, D2;;;;FM_196263.docx
1962-1963;officiel;a_creer;1962-12-16;AS Cannes;FC Sochaux;2-0;3280;M. Steiner Robert;Championnat de France, D2;;;;FM_196263.docx
1962-1963;officiel;a_creer;1962-12-23;FC Sochaux;UL Moyeuvre(DH);3-1;;;Coupe de France;;;;FM_196263.docx
1962-1963;officiel;a_creer;1963-01-20;FC Sochaux;US Forbach(D2);6-1;;M. M. Schwinte Pierre;Coupe de France;;;;FM_196263.docx
1962-1963;officiel;a_creer;1963-02-17;FC Sochaux;RC Lens(D1);1-0;6343;M. Barberan José;Coupe de France;;;;FM_196263.docx
1962-1963;officiel;a_creer;1963-02-20;CA Paris;FC Sochaux;0-1;921;M. Lopez André;Championnat de France, D2;;;;FM_196263.docx
1962-1963;officiel;a_creer;1963-03-03;AS Saint-Etienne;FC Sochaux;2-2;14096;M. Barde Roger;Championnat de France, D2;;;;FM_196263.docx
1962-1963;officiel;a_creer;1963-03-10;AS Monaco(D1);FC Sochaux;1-1;8975;M. Faucheux Henri;Coupe de France;;;;FM_196263.docx
1962-1963;officiel;a_creer;1963-03-14;AS Monaco(D1);FC Sochaux;5-1;6426;M. Faucheux Henri;Coupe de France;;;;FM_196263.docx
1962-1963;officiel;a_creer;1963-03-17;FC Sochaux;Red Star;3-1;;Machin Roger;Championnat de France, D2;;;;FM_196263.docx
1962-1963;officiel;a_creer;1963-03-24;RCFC Besançon;FC Sochaux;2-0;1879;M. Petit André;Championnat de France, D2;;;;FM_196263.docx
1962-1963;officiel;a_creer;1963-03-27;FC Sochaux;FC Metz;2-1;;;Coupe Charles Drago;;;;FM_196263.docx
1962-1963;officiel;a_creer;1963-03-30;FC Sochaux;Lille OSC;2-1;2228;Uhlen Georges;Championnat de France, D2;;;;FM_196263.docx
1962-1963;officiel;a_creer;1963-04-07;Le Havre AC;FC Sochaux;0-0;3746;M. Zuszek Jean;Championnat de France, D2;;;;FM_196263.docx
1962-1963;officiel;a_creer;1963-04-13;FC Sochaux;AS Béziers;4-0;2687;Wattiez Jean;Championnat de France, D2;;;;FM_196263.docx
1962-1963;officiel;a_creer;1963-04-18;FC Sochaux;US Boulogne/Mer;4-0;3000;M. Machin Roger;Championnat de France, D2;;;;FM_196263.docx
1962-1963;officiel;a_creer;1963-04-21;AS Cherbourg;FC Sochaux;0-2;1473;M. Dhumerelle Louis;Championnat de France, D2;;;;FM_196263.docx
1962-1963;officiel;a_creer;1963-04-24;FC Sochaux;RC Lens(D1);3-1;653;M. Héliès Robert;Coupe Charles Drago;;;;FM_196263.docx
1962-1963;officiel;a_creer;1963-04-27;FC Sochaux;AS Troyes;1-0;3534;M. Schwinte Pierre;Championnat de France, D2;;;;FM_196263.docx
1962-1963;officiel;a_creer;1963-05-01;AS Aix-en-Provence;FC Sochaux;0-1;1151;M. Mazerand André;Championnat de France, D2;;;;FM_196263.docx
1962-1963;officiel;a_creer;1963-05-04;FC Sochaux;SC Toulon;4-0;3109;M. Gabaye Guy;Championnat de France, D2;;;;FM_196263.docx
1962-1963;officiel;a_creer;1963-05-08;FC Sochaux;AS Saint-Etienne(D2);4-1;5000;M. Bois Marcel;Coupe Charles Drago;;;;FM_196263.docx
1962-1963;officiel;a_creer;1963-05-12;US Forbach;FC Sochaux;2-3;1137;M. Zuszek Jean;Championnat de France, D2;;;;FM_196263.docx
1962-1963;officiel;a_creer;1963-05-15;AS Aix-en-Provence(D2);FC Sochaux;0-4;729;M. Kitabdjian Michel;Coupe Charles Drago;;;;FM_196263.docx
1962-1963;officiel;a_creer;1963-05-18;FC Sochaux;FC Metz;5-1;5134;M. Uhlen Georges;Championnat de France, D2;;;;FM_196263.docx
1962-1963;officiel;a_creer;1963-05-25;FC Sochaux;FC Limoges;2-0;4542;Buchert Maurice;Championnat de France, D2;;;;FM_196263.docx
1962-1963;officiel;a_creer;1963-06-01;FC Nantes;FC Sochaux;2-0;17950;M. Bonnillon;Championnat de France, D2;;;;FM_196263.docx
1962-1963;officiel;a_creer;1963-06-08;FC Sochaux;CO Roubaix-T.;6-2;4467;M. Wattiez Jean;Championnat de France, D2;;;;FM_196263.docx
1962-1963;officiel;a_creer;1963-06-15;FC Sochaux;UA Sedan-Torcy;5-2;3154;Bondon Maurice;Coupe Charles Drago;;;;FM_196263.docx
1963-1964;officiel;a_creer;1963-09-01;Ol. Marseille;FC Sochaux;1-1;3655;M. Mazerand;Championnat de France, D2;;;;FM_196364.docx
1963-1964;officiel;a_creer;1963-09-08;FC Sochaux;SC Toulon;2-1;4477;M. Machin Roger;Championnat de France, D2;;;;FM_196364.docx
1963-1964;officiel;a_creer;1963-09-14;RCFC Besançon;FC Sochaux;3-1;7293;M. Barde Roger;Championnat de France, D2;;;;FM_196364.docx
1963-1964;officiel;a_creer;1963-09-22;FC Sochaux;Red Star;2-2;4683;M. Poncin Raymond;Championnat de France, D2;;;;FM_196364.docx
1963-1964;officiel;a_creer;1963-10-06;FC Grenoble;FC Sochaux;3-0;5343;M. Héliès Robert;Championnat de France, D2;;;;FM_196364.docx
1963-1964;officiel;a_creer;1963-10-12;FC Sochaux;AS Cherbourg;2-2;3236;M. Gabaye Guy;Championnat de France, D2;;;;FM_196364.docx
1963-1964;officiel;a_creer;1963-10-19;FC Metz;FC Sochaux;2-4;4357;M. Plaete Léon;Championnat de France, D2;;;;FM_196364.docx
1963-1964;officiel;a_creer;1963-10-26;FC Sochaux;AS Béziers;1-0;3037;M. Debroas André;Championnat de France, D2;;;;FM_196364.docx
1963-1964;officiel;a_creer;1963-11-01;AS Aix-en-Provence;FC Sochaux;1-2;3023;M. Eyroulet Gaston;Championnat de France, D2;;;;FM_196364.docx
1963-1964;officiel;a_creer;1963-11-11;US Boulogne/Mer;FC Sochaux;0-1;3391;;Championnat de France, D2;;;;FM_196364.docx
1963-1964;officiel;a_creer;1963-11-13;FC Sochaux;Limoges FC;2-1;2500;M. Wattiez Jean;Championnat de France, D2;;;;FM_196364.docx
1963-1964;officiel;a_creer;1963-11-17;Le Havre AC;FC Sochaux;0-0;3977;M. Dhumerelle Louis;Championnat de France, D2;;;;FM_196364.docx
1963-1964;officiel;a_creer;1963-11-24;FC Sochaux;AS Cannes;4-1;4506;M. Gabaye Guy;Championnat de France, D2;;;;FM_196364.docx
1963-1964;officiel;a_creer;1963-12-01;US Forbach;FC Sochaux;0-0;2262;M. Zuszk Jean;Championnat de France, D2;;;;FM_196364.docx
1963-1964;officiel;a_creer;1963-12-08;FC Sochaux;Lille OSC;2-3;8982;M. Petit André;Championnat de France, D2;;;;FM_196364.docx
1963-1964;officiel;a_creer;1963-12-15;AS Audincourt(P);FC Sochaux;0-4;;;Coupe de France;;;;FM_196364.docx
1963-1964;officiel;a_creer;1963-12-22;FC Nancy;FC Sochaux;0-0;1152;;Championnat de France, D2;;;;FM_196364.docx
1963-1964;officiel;a_creer;1963-12-28;FC Sochaux;SO Montpellier;6-0;3167;M. Gabaye Guy;Championnat de France, D2;;;;FM_196364.docx
1963-1964;officiel;a_creer;1964-01-05;SO Montpellier;FC Sochaux;1-1;3988;M. Bois Marcel;Championnat de France, D2;;;;FM_196364.docx
1963-1964;officiel;a_creer;1964-01-16;FC Sochaux;FC Grenoble(D2);3-2;;M. Tricot Jean;Coupe de France;;;;FM_196364.docx
1963-1964;officiel;a_creer;1964-01-19;FC Sochaux;Ol. Marseille;0-0;4293;M. Gabaye Guy;Championnat de France, D2;;;;FM_196364.docx
1963-1964;officiel;a_creer;1964-01-26;SC Toulon;FC Sochaux;2-3;6025;M. Debroas André;Championnat de France, D2;;;;FM_196364.docx
1963-1964;officiel;a_creer;1964-02-02;FC Sochaux;RCFC Besançon;5-0;8945;M. Tricot Jean;Championnat de France, D2;;;;FM_196364.docx
1963-1964;officiel;a_creer;1964-02-09;FC Sochaux;AS Monaco(D1);2-1;11165;M. Debroas André;Coupe de France;;;;FM_196364.docx
1963-1964;officiel;a_creer;1964-02-23;FC Sochaux;FC Grenoble;1-4;6374;M. Kitabdjian Michel;Championnat de France, D2;;;;FM_196364.docx
1963-1964;officiel;a_creer;1964-03-01;RC Lens(D1);FC Sochaux;4-2;13781;M. Petit André;Coupe de France;;;;FM_196364.docx
1963-1964;officiel;a_creer;1964-03-08;AS Cherbourg;FC Sochaux;2-1;1752;M. Bondon Maurice;Championnat de France, D2;;;;FM_196364.docx
1963-1964;officiel;a_creer;1964-03-15;FC Sochaux;FC Metz;2-0;4045;M. Uhlen Georges;Championnat de France, D2;;;;FM_196364.docx
1963-1964;officiel;a_creer;1964-03-29;AS Béziers;FC Sochaux;1-2;1082;M. Mouton Roger;Championnat de France, D2;;;;FM_196364.docx
1963-1964;officiel;a_creer;1964-04-04;FC Sochaux;AS Aix-en-Provence;1-0;4939;M. Wattiez Jean;Championnat de France, D2;;;;FM_196364.docx
1963-1964;officiel;a_creer;1964-04-08;FC Sochaux;Lille OSC(D2);5-2;3900;M. Machin Roger;Coupe Charles Drago;;;;FM_196364.docx
1963-1964;officiel;a_creer;1964-04-12;Limoges FC;FC Sochaux;1-0;3192;M. Steiner Robert;Championnat de France, D2;;;;FM_196364.docx
1963-1964;officiel;a_creer;1964-04-18;FC Sochaux;RC Strasbourg(D1);2-1;5922;M. Eyroulet Gaston;Coupe Charles Drago;;;;FM_196364.docx
1963-1964;officiel;a_creer;1964-04-25;FC Sochaux;US Boulogne/Mer;4-1;3507;M. Debroas André;Championnat de France, D2;;;;FM_196364.docx
1963-1964;officiel;a_creer;1964-05-02;AS Cannes;FC Sochaux;1-2;1114;M. Uhlen Georges;Championnat de France, D2;;;;FM_196364.docx
1963-1964;officiel;a_creer;1964-05-07;Red Star;FC Sochaux;2-2;6281;M. Zuszek Jean;Championnat de France, D2;;;;FM_196364.docx
1963-1964;officiel;a_creer;1964-05-10;FC Sochaux;Stade Reims(D1);4-3;10251;;Coupe Charles Drago;;;;FM_196364.docx
1963-1964;officiel;a_creer;1964-05-17;FC Sochaux;US Forbach;0-0;3621;M. Debroas André;Championnat de France, D2;;;;FM_196364.docx
1963-1964;officiel;a_creer;1964-05-24;FC Sochaux;Le Havre AC;4-0;5648;M. Petit André;Championnat de France, D2;;;;FM_196364.docx
1963-1964;officiel;a_creer;1964-05-31;FC Sochaux;FC Nancy;2-2;5409;;Championnat de France, D2;;;;FM_196364.docx
1963-1964;officiel;a_creer;1964-06-07;Lille OSC;FC Sochaux;2-2;11561;M. Bondon Maurice;Championnat de France, D2;;;;FM_196364.docx
1963-1964;officiel;a_creer;1964-06-13;FC Sochaux;US Forbach(D2);4-0;3593;Petit André;Coupe Charles Drago;;;;FM_196364.docx
1964-1965;officiel;a_creer;1964-08-01;RCFC Besançon(D2);FC Sochaux;1-1;;;Coupe de la Ligue;;;;FM_196465.docx
1964-1965;officiel;a_creer;1964-08-08;US Forbach(D2);FC Sochaux;1-0;;;Coupe de la Ligue;;;;FM_196465.docx
1964-1965;officiel;a_creer;1964-08-12;FC Sochaux;RCFC Besançon(D2);1-1;;;Coupe de la Ligue;;;;FM_196465.docx
1964-1965;officiel;a_creer;1964-08-15;FC Sochaux;RC Strasbourg(D1);1-1;;;Coupe de la Ligue;;;;FM_196465.docx
1964-1965;officiel;a_creer;1964-08-22;FC Sochaux;US Forbach(D2);4-0;;;Coupe de la Ligue;;;;FM_196465.docx
1964-1965;officiel;a_creer;1964-08-26;RC Strasbourg(D1);FC Sochaux;0-2;;;Coupe de la Ligue;;;;FM_196465.docx
1964-1965;officiel;a_creer;1964-08-29;FC Sochaux;Stade Français;4-1;6166;M. Gabaye Guy;Championnat de France, D1;;;;FM_196465.docx
1964-1965;officiel;a_creer;1964-09-05;FC Rouen;FC Sochaux;0-4;4551;M. Zuszek Joseph;Championnat de France, D1;;;;FM_196465.docx
1964-1965;officiel;a_creer;1964-09-09;FC Sochaux;US Valenciennes(D1);4-2;;;Coupe de la Ligue;;;;FM_196465.docx
1964-1965;officiel;a_creer;1964-09-12;FC Sochaux;Girondins Bordeaux FC;4-1;14084;M. Mâchin Roger;Championnat de France, D1;;;;FM_196465.docx
1964-1965;officiel;a_creer;1964-09-19;RC Strasbourg;FC Sochaux;0-0;16247;M. Petit André;Championnat de France, D1;;;;FM_196465.docx
1964-1965;officiel;a_creer;1964-09-26;FC Sochaux;Ol. Lyon;2-1;19073;M. Schwinte Pierre;Championnat de France, D1;;;;FM_196465.docx
1964-1965;officiel;a_creer;1964-10-03;US Valenciennes(D1);FC Sochaux;3-0;;;Coupe de la Ligue;;;;FM_196465.docx
1964-1965;officiel;a_creer;1964-10-07;Nîmes Ol.;FC Sochaux;3-0;12000;M. Eurdekian François;Championnat de France, D1;;;;FM_196465.docx
1964-1965;officiel;a_creer;1964-10-10;FC Sochaux;Toulouse FC;0-2;6524;M. Debroas André;Championnat de France, D1;;;;FM_196465.docx
1964-1965;officiel;a_creer;1964-10-18;SCO Angers;FC Sochaux;1-0;5891;M. Faucheux Henri;Championnat de France, D1;;;;FM_196465.docx
1964-1965;officiel;a_creer;1964-10-24;FC Sochaux;Stade Rennes UC;3-0;4261;M. Gabaye Guy;Championnat de France, D1;;;;FM_196465.docx
1964-1965;officiel;a_creer;1964-10-31;US Valenciennes;FC Sochaux;1-0;7791;M. Bois Marcel;Championnat de France, D1;;;;FM_196465.docx
1964-1965;officiel;a_creer;1964-11-08;FC Sochaux;UA Sedan-Torcy;2-2;4647;M. Carette Achille;Championnat de France, D1;;;;FM_196465.docx
1964-1965;officiel;a_creer;1964-11-15;RC Lens;FC Sochaux;2-3;8122;M. Bondon Maurice;Championnat de France, D1;;;;FM_196465.docx
1964-1965;officiel;a_creer;1964-11-22;SC Toulon;FC Sochaux;0-1;10177;M. Raynard Louis;Championnat de France, D1;;;;FM_196465.docx
1964-1965;officiel;a_creer;1964-11-29;FC Sochaux;FC Nantes;1-1;6201;M. Schwinte Pierre;Championnat de France, D1;;;;FM_196465.docx
1964-1965;officiel;a_creer;1964-12-12;FC Sochaux;AS Monaco;3-0;6989;M. Wattiez Jean;Championnat de France, D1;;;;FM_196465.docx
1964-1965;officiel;a_creer;1964-12-16;AS Saint-Etienne;FC Sochaux;0-0;6189;M. Kitabdjian Michel;Championnat de France, D1;;;;FM_196465.docx
1964-1965;officiel;a_creer;1964-12-20;Lille OSC;FC Sochaux;3-0;9536;M. Faucheux Henri;Championnat de France, D1;;;;FM_196465.docx
1964-1965;officiel;a_creer;1965-01-03;FC Sochaux;FC Rouen;2-3;5654;M. Zuszek Joseph;Championnat de France, D1;;;;FM_196465.docx
1964-1965;officiel;a_creer;1965-01-10;Girondins Bordeaux FC;FC Sochaux;1-0;15844;M. Eurdekian François;Championnat de France, D1;;;;FM_196465.docx
1964-1965;officiel;a_creer;1965-01-17;Chaumont AC(CFA);FC Sochaux;2-2;;M. Carette Achille;Coupe de France;;;;FM_196465.docx
1964-1965;officiel;a_creer;1965-01-24;Chaumont AC(CFA);FC Sochaux;0-3;;M. Schwinte Pierre;Coupe deFrance;;;;FM_196465.docx
1964-1965;officiel;a_creer;1965-01-31;Ol. Lyon;FC Sochaux;2-1;8518;M. Kitabdjian Michel;Championnat de France, D1;;;;FM_196465.docx
1964-1965;officiel;a_creer;1965-02-07;FC Sochaux;Nîmes Ol.;1-1;5430;M. Schwinte Pierre;Championnat de France, D1;;;;FM_196465.docx
1964-1965;officiel;a_creer;1965-02-14;Hyères FC(CFA);FC Sochaux;1-2;;M. Blum Claude;Coupe de France;;;;FM_196465.docx
1964-1965;officiel;a_creer;1965-02-21;Toulouse FC;FC Sochaux;1-0;7130;M. Raynard Louis;Championnat de France, D1;;;;FM_196465.docx
1964-1965;officiel;a_creer;1965-02-27;FC Sochaux;SCO Angers;2-0;3203;M. Barberan José;Championnat de France, D1;;;;FM_196465.docx
1964-1965;officiel;a_creer;1965-03-07;UA Sedan-Torcy(D1);FC Sochaux;2-1;6469;M. Barde Roger;Coupe de France;;;;FM_196465.docx
1964-1965;officiel;a_creer;1965-03-14;Stade Rennes UC;FC Sochaux;1-1;8353;M. Carette Achille;Championnat de France, D1;;;;FM_196465.docx
1964-1965;officiel;a_creer;1965-03-21;FC Sochaux;US Valenciennes;3-2;6000;M. Bois Marcel;Championnat de France, D1;;;;FM_196465.docx
1964-1965;officiel;a_creer;1965-03-27;FC Sochaux;RC Lens;2-3;5777;M. Héliès Robert;Championnat de France, D1;;;;FM_196465.docx
1964-1965;officiel;a_creer;1965-03-31;FC Sochaux;RC Strasbourg;0-2;13745;M. Poncin Raymond;Championnat de France, D1;;;;FM_196465.docx
1964-1965;officiel;a_creer;1965-04-04;AS Cherbourg(D2);FC Sochaux;4-1;2324;M. Bondon Maurice;Coupe Charles Drago;;;;FM_196465.docx
1964-1965;officiel;a_creer;1965-04-10;FC Sochaux;SC Toulon;2-0;4352;M. Debroas André;Championnat de France, D1;;;;FM_196465.docx
1964-1965;officiel;a_creer;1965-04-21;FC Nantes;FC Sochaux;3-0;11102;M. Mallereau Emile;Championnat de France, D1;;;;FM_196465.docx
1964-1965;officiel;a_creer;1965-04-24;FC Sochaux;AS Saint-Etienne;3-2;6463;M. Mâchin Roger;Championnat de France, D1;;;;FM_196465.docx
1964-1965;officiel;a_creer;1965-05-05;UA Sedan-Torcy;FC Sochaux;0-0;3218;M. Bondon Maurice;Championnat de France, D1;;;;FM_196465.docx
1964-1965;officiel;a_creer;1965-05-09;AS Monaco;FC Sochaux;2-0;1738;M. Eurdekian François;Championnat de France, D1;;;;FM_196465.docx
1964-1965;officiel;a_creer;1965-05-15;FC Sochaux;Lille OSC;2-1;5844;M. Raynard Louis;Championnat de France, D1;;;;FM_196465.docx
1964-1965;officiel;a_creer;1965-05-30;Stade Français;FC Sochaux;3-3;14441;M. Maillard Jean;Championnat de France, D1;;;;FM_196465.docx
1965-1966;officiel;a_creer;1965-08-22;FC Sochaux;OGC Nice;1-0;8351;M. Maillard Jean;Championnat de France, D1;;;;FM_196566.docx
1965-1966;officiel;a_creer;1965-08-28;UA Sedan-Torcy;FC Sochaux;3-0;8305;M. Carette Achille;Championnat de France, D1;;;;FM_196566.docx
1965-1966;officiel;a_creer;1965-09-01;FC Sochaux;AS Saint-Etienne;2-3;3611;M. Petit André;Championnat de France, D1;;;;FM_196566.docx
1965-1966;officiel;a_creer;1965-09-05;Red Star OA;FC Sochaux;1-1;5763;M. Mâchin Roger;Championnat de France, D1;;;;FM_196566.docx
1965-1966;officiel;a_creer;1965-09-10;FC Sochaux;US Valenciennes;1-1;6026;M. Bondon Maurice;Championnat de France, D1;;;;FM_196566.docx
1965-1966;officiel;a_creer;1965-09-18;Stade Rennes UC;FC Sochaux;4-3;11948;M. Lamour Jacques;Championnat de France, D1;;;;FM_196566.docx
1965-1966;officiel;a_creer;1965-09-25;FC Sochaux;Nîmes Ol.;3-1;6606;M. Dhumerelle Louis;Championnat de France, D1;;;;FM_196566.docx
1965-1966;officiel;a_creer;1965-09-29;FC Sochaux;Toulouse FC;0-1;3982;M. Poncin Raymond;Championnat de France, D1;;;;FM_196566.docx
1965-1966;officiel;a_creer;1965-10-02;RC Strasbourg;FC Sochaux;5-1;12489;M. Carette Achille;Championnat de France, D1;;;;FM_196566.docx
1965-1966;officiel;a_creer;1965-10-17;FC Sochaux;AS Monaco;2-1;6170;M. Debroas André;Championnat de France, D1;;;;FM_196566.docx
1965-1966;officiel;a_creer;1965-10-20;AS Cannes;FC Sochaux;1-1;4000;M. Bois Marcel;Championnat de France, D1;;;;FM_196566.docx
1965-1966;officiel;a_creer;1965-10-24;FC Sochaux;Ol. Lyon;7-2;8753;M. Tricot Jean;Championnat de France, D1;;;;FM_196566.docx
1965-1966;officiel;a_creer;1965-10-31;RC Lens;FC Sochaux;0-1;10646;M. Maillard Jean;Championnat de France, D1;;;;FM_196566.docx
1965-1966;officiel;a_creer;1965-11-11;FC Sochaux;Stade Français;1-0;7071;M. Eurdekian François;Championnat de France, D1;;;;FM_196566.docx
1965-1966;officiel;a_creer;1965-11-14;SCO Angers;FC Sochaux;2-2;5105;M. Faucheux Henri;Championnat de France, D1;;;;FM_196566.docx
1965-1966;officiel;a_creer;1965-11-20;FC Sochaux;FC Nantes;3-1;5798;M. Barberan José;Championnat de France, D1;;;;FM_196566.docx
1965-1966;officiel;a_creer;1965-11-28;Girondins Bordeaux FC;FC Sochaux;4-2;12188;M. Héliès Robert;Championnat de France, D1;;;;FM_196566.docx
1965-1966;officiel;a_creer;1965-12-05;FC Sochaux;Lille OSC;1-0;3887;M. Mâchin Roger;Championnat de France, D1;;;;FM_196566.docx
1965-1966;officiel;a_creer;1965-12-12;FC Rouen;FC Sochaux;1-1;5022;M. Carette Achille;Championnat de France, D1;;;;FM_196566.docx
1965-1966;officiel;a_creer;1965-12-19;OGC Nice;FC Sochaux;3-1;9719;M. Bondon Maurice;Championnat de France, D1;;;;FM_196566.docx
1965-1966;officiel;a_creer;1966-01-09;FC Sochaux;UA Sedan-Torcy;0-1;4743;M. Schwinte Pierre;Championnat de France, D1;;;;FM_196566.docx
1965-1966;officiel;a_creer;1966-01-16;FC Grenoble(D2);FC Sochaux;1-4;;M. Bondon Maurice;Coupe de France;;;;FM_196566.docx
1965-1966;officiel;a_creer;1966-01-23;AS Saint-Etienne;FC Sochaux;3-1;8590;M. Bois Marcel;Championnat de France, D1;;;;FM_196566.docx
1965-1966;officiel;a_creer;1966-01-30;FC Sochaux;Red Star OA;3-0;3607;M. Barde Roger;Championnat de France, D1;;;;FM_196566.docx
1965-1966;officiel;a_creer;1966-02-06;US Valenciennes;FC Sochaux;0-0;6746;M. Héliès Robert;Championnat de France, D1;;;;FM_196566.docx
1965-1966;officiel;a_creer;1966-02-13;RC Vichy(CFA);FC Sochaux;1-3;;M. Barberan José;Coupe de France;;;;FM_196566.docx
1965-1966;officiel;a_creer;1966-02-20;FC Sochaux;Stade Rennes UC;3-2;5503;M. Raynard Louis;Championnat de France, D1;;;;FM_196566.docx
1965-1966;officiel;a_creer;1966-02-27;Nîmes Ol.;FC Sochaux;1-0;7458;M. Dhumerelle Louis;Championnat de France, D1;;;;FM_196566.docx
1965-1966;officiel;a_creer;1966-03-02;Toulouse FC;FC Sochaux;1-1;5692;M. Eurdekian François;Championnat de France, D1;;;;FM_196566.docx
1965-1966;officiel;a_creer;1966-03-06;FC Sochaux;RC Strasbourg;2-1;7224;M. Bondon Maurice;Championnat de France, D1;;;;FM_196566.docx
1965-1966;officiel;a_creer;1966-03-13;Nîmes Ol.(D1);FC Sochaux;0-4;5378;M. Schwinte Pierre;Coupe de France;;;;FM_196566.docx
1965-1966;officiel;a_creer;1966-03-26;AS Monaco;FC Sochaux;1-1;973;M. Tricot Jean;Championnat de France, D1;;;;FM_196566.docx
1965-1966;officiel;a_creer;1966-04-03;Toulouse FC(D1);FC Sochaux;2-0;11911;M. Petit André;Coupe de France;;;;FM_196566.docx
1965-1966;officiel;a_creer;1966-04-08;FC Sochaux;AS Cannes;3-1;3949;M. Schwinte Pierre;Championnat de France, D1;;;;FM_196566.docx
1965-1966;officiel;a_creer;1966-04-13;Ol. Lyon;FC Sochaux;1-0;4103;M. Kitabdjian Michel;Championnat de France, D1;;;;FM_196566.docx
1965-1966;officiel;a_creer;1966-04-17;FC Sochaux;RC Lens;3-2;5024;M. Barde Roger;Championnat de France, D1;;;;FM_196566.docx
1965-1966;officiel;a_creer;1966-04-23;Stade Français;FC Sochaux;1-1;2321;M. Faucheux Henri;Championnat de France, D1;;;;FM_196566.docx
1965-1966;officiel;a_creer;1966-05-07;FC Sochaux;SCO Angers;3-2;3707;M. Vigliani René;Championnat de France, D1;;;;FM_196566.docx
1965-1966;officiel;a_creer;1966-05-14;FC Nantes;FC Sochaux;2-1;23401;M. Héliès Robert;Championnat de France, D1;;;;FM_196566.docx
1965-1966;officiel;a_creer;1966-05-18;FC Sochaux;Girondins Bordeaux FC;0-1;7895;M. Zuszek Joseph;Championnat de France, D1;;;;FM_196566.docx
1965-1966;officiel;a_creer;1966-05-27;Lille OSC;FC Sochaux;2-1;4672;M. Uhlen Georges;Championnat de France, D1;;;;FM_196566.docx
1965-1966;officiel;a_creer;1966-06-10;FC Sochaux;FC Rouen;4-0;2967;M. Bondon Maurice;Championnat de France, D1;;;;FM_196566.docx
1966-1967;officiel;a_creer;1966-08-21;OGC Nice;FC Sochaux;1-4;8876;M. Eyroulet Gaston;Championnat de France, D1;;;;FM_196667.docx
1966-1967;officiel;a_creer;1966-08-28;FC Sochaux;FC Rouen;3-0;7546;M. Pétard H.;Championnat de France, D1;;;;FM_196667.docx
1966-1967;officiel;a_creer;1966-08-31;Ol. Lyon;FC Sochaux;0-0;3285;M. Kitabdjian Michel;Championnat de France, D1;;;;FM_196667.docx
1966-1967;officiel;a_creer;1966-09-04;FC Sochaux;Ol. Marseille;0-1;8766;M. Maillard Jean;Championnat de France, D1;;;;FM_196667.docx
1966-1967;officiel;a_creer;1966-09-11;RC Paris-Sedan;FC Sochaux;1-1;6212;M. Poncin Raymond;Championnat de France, D1;;;;FM_196667.docx
1966-1967;officiel;a_creer;1966-09-14;FC Sochaux;Girondins Bordeaux FC;1-1;9096;Schwinte Pierre;Championnat de France, D1;;;;FM_196667.docx
1966-1967;officiel;a_creer;1966-09-18;FC Nantes;FC Sochaux;1-1;19040;M. Mallereau Emile;Championnat de France, D1;;;;FM_196667.docx
1966-1967;officiel;a_creer;1966-09-23;FC Sochaux;RC Lens;2-5;6125;M. Rios Vincent;Championnat de France, D1;;;;FM_196667.docx
1966-1967;officiel;a_creer;1966-10-02;RC Strasbourg;FC Sochaux;3-1;12862;M. Poncin Raymond;Championnat de France, D1;;;;FM_196667.docx
1966-1967;officiel;a_creer;1966-10-09;FC Sochaux;AS Monaco;0-0;5917;M. Petit André;Championnat de France, D1;;;;FM_196667.docx
1966-1967;officiel;a_creer;1966-10-12;US Valenciennes;FC Sochaux;2-0;7773;M. Branca Jerôme;Championnat de France, D1;;;;FM_196667.docx
1966-1967;officiel;a_creer;1966-10-16;FC Sochaux;Stade Français;3-0;3968;M. Vigliani René;Championnat de France, D1;;;;FM_196667.docx
1966-1967;officiel;a_creer;1966-10-30;Stade Rennes UC;FC Sochaux;1-1;10349;M. Lacoste Robert;Championnat de France, D1;;;;FM_196667.docx
1966-1967;officiel;a_creer;1966-11-01;AS Saint-Etienne;FC Sochaux;1-0;10502;M. Eurdekian François;Championnat de France, D1;;;;FM_196667.docx
1966-1967;officiel;a_creer;1966-11-06;FC Sochaux;Stade Reims;1-1;5266;M. Lamour Jacques;Championnat de France, D1;;;;FM_196667.docx
1966-1967;officiel;a_creer;1966-11-13;Lille OSC;FC Sochaux;6-0;4092;M. Bondon Maurice;Championnat de France, D1;;;;FM_196667.docx
1966-1967;officiel;a_creer;1966-11-20;FC Sochaux;Nîmes OL.;2-2;2261;M. Zuszek Jean;Championnat de France, D1;;;;FM_196667.docx
1966-1967;officiel;a_creer;1966-12-04;SCO Angers;FC Sochaux;1-1;6296;M. Steiner Robert;Championnat de France, D1;;;;FM_196667.docx
1966-1967;officiel;a_creer;1966-12-11;FC Sochaux;Toulouse FC;1-0;2636;M. Barde Roger;Championnat de France, D1;;;;FM_196667.docx
1966-1967;officiel;a_creer;1966-12-18;FC Sochaux;OGC Nice;4-0;3989;M. Carette Achille;Championnat de France, D1;;;;FM_196667.docx
1966-1967;officiel;a_creer;1967-01-15;ASPTT Paris(DH);FC Sochaux;0-2;;M. Eyroulet Gaston;Coupe de France;;;;FM_196667.docx
1966-1967;officiel;a_creer;1967-01-22;FC Sochaux;Ol. Lyon;1-1;4175;M. Kitabdjian Michel;Championnat de France, D1;;;;FM_196667.docx
1966-1967;officiel;a_creer;1967-01-29;Ol. Marseille;FC Sochaux;1-0;16500;M. Bondon Maurice;Championnat de France, D1;;;;FM_196667.docx
1966-1967;officiel;a_creer;1967-02-05;FC Sochaux;RC Paris-Sedan;1-0;3665;M. Hélies Robert;Championnat de France, D1;;;;FM_196667.docx
1966-1967;officiel;a_creer;1967-02-12;AC Ajaccio(D2);FC Sochaux;1-2;2364;Kitabdjian Michel;Coupe de France;;;;FM_196667.docx
1966-1967;officiel;a_creer;1967-02-19;Girondins Bordeaux;FC Sochaux;1-0;10714;M. Petit André;Championnat de France, D1;;;;FM_196667.docx
1966-1967;officiel;a_creer;1967-02-26;FC Sochaux;FC Nantes;1-1;9725;M. Uhlen Georges;Championnat de France, D1;;;;FM_196667.docx
1966-1967;officiel;a_creer;1967-03-05;RC Lens;FC Sochaux;1-1;5946;M. Barde Roger;Championnat de France, D1;;;;FM_196667.docx
1966-1967;officiel;a_creer;1967-03-12;Chaumont AC(D2);FC Sochaux;1-1;6745;M. Zuszek Jean;Coupe de France;;;;FM_196667.docx
1966-1967;officiel;a_creer;1967-03-15;Chaumont AC(D2);FC Sochaux;1-2;6513;M. Schwinte Pierre;Coupe de France;;;;FM_196667.docx
1966-1967;officiel;a_creer;1967-03-18;FC Sochaux;RC Strasbourg;1-0;4797;M. Carette Achille;Championnat de France, D1;;;;FM_196667.docx
1966-1967;officiel;a_creer;1967-03-26;AS Monaco;FC Sochaux;3-0;1721;M. Mâchin Roger;Championnat de France, D1;;;;FM_196667.docx
1966-1967;officiel;a_creer;1967-04-02;SEC Bastia(D2);FC Sochaux;1-1;18056;M. Lamour Jacques;Coupe de France;;;;FM_196667.docx
1966-1967;officiel;a_creer;1967-04-05;SEC Bastia(D2);FC Sochaux;0-0;20700;M. Bondon Maurice;Coupe de France;;;;FM_196667.docx
1966-1967;officiel;a_creer;1967-04-09;FC Sochaux;US Valenciennes;0-1;4303;M. Debroas André;Championnat de France, D1;;;;FM_196667.docx
1966-1967;officiel;a_creer;1967-04-12;SEC Bastia(D2);FC Sochaux;0-1;16073;Lamour Jacques;Coupe de France;;;;FM_196667.docx
1966-1967;officiel;a_creer;1967-04-16;Stade Français;FC Sochaux;0-3;5223;M. Kitabdjian Michel;Championnat de France, D1;;;;FM_196667.docx
1966-1967;officiel;a_creer;1967-04-25;FC Rouen;FC Sochaux;3-0;6077;M. Dhumerelle Louis;Championnat de France, D1;;;;FM_196667.docx
1966-1967;officiel;a_creer;1967-04-29;Stade Rennes UC(D1);FC Sochaux;0-0;25125;M. Poncin Raymond;Coupe de France;;;;FM_196667.docx
1966-1967;officiel;a_creer;1967-05-02;Stade Rennes UC(D1);FC Sochaux;3-4;29645;M. Malleville Jean;Coupe de France;;;;FM_196667.docx
1966-1967;officiel;a_creer;1967-05-04;FC Sochaux;AS Saint-Etienne;0-3;11823;M. Carette Achille;Championnat de France, D1;;;;FM_196667.docx
1966-1967;officiel;a_creer;1967-05-07;Stade Reims;FC Sochaux;1-1;5427;M. Vigliani René;Championnat de France, D1;;;;FM_196667.docx
1966-1967;officiel;a_creer;1967-05-12;FC Sochaux;Lille OSC;1-0;3796;M. Eurdekian François;Championnat de France, D1;;;;FM_196667.docx
1966-1967;officiel;a_creer;1967-05-21;Ol. Lyon(D1);FC Sochaux;3-1;32523;M. Lacoste Robert;Coupe de France;;;;FM_196667.docx
1966-1967;officiel;a_creer;1967-05-24;Nîmes Ol.;FC Sochaux;3-0;6445;M. Mâchin Roger;Championnat de France, D1;;;;FM_196667.docx
1966-1967;officiel;a_creer;1967-05-28;FC Sochaux;SCO Angers;2-5;2855;M. Maillard Jean;Championnat de France, D1;;;;FM_196667.docx
1966-1967;officiel;a_creer;1967-06-07;FC Sochaux;Stade Rennes UC;3-1;3678;M. Debroas André;Championnat de France, D1;;;;FM_196667.docx
1966-1967;officiel;a_creer;1967-06-10;Toulouse FC;FC Sochaux;1-2;3330;M. Héliès Robert;Championnat de France, D1;;;;FM_196667.docx
1967-1968;officiel;a_creer;1967-08-19;FC Sochaux;OGC Nice;0-2;6818;M. Poncin Raymond;Championnat de France, D1;;;;FM_196768.docx
1967-1968;officiel;a_creer;1967-08-26;FC Rouen;FC Sochaux;1-0;4850;M. Zuszek Jean;Championnat de France, D1;;;;FM_196768.docx
1967-1968;officiel;a_creer;1967-08-30;FC Sochaux;AS Aix-en-Provence;1-1;4514;M. Eyroulet Gaston;Championnat de France, D1;;;;FM_196768.docx
1967-1968;officiel;a_creer;1967-09-03;AC Ajaccio;FC Sochaux;1-1;3704;M. Debroas André;Championnat de France, D1;;;;FM_196768.docx
1967-1968;officiel;a_creer;1967-09-09;FC Sochaux;Ol. Lyon;3-1;6827;M. Bondon Maurice;Championnat de France, D1;;;;FM_196768.docx
1967-1968;officiel;a_creer;1967-09-23;Stade Rennes UC;FC Sochaux;1-1;12509;M. Malleville J.;Championnat de France, D1;;;;FM_196768.docx
1967-1968;officiel;a_creer;1967-09-30;FC Sochaux;SCO Angers;2-0;6940;M. Maillard Jean;Championnat de France, D1;;;;FM_196768.docx
1967-1968;officiel;a_creer;1967-10-04;Lille OSC;FC Sochaux;0-1;7165;M. Petit André;Championnat de France, D1;;;;FM_196768.docx
1967-1968;officiel;a_creer;1967-10-08;RC Paris-Sedan;FC Sochaux;2-0;4171;M. Dhumerelle Louis;Championnat de France, D1;;;;FM_196768.docx
1967-1968;officiel;a_creer;1967-10-14;FC Sochaux;FC Metz;3-2;6831;M. Poncin Raymond;Championnat de France, D1;;;;FM_196768.docx
1967-1968;officiel;a_creer;1967-10-21;FC Sochaux;FC Nantes;1-0;15918;M. Kitabdjian Michel;Championnat de France, D1;;;;FM_196768.docx
1967-1968;officiel;a_creer;1967-11-01;RC Strasbourg;FC Sochaux;1-4;8993;M. Hélies Robert;Championnat de France, D1;;;;FM_196768.docx
1967-1968;officiel;a_creer;1967-11-05;FC Sochaux;RC Lens;4-1;6553;M. Vigliani René;Championnat de France, D1;;;;FM_196768.docx
1967-1968;officiel;a_creer;1967-11-11;AS Saint-Etienne;FC Sochaux;2-0;18500;M. Eurdekian François;Championnat de France, D1;;;;FM_196768.docx
1967-1968;officiel;a_creer;1967-11-18;FC Sochaux;Ol. Marseille;1-1;7650;M. Petit André;Championnat de France, D1;;;;FM_196768.docx
1967-1968;officiel;a_creer;1967-11-26;Girondins Bordeaux FC;FC Sochaux;3-0;6850;M. Barde Roger;Championnat de France, D1;;;;FM_196768.docx
1967-1968;officiel;a_creer;1967-12-03;AS Monaco;FC Sochaux;1-0;2158;M. Eyroulet Gaston;Championnat de France, D1;;;;FM_196768.docx
1967-1968;officiel;a_creer;1967-12-09;FC Sochaux;Red Star FC;1-0;3215;M. Uhlen Georges;Championnat de France, D1;;;;FM_196768.docx
1967-1968;officiel;a_creer;1967-12-17;US Valenciennes;FC Sochaux;0-0;4151;M. Lefèbvre René;Championnat de France, D1;;;;FM_196768.docx
1967-1968;officiel;a_creer;1968-01-07;AS Aix-en-Provence;FC Sochaux;0-0;2125;M. Lacoste Robert;Championnat de France, D1;;;;FM_196768.docx
1967-1968;officiel;a_creer;1968-01-14;SEC Bastia(D2);FC Sochaux;1-5;1500;M. Hélies Robert;Coupe de France;;;;FM_196768.docx
1967-1968;officiel;a_creer;1968-01-21;FC Sochaux;AC Ajaccio;3-1;6598;M. Uhlen Georges;Championnat de France, D1;;;;FM_196768.docx
1967-1968;officiel;a_creer;1968-01-28;Ol. Lyon;FC Sochaux;2-2;5675;M. Mâchin Roger;Championnat de France, D1;;;;FM_196768.docx
1967-1968;officiel;a_creer;1968-02-03;FC Sochaux;Stade Rennes UC;1-2;4997;M. Poncin Raymond;Championnat de France, D1;;;;FM_196768.docx
1967-1968;officiel;a_creer;1968-02-11;UMS Montélimar(CFA);FC Sochaux;0-1;;M. Kitabdjian Michel;Coupe de France;;;;FM_196768.docx
1967-1968;officiel;a_creer;1968-02-18;SCO Angers;FC Sochaux;1-1;3241;M. Maillard Jean;Championnat de France, D1;;;;FM_196768.docx
1967-1968;officiel;a_creer;1968-02-24;FC Sochaux;Lille OSC;2-1;3952;M. Barde Roger;Championnat de France, D1;;;;FM_196768.docx
1967-1968;officiel;a_creer;1968-03-03;FC Sochaux;RC Paris-Sedan;3-0;4816;M. Debroas André;Championnat de France, D1;;;;FM_196768.docx
1967-1968;officiel;a_creer;1968-03-08;FC Nantes(D1);FC Sochaux;1-2;12627;Bondon Maurice;Coupe de France;;;;FM_196768.docx
1967-1968;officiel;a_creer;1968-03-16;FC Metz;FC Sochaux;2-0;13013;M. Petit André;Championnat de France, D1;;;;FM_196768.docx
1967-1968;officiel;a_creer;1968-03-23;FC Sochaux;AS Monaco;0-0;6180;M. Poncin Raymond;Championnat de France, D1;;;;FM_196768.docx
1967-1968;officiel;a_creer;1968-03-31;AS Angoulême(D2);FC Sochaux;2-1;;M. Mouton Roger;Coupe de France;;;;FM_196768.docx
1967-1968;officiel;a_creer;1968-04-09;FC Nantes;FC Sochaux;1-1;12823;M. Poncin Raymond;Championnat de France, D1;;;;FM_196768.docx
1967-1968;officiel;a_creer;1968-04-12;FC Sochaux;RC Strasbourg;1-1;5649;M. Lefèbvre René;Championnat de France, D1;;;;FM_196768.docx
1967-1968;officiel;a_creer;1968-04-27;RC Lens;FC Sochaux;0-2;4216;M. Vigliani René;Championnat de France, D1;;;;FM_196768.docx
1967-1968;officiel;a_creer;1968-05-04;FC Sochaux;AS Saint-Etienne;0-4;16866;M. Bondon Maurice;Championnat de France, D1;;;;FM_196768.docx
1967-1968;officiel;a_creer;1968-05-18;Ol. Marseille;FC Sochaux;0-1;5264;M. Frauciel Robert;Championnat de France, D1;;;;FM_196768.docx
1967-1968;officiel;a_creer;1968-06-12;FC Sochaux;Girondins Bordeaux FC;0-1;5683;M. Vigliani René;Championnat de France, D1;;;;FM_196768.docx
1967-1968;officiel;a_creer;1968-06-16;Red Star FC;FC Sochaux;1-2;5597;M. Lacoste Robert;Championnat de France, D1;;;;FM_196768.docx
1967-1968;officiel;a_creer;1968-06-22;FC Sochaux;US Valenciennes;3-1;3954;M. Bondon Maurice;Championnat de France, D1;;;;FM_196768.docx
1967-1968;officiel;a_creer;1968-06-28;OGC Nice;FC Sochaux;1-0;7212;M. Eyroulet Gaston;Championnat de France, D1;;;;FM_196768.docx
1968-1969;officiel;a_creer;1968-07-05;FC Sochaux;FC Rouen;3-0;3418;M. Mâchin Roger;Championnat de France, D1;;;;FM_196768.docx
1968-1969;officiel;a_creer;1968-09-04;AS Saint-Etienne;FC Sochaux;4-1;12268;M. Vigliani René;Championnat de France, D1;;;;FM_196869.docx
1968-1969;officiel;a_creer;1968-09-06;FC Sochaux;AC Ajaccio;0-1;5804;M. Carette Achille;Championnat de France, D1;;;;FM_196869.docx
1968-1969;officiel;a_creer;1968-09-15;US Valenciennes;FC Sochaux;2-1;5686;M. Petit André;Championnat de France, D1;;;;FM_196869.docx
1968-1969;officiel;a_creer;1968-09-29;FC Rouen;FC Sochaux;2-1;8486;M. Poncin Raymond;Championnat de France, D1;;;;FM_196869.docx
1968-1969;officiel;a_creer;1968-10-06;FC Sochaux;Stade Rennes UC;1-1;6536;M. Maillard Jean;Championnat de France, D1;;;;FM_196869.docx
1968-1969;officiel;a_creer;1968-10-13;OGC Nice;FC Sochaux;0-3;7714;M. Eyroulet Gaston;Championnat de France, D1;;;;FM_196869.docx
1968-1969;officiel;a_creer;1968-10-20;FC Sochaux;RC Strasbourg;3-0;5624;M. Petit André;Championnat de France, D1;;;;FM_196869.docx
1968-1969;officiel;a_creer;1968-10-23;FC Sochaux;Ol. Marseille;3-1;5502;M. Bancourt Jean;Championnat de France, D1;;;;FM_196869.docx
1968-1969;officiel;a_creer;1968-10-27;Ol. Lyon;FC Sochaux;6-3;8492;M. Steiner Robert;Championnat de France, D1;;;;FM_196869.docx
1968-1969;officiel;a_creer;1968-11-03;FC Sochaux;SEC Bastia;2-2;8922;M. Carette Achille;Championnat de France, D1;;;;FM_196869.docx
1968-1969;officiel;a_creer;1968-11-10;Nîmes Ol.;FC Sochaux;3-1;5177;M. Mallereau E.;Championnat de France, D1;;;;FM_196869.docx
1968-1969;officiel;a_creer;1968-11-17;FC Sochaux;FC Metz;5-2;2387;M. Zuszek Jean;Championnat de France, D1;;;;FM_196869.docx
1968-1969;officiel;a_creer;1968-11-24;Red Star FC;FC Sochaux;2-2;7921;M. Poncin Raymond;Championnat de France, D1;;;;FM_196869.docx
1968-1969;officiel;a_creer;1968-12-01;FC Sochaux;AS Monaco;0-0;3961;M. Maillard Jean;Championnat de France, D1;;;;FM_196869.docx
1968-1969;officiel;a_creer;1968-12-08;Girondins Bordeaux FC;FC Sochaux;4-0;9845;M. Mazerand A.;Championnat de France, D1;;;;FM_196869.docx
1968-1969;officiel;a_creer;1968-12-15;RC Paris-Sedan;FC Sochaux;2-0;1394;M. Uhlen Georges;Championnat de France, D1;;;;FM_196869.docx
1968-1969;officiel;a_creer;1969-01-05;FC Sochaux;FC Nantes;1-2;3887;M. Petit André;Championnat de France, D1;;;;FM_196869.docx
1968-1969;officiel;a_creer;1969-01-12;RC Strasbourg;FC Sochaux;2-1;3439;M. Mâchin Roger;Coupe de France;;;;FM_196869.docx
1968-1969;officiel;a_creer;1969-01-19;AC Ajaccio;FC Sochaux;0-2;2800;M. Rios Vincent;Championnat de France, D1;;;;FM_196869.docx
1968-1969;officiel;a_creer;1969-01-26;FC Sochaux;US Valenciennes;2-0;4045;M. Kitabdjian Michel;Championnat de France, D1;;;;FM_196869.docx
1968-1969;officiel;a_creer;1969-02-02;Ol. Marseille;FC Sochaux;4-0;12241;M. Lacoste Robert;Championnat de France, D1;;;;FM_196869.docx
1968-1969;officiel;a_creer;1969-02-23;Stade Rennes UC;FC Sochaux;3-2;5261;M. Maillard J.;Championnat de France, D1;;;;FM_196869.docx
1968-1969;officiel;a_creer;1969-03-02;FC Sochaux;FC Rouen;2-0;3440;M. Eyroulet Gaston;Championnat de France, D1;;;;FM_196869.docx
1968-1969;officiel;a_creer;1969-03-16;FC Sochaux;OGC Nice;3-0;3361;M. Carette Achille;Championnat de France, D1;;;;FM_196869.docx
1968-1969;officiel;a_creer;1969-03-23;RC Strasbourg;FC Sochaux;1-0;7007;M. Carette Achille;Championnat de France, D1;;;;FM_196869.docx
1968-1969;officiel;a_creer;1969-04-06;FC Sochaux;Ol. Lyon;2-1;4240;M. Eurdekian François;Championnat de France, D1;;;;FM_196869.docx
1968-1969;officiel;a_creer;1969-04-13;SEC Bastia;FC Sochaux;1-0;2927;M. Héliès Robert;Championnat de France, D1;;;;FM_196869.docx
1968-1969;officiel;a_creer;1969-04-20;FC Sochaux;Nîmes Ol.;1-1;2651;M. Frauciel Robert;Championnat de France, D1;;;;FM_196869.docx
1968-1969;officiel;a_creer;1969-05-04;FC Metz;FC Sochaux;3-0;6606;M. Héliès Robert;Championnat de France, D1;;;;FM_196869.docx
1968-1969;officiel;a_creer;1969-05-11;FC Sochaux;Red Star FC;3-3;3315;M. Kitabdjian Michel;Championnat de France, D1;;;;FM_196869.docx
1968-1969;officiel;a_creer;1969-05-18;AS Monaco;FC Sochaux;2-1;979;M. Mallereau Emile;Championnat de France, D1;;;;FM_196869.docx
1968-1969;officiel;a_creer;1969-05-25;FC Sochaux;Girondins Bordeaux FC;0-1;7000;M. Carette Achille;Championnat de France, D1;;;;FM_196869.docx
1968-1969;officiel;a_creer;1969-06-01;FC Sochaux;RC Paris-Sedan;3-1;3490;M. Mâchin Roger;Championnat de France, D1;;;;FM_196869.docx
1968-1969;officiel;a_creer;1969-06-08;FC Nantes;FC Sochaux;0-0;5479;M. Bancourt Jean;Championnat de France, D1;;;;FM_196869.docx
1968-1969;officiel;a_creer;1969-06-15;FC Sochaux;AS Saint-Etienne;1-0;8685;M. Poncin Raymond;Championnat de France, D1;;;;FM_196869.docx
1969-1970;officiel;a_creer;1969-08-05;Ol. Marseille;FC Sochaux;0-0;15480;M. Eyroulet Gaston;Championnat de France, D1;;;;FM_196970.docx
1969-1970;officiel;a_creer;1969-08-09;FC Sochaux;Red Star FC;0-3;4301;M. Mâchin Roger;Championnat de France, D1;;;;FM_196970.docx
1969-1970;officiel;a_creer;1969-08-13;SEC Bastia;FC Sochaux;2-0;3540;M. Lefèbvre René;Championnat de France, D1;;;;FM_196970.docx
1969-1970;officiel;a_creer;1969-08-20;FC Sochaux;CS Sedan;1-0;2085;M. Maillard Jean;Championnat de France, D1;;;;FM_196970.docx
1969-1970;officiel;a_creer;1969-08-27;Ol. Lyon;FC Sochaux;2-2;13551;M. Kitabdjian Michel;Championnat de France, D1;;;;FM_196970.docx
1969-1970;officiel;a_creer;1969-09-03;FC Sochaux;SCO Angers;1-1;5737;M. Poncin Raymond;Championnat de France, D1;;;;FM_196970.docx
1969-1970;officiel;a_creer;1969-09-20;FC Sochaux;Nîmes Ol.;2-2;5402;M. Petit André;Championnat de France, D1;;;;FM_196970.docx
1969-1970;officiel;a_creer;1969-09-24;Girondins Bordeaux FC;FC Sochaux;3-0;6743;M. Rios Vincent;Championnat de France, D1;;;;FM_196970.docx
1969-1970;officiel;a_creer;1969-10-04;FC Sochaux;US Valenciennes;6-1;4754;M. Héliès Robert;Championnat de France, D1;;;;FM_196970.docx
1969-1970;officiel;a_creer;1969-10-18;FC Rouen;FC Sochaux;1-3;5924;M. Mâchin Roger;Championnat de France, D1;;;;FM_196970.docx
1969-1970;officiel;a_creer;1969-10-25;FC Sochaux;AS Saint-Etienne;3-3;17793;M. Bancourt Jean;Championnat de France, D1;;;;FM_196970.docx
1969-1970;officiel;a_creer;1969-11-05;AC Ajaccio;FC Sochaux;1-0;2324;M. Mazerand André;Championnat de France, D1;;;;FM_196970.docx
1969-1970;officiel;a_creer;1969-11-16;FC Metz;FC Sochaux;1-2;9767;M. Wurtz Robert;Championnat de France, D1;;;;FM_196970.docx
1969-1970;officiel;a_creer;1969-11-22;FC Sochaux;Stade Rennes UC;2-2;5966;M. Poncin Raymond;Championnat de France, D1;;;;FM_196970.docx
1969-1970;officiel;a_creer;1969-11-30;AS Angoulême;FC Sochaux;4-0;3580;M. Kitabdjian Michel;Championnat de France, D1;;;;FM_196970.docx
1969-1970;officiel;a_creer;1969-12-07;FC Sochaux;RC Strasbourg;2-0;4028;M. Petit André;Championnat de France, D1;;;;FM_196970.docx
1969-1970;officiel;a_creer;1969-12-13;FC Sochaux;SEC Bastia;2-1;2478;M. Verbecke Achille;Championnat de France, D1;;;;FM_196970.docx
1969-1970;officiel;a_creer;1970-01-25;Red Star FC;FC Sochaux;1-0;4164;M. Kitabdjian Michel;Championnat de France, D1;;;;FM_196970.docx
1969-1970;officiel;a_creer;1970-02-01;FC Sochaux;Ol. Lyon;0-2;3360;M. Poncin Raymond;Championnat de France, D1;;;;FM_196970.docx
1969-1970;officiel;a_creer;1970-02-08;FC Mulhouse(CFA);FC Sochaux;1-3;;;Coupe de France;;;;FM_196970.docx
1969-1970;officiel;a_creer;1970-02-15;SCO Angers;FC Sochaux;2-2;3497;M. Vigliani René;Championnat de France, D1;;;;FM_196970.docx
1969-1970;officiel;a_creer;1970-02-22;Nîmes Ol.;FC Sochaux;2-0;7028;M. Bancourt Jean;Championnat de France, D1;;;;FM_196970.docx
1969-1970;officiel;a_creer;1970-03-01;Stade Rennes UC(D1);FC Sochaux;3-2;;M. Wurtz Robert;Coupe de France;;;;FM_196970.docx
1969-1970;officiel;a_creer;1970-03-15;US Valenciennes;FC Sochaux;0-1;3277;M. Lefèbvre René;Championnat de France, D1;;;;FM_196970.docx
1969-1970;officiel;a_creer;1970-03-22;CS Sedan;FC Sochaux;3-0;4174;M. Kitabdjian Michel;Championnat de France, D1;;;;FM_196970.docx
1969-1970;officiel;a_creer;1970-03-27;FC Sochaux;Girondins Bordeaux FC;3-2;3254;M. Rios Vincent;Championnat de France, D1;;;;FM_196970.docx
1969-1970;officiel;a_creer;1970-04-04;FC Sochaux;FC Rouen;1-1;2320;M. Bancourt Jean;Championnat de France, D1;;;;FM_196970.docx
1969-1970;officiel;a_creer;1970-04-15;AS Saint-Etienne;FC Sochaux;2-0;9002;M. Eurdekian François;Championnat de France, D1;;;;FM_196970.docx
1969-1970;officiel;a_creer;1970-04-22;FC Sochaux;AC Ajaccio;0-2;2887;M. Héliès Robert;Championnat de France, D1;;;;FM_196970.docx
1969-1970;officiel;a_creer;1970-05-16;FC Sochaux;FC Metz;4-1;3784;M. Petit André;Championnat de France, D1;;;;FM_196970.docx
1969-1970;officiel;a_creer;1970-05-20;Stade Rennes UC;FC Sochaux;2-4;8000;M. Poncin Raymond;Championnat de France, D1;;;;FM_196970.docx
1969-1970;officiel;a_creer;1970-05-30;FC Sochaux;AS Angoulême;1-0;3376;M. Debroas André;Championnat de France, D1;;;;FM_196970.docx
1969-1970;officiel;a_creer;1970-06-03;RC Strasbourg;FC Sochaux;2-2;7000;M. Petit André;Championnat de France, D1;;;;FM_196970.docx
1969-1970;officiel;a_creer;1970-06-06;FC Sochaux;FC Nantes;0-3;4232;M. Wurtz Robert;Championnat de France, D1;;;;FM_196970.docx
1969-1970;officiel;a_creer;1970-06-13;FC Sochaux;Ol. Marseille;2-2;3044;M. Maillard Jean;Championnat de France, D1;;;;FM_196970.docx
1969-1970;officiel;a_creer;1970-06-17;FC Nantes;FC Sochaux;1-2;5000;M. Bancourt Jean;Championnat de France, D1;;;;FM_196970.docx
1970-1971;officiel;ok;1970-08-12;Girondins Bordeaux FC;FC Sochaux;1-2;8842;M. Rios Vincent;Championnat de France, D1;/matchs/1970-1971/bordeaux-sochaux-division-1-12-08-1970/;;;FM_197071.docx
1970-1971;officiel;ok;1970-08-19;FC Sochaux;Red Star FC;2-1;4555;M. Kitabdjian Michel;Championnat de France, D1;/matchs/1970-1971/sochaux-red-star-division-1-19-08-1970/;;;FM_197071.docx
1970-1971;officiel;ok;1970-08-22;AS Saint-Etienne;FC Sochaux;1-0;10807;M. Maillard Jean;Championnat de France, D1;/matchs/1970-1971/saint-etienne-sochaux-division-1-22-08-1970/;;;FM_197071.docx
1970-1971;officiel;ok;1970-08-26;FC Sochaux;RC Strasbourg;1-0;9642;M. Mâchin Roger;Championnat de France, D1;/matchs/1970-1971/sochaux-strasbourg-division-1-26-08-1970/;;;FM_197071.docx
1970-1971;officiel;ok;1970-08-29;AS Nancy;FC Sochaux;2-1;9309;M. Lefèbvre René;Championnat de France, D1;/matchs/1970-1971/nancy-sochaux-division-1-29-08-1970/;;;FM_197071.docx
1970-1971;officiel;ok;1970-09-09;FC Sochaux;CS Sedan;3-1;6938;M. Verbecke Achille;Championnat de France, D1;/matchs/1970-1971/sochaux-sedan-division-1-09-09-1970/;;;FM_197071.docx
1970-1971;officiel;ok;1970-09-19;FC Nantes;FC Sochaux;1-1;14622;M. Peauger Jean-Pierre;Championnat de France, D1;/matchs/1970-1971/nantes-sochaux-division-1-19-09-1970/;;;FM_197071.docx
1970-1971;officiel;ok;1970-09-26;FC Sochaux;AC Ajaccio;5-1;9405;M. Poncin Raymond;Championnat de France, D1;/matchs/1970-1971/sochaux-ajaccio-division-1-26-09-1970/;;;FM_197071.docx
1970-1971;officiel;ok;1970-10-03;Nîmes Ol.;FC Sochaux;4-3;10790;M. Mouton Roger;Championnat de France, D1;/matchs/1970-1971/nimes-sochaux-division-1-03-10-1970/;;;FM_197071.docx
1970-1971;officiel;ok;1970-10-10;FC Sochaux;AS Angoulême;3-0;9559;M. Mâchin Roger;Championnat de France, D1;/matchs/1970-1971/sochaux-angouleme-division-1-10-10-1970/;;;FM_197071.docx
1970-1971;officiel;ok;1970-10-14;Ol. Marseille;FC Sochaux;2-2;35208;M. Wurtz Robert;Championnat de France, D1;/matchs/1970-1971/marseille-sochaux-division-1-14-10-1970/;;;FM_197071.docx
1970-1971;officiel;ok;1970-11-18;Ol. Lyon;FC Sochaux;2-0;5570;M. Ulhen Georges;Championnat de France, D1;/matchs/1970-1971/lyon-sochaux-division-1-18-11-1970/;;;FM_197071.docx
1970-1971;officiel;ok;1970-11-22;FC Sochaux;FC Metz;5-1;5232;M. Espié Jean;Championnat de France, D1;/matchs/1970-1971/sochaux-metz-division-1-22-11-1970/;;;FM_197071.docx
1970-1971;officiel;ok;1970-11-29;SEC Bastia;FC Sochaux;2-2;2700;M. Mouton Roger;Championnat de France, D1;/matchs/1970-1971/bastia-sochaux-division-1-29-11-1970/;;;FM_197071.docx
1970-1971;officiel;ok;1970-12-06;FC Sochaux;Stade Reims;2-1;7501;M. Verbecke Achille;Championnat de France, D1;/matchs/1970-1971/sochaux-reims-division-1-06-12-1970/;;;FM_197071.docx
1970-1971;officiel;desaccord;1970-12-09;SCO Angers;FC Sochaux;1-0;858;M. Bancourt Jean;Championnat de France, D1;/matchs/1970-1971/angers-sochaux-division-1-09-12-1970/;affluence 858 (feuille) ≠ 5858 (musée);;FM_197071.docx
1970-1971;officiel;ok;1970-12-20;FC Sochaux;OGC Nice;1-0;4447;M. Petit André;Championnat de France, D1;/matchs/1970-1971/sochaux-nice-division-1-20-12-1970/;;;FM_197071.docx
1970-1971;officiel;a_creer;1971-01-31;Red Star FC;FC Sochaux;0-0;9171;M. Ulhen Georges;Championnat de France, D1;;;;FM_197071.docx
1970-1971;officiel;a_creer;1971-02-07;AS Angoulême(D1);FC Sochaux;0-5;;M. Debroas André;Coupe de France;;;;FM_197071.docx
1970-1971;officiel;a_creer;1971-02-14;FC Sochaux;AS Saint-Etienne;1-1;16671;M. Peauger Jean-Pierre;Championnat de France, D1;;;;FM_197071.docx
1970-1971;officiel;a_creer;1971-02-21;RC Strasbourg;FC Sochaux;2-1;8433;M. Poncin Raymond;Championnat de France, D1;;;;FM_197071.docx
1970-1971;officiel;a_creer;1971-02-28;AS Strasbourg(CFA);FC Sochaux;1-2;2885;M. Petit André;Coupe de France;;;;FM_197071.docx
1970-1971;officiel;a_creer;1971-03-07;FC Sochaux;FC Nancy;1-0;3085;M. Kitabdjian Michel;Championnat de France, D1;;;;FM_197071.docx
1970-1971;officiel;a_creer;1971-03-20;FC Sochaux;FC Nantes;2-0;6245;M. Debroas André;Championnat de France, D1;;;;FM_197071.docx
1970-1971;officiel;a_creer;1971-03-24;AC Ajaccio;FC Sochaux;1-0;1500;M. Zuszek Jean;Championnat de France, D1;;;;FM_197071.docx
1970-1971;officiel;a_creer;1971-03-27;FC Sochaux;FC Nantes(D1);2-0;7772;M. Wurtz Robert;Coupe de France;;;;FM_197071.docx
1970-1971;officiel;a_creer;1971-04-03;FC Sochaux;Nîmes Ol.;3-0;6689;M. Poncin Raymond;Championnat de France, D1;;;;FM_197071.docx
1970-1971;officiel;a_creer;1971-04-09;FC Nantes(D1);FC Sochaux;1-1;20000;M. Verbecke Achille;Coupe de France;;;;FM_197071.docx
1970-1971;officiel;a_creer;1971-04-14;AS Angoulême;FC Sochaux;1-0;2994;Kitabdjian Michel;Championnat de France, D1;;;;FM_197071.docx
1970-1971;officiel;a_creer;1971-04-17;FC Sochaux;Ol. Marseille;1-1;20176;M. Ulhen Georges;Championnat de France, D1;;;;FM_197071.docx
1970-1971;officiel;a_creer;1971-04-28;FC Sochaux;SCO Angers;0-0;3310;M. Bancourt Jean;Championnat de France, D1;;;;FM_197071.docx
1970-1971;officiel;a_creer;1971-05-01;FC Sochaux;Girondins Bordeaux(D1);2-1;12710;M. Wurtz Robert;Coupe de France;;;;FM_197071.docx
1970-1971;officiel;a_creer;1971-05-05;Girondins Bordeaux(D1);FC Sochaux;0-1;25000;M. Uhlen Georges;Coupe de France;;;;FM_197071.docx
1970-1971;officiel;a_creer;1971-05-08;US Valenciennes;FC Sochaux;4-0;2219;M. Lefèbvre René;Championnat de France, D1;;;;FM_197071.docx
1970-1971;officiel;a_creer;1971-05-12;CS Sedan;FC Sochaux;2-1;3586;;Championnat de France, D1;;;;FM_197071.docx
1970-1971;officiel;a_creer;1971-05-18;FC Metz;FC Sochaux;3-3;6128;M. Peauger Jean-Pierre;Championnat de France, D1;;;;FM_197071.docx
1970-1971;officiel;a_creer;1971-05-28;FC Sochaux;Ol. Lyon;0-1;14889;M. Kitabdjian Michel;Coupe de France;;;;FM_197071.docx
1970-1971;officiel;a_creer;1971-06-05;Stade Reims;FC Sochaux;4-1;6734;Bancourt Jean;Championnat de France, D1;;;;FM_197071.docx
1970-1971;officiel;a_creer;1971-06-11;FC Sochaux;Stade Rennes UC;4-2;2979;M. Lefèbvre René;Championnat de France, D1;;;;FM_197071.docx
1970-1971;officiel;a_creer;1971-06-19;OGC Nice;FC Sochaux;4-5;3833;M. Petit André;Championnat de France, D1;;;;FM_197071.docx
1970-1971;officiel;a_creer;1971-06-26;FC Sochaux;Girondins Bordeaux;1-3;3842;M. Poncin Raymond;Championnat de France, D1;;;;FM_197071.docx
1971-1972;officiel;a_creer;1971-08-11;Lille OSC;FC Sochaux;2-3;11200;M. Besory Gabriel;Championnat de France, D1;;;;FM_197172.docx
1971-1972;officiel;a_creer;1971-08-18;FC Sochaux;AS Nancy;2-1;7703;M. Uhlen Goerges;Championnat de France, D1;;;;FM_197172.docx
1971-1972;officiel;a_creer;1971-08-25;Red Star FC;FC Sochaux;2-1;11812;M. Espie Jean;Championnat de France, D1;;;;FM_197172.docx
1971-1972;officiel;a_creer;1971-08-28;FC Sochaux;AS Saint-Etienne;0-2;12748;M. Petit André;Championnat de France, D1;;;;FM_197172.docx
1971-1972;officiel;a_creer;1971-09-01;SEC Bastia;FC Sochaux;6-1;4500;M. Lefebvre René;Championnat de France, D1;;;;FM_197172.docx
1971-1972;officiel;a_creer;1971-09-18;OGC Nice;FC Sochaux;1-2;13142;M. Debroas André;Championnat de France, D1;;;;FM_197172.docx
1971-1972;officiel;a_creer;1971-09-22;FC Sochaux;FC Nantes;2-0;8436;M. Uhlen Georges;Championnat de France, D1;;;;FM_197172.docx
1971-1972;officiel;a_creer;1971-10-02;AS Angoulême;FC Sochaux;0-0;2999;M. Héliès Robert;Championnat de France, D1;;;;FM_197172.docx
1971-1972;officiel;a_creer;1971-10-13;FC Sochaux;Stade Reims;1-1;4605;M. Verbecke Achille;Championnat de France, D1;;;;FM_197172.docx
1971-1972;officiel;a_creer;1971-10-16;FC Sochaux;Stade Rennes UC;3-2;6878;M. Poncin Raymond;Championnat de France, D1;;;;FM_197172.docx
1971-1972;officiel;a_creer;1971-10-24;FC Metz;FC Sochaux;0-1;10692;M. Lefebvre René;Championnat de France, D1;;;;FM_197172.docx
1971-1972;officiel;a_creer;1971-10-27;FC Sochaux;Nîmes Ol.;1-0;12614;M. Wurtz Robert;Championnat de France, D1;;;;FM_197172.docx
1971-1972;officiel;a_creer;1971-10-30;FC Sochaux;AC Ajaccio;3-1;8297;M. Frère Stéphane;Championnat de France, D1;;;;FM_197172.docx
1971-1972;officiel;a_creer;1971-11-13;Paris SG;FC Sochaux;1-0;10178;M. Héliès Robert;Championnat de France, D1;;;;FM_197172.docx
1971-1972;officiel;a_creer;1971-11-17;FC Sochaux;AS Monaco;3-1;3724;M. Bancourt Jean;Championnat de France, D1;;;;FM_197172.docx
1971-1972;officiel;a_creer;1971-11-21;Ol. Marseille;FC Sochaux;3-0;15993;M. Frauciel Robert;Championnat de France, D1;;;;FM_197172.docx
1971-1972;officiel;a_creer;1971-11-27;FC Sochaux;Ol. Lyon;4-0;5540;M. Besory Gabriel;Championnat de France, D1;;;;FM_197172.docx
1971-1972;officiel;a_creer;1971-12-12;SCO Angers;FC Sochaux;2-0;3399;M. Peauger Jean-Pierre;Championnat de France, D1;;;;FM_197172.docx
1971-1972;officiel;a_creer;1971-12-19;FC Sochaux;Girondins Bordeaux FC;0-0;4690;M. Frère Stéphane;Championnat de France, D1;;;;FM_197172.docx
1971-1972;officiel;a_creer;1972-01-09;AS Nancy;FC Sochaux;0-0;9831;M. Bancourt Jean;Championnat de France, D1;;;;FM_197172.docx
1971-1972;officiel;a_creer;1972-01-16;FC Sochaux;Red Star FC;1-2;4323;M. Kitabdjian Michel;Championnat de France, D1;;;;FM_197172.docx
1971-1972;officiel;a_creer;1972-01-23;FC Metz(D1);FC Sochaux;0-1;6358;Besory Gabriel;Coupe de France;;;;FM_197172.docx
1971-1972;officiel;a_creer;1972-01-30;AS Saint-Etienne;FC Sochaux;0-1;7876;M. Maillard Jean;Championnat de France, D1;;;;FM_197172.docx
1971-1972;officiel;a_creer;1972-02-06;FC Sochaux;SEC Bastia;6-1;6620;M. Frauciel Robert;Championnat de France, D1;;;;FM_197172.docx
1971-1972;officiel;a_creer;1972-02-13;Nîmes Ol.;FC Sochaux;2-1;10901;M. Bancourt Jean;Championnat de France, D1;;;;FM_197172.docx
1971-1972;officiel;a_creer;1972-02-20;US Valenciennes(D2);FC Sochaux;2-4;4512;M. Petit André;Coupe de France;;;;FM_197172.docx
1971-1972;officiel;a_creer;1972-02-27;FC Sochaux;OGC Nice;1-1;9734;M. Besory Gabriel;Championnat de France, D1;;;;FM_197172.docx
1971-1972;officiel;a_creer;1972-03-05;FC Nantes;FC Sochaux;2-0;9128;M. Frauciel Robert;Championnat de France, D1;;;;FM_197172.docx
1971-1972;officiel;a_creer;1972-03-11;FC Sochaux;Stade Reims(D1);1-0;9585;M. Kitabdjian Michel;Coupe de France;;;;FM_197172.docx
1971-1972;officiel;a_creer;1972-03-15;Stade Reims(D1);FC Sochaux;3-0;16967;M. Wurtz Robert;Coupe de France;;;;FM_197172.docx
1971-1972;officiel;a_creer;1972-03-19;FC Sochaux;AS Angoulême;4-1;3432;M. Espie Jean;Championnat de France, D1;;;;FM_197172.docx
1971-1972;officiel;a_creer;1972-03-26;Stade Reims;FC Sochaux;2-3;7230;M. Héliès Robert;Championnat de France, D1;;;;FM_197172.docx
1971-1972;officiel;a_creer;1972-03-29;Stade Rennes UC;FC Sochaux;0-2;7641;M. Poncin Raymond;Championnat de France, D1;;;;FM_197172.docx
1971-1972;officiel;a_creer;1972-04-01;FC Sochaux;FC Metz;1-0;5693;M. Petit André;Championnat de France, D1;;;;FM_197172.docx
1971-1972;officiel;a_creer;1972-04-12;AC Ajaccio;FC Sochaux;1-2;2492;M. Uhlen Georges;Championnat de France, D1;;;;FM_197172.docx
1971-1972;officiel;a_creer;1972-04-22;FC Sochaux;Paris SG;0-2;6727;M. Mâchin Roger;Championnat de France, D1;;;;FM_197172.docx
1971-1972;officiel;a_creer;1972-04-29;AS Monaco;FC Sochaux;1-3;1194;M. Frauciel Robert;Championnat de France, D1;;;;FM_197172.docx
1971-1972;officiel;a_creer;1972-05-03;FC Sochaux;Ol. Marseille;0-1;16045;M. Petit André;Championnat de France, D1;;;;FM_197172.docx
1971-1972;officiel;a_creer;1972-05-06;Ol. Lyon;FC Sochaux;1-0;18762;M. Héliès Robert;Championnat de France, D1;;;;FM_197172.docx
1971-1972;officiel;a_creer;1972-05-17;FC Sochaux;SCO Angers;2-0;4500;M. Peauger Jean-Pierre;Championnat de France, D1;;;;FM_197172.docx
1971-1972;officiel;a_creer;1972-05-20;Girondins Bordeaux FC;FC Sochaux;0-1;4244;M. Vigliani René;Championnat de France, D1;;;;FM_197172.docx
1971-1972;officiel;a_creer;1972-05-26;FC Sochaux;Lille OSC;2-0;6009;M. Kitabdjian Michel;Championnat de France, D1;;;;FM_197172.docx
1972-1973;officiel;a_creer;1972-08-09;OGC Nice;FC Sochaux;4-1;15603;M. Mouchotte Guy;Championnat de France,D1;;;;FM_197273.docx
1972-1973;officiel;a_creer;1972-08-23;Nîmes Ol.;FC Sochaux;3-0;9165;M. Maillard Jean;Championnat de France,D1;;;;FM_197273.docx
1972-1973;officiel;a_creer;1972-08-26;FC Sochaux;Ol. Lyon;3-1;6483;M. Mâchin Roger;Championnat de France,D1;;;;FM_197273.docx
1972-1973;officiel;a_creer;1972-09-06;SEC Bastia;FC Sochaux;3-1;2650;M. Héliès Robert;Championnat de France,D1;;;;FM_197273.docx
1972-1973;officiel;a_creer;1972-09-13;FC Sochaux;BK Frem Copenhague(Dan.);1-3;6452;;Coupe de l'UEFA;;;;FM_197273.docx
1972-1973;officiel;a_creer;1972-09-15;FC Sochaux;AS Nancy;2-2;3836;M. Kitabdjian Michel;Championnat de France,D1;;;;FM_197273.docx
1972-1973;officiel;a_creer;1972-09-20;FC Nantes;FC Sochaux;4-3;10514;M. Wurtz Robert;Championnat de France,D1;;;;FM_197273.docx
1972-1973;officiel;a_creer;1972-09-27;BK Frem Copenhague(Dan.);FC Sochaux;2-1;4000;;Coupe de l'UEFA;;;;FM_197273.docx
1972-1973;officiel;a_creer;1972-09-29;FC Sochaux;Stade Rennes FC;2-1;4262;M. Mâchin Roger;Championnat de France,D1;;;;FM_197273.docx
1972-1973;officiel;a_creer;1972-10-04;Ol. Marseille;FC Sochaux;1-1;17191;M. Bancourt Jean;Championnat de France,D1;;;;FM_197273.docx
1972-1973;officiel;a_creer;1972-10-07;FC Sochaux;US Valenciennes;3-0;4697;M. Héliès Robert;Championnat de France,D1;;;;FM_197273.docx
1972-1973;officiel;a_creer;1972-10-17;Paris FC;FC Sochaux;0-2;8052;M. Kitabdjian Michel;Championnat de France,D1;;;;FM_197273.docx
1972-1973;officiel;a_creer;1972-10-20;Stade Reims;FC Sochaux;1-0;9840;M. Frère Stéphane;Championnat de France,D1;;;;FM_197273.docx
1972-1973;officiel;a_creer;1972-10-27;FC Sochaux;AS Saint-Etienne;2-1;8055;M. Uhlen Georges;Championnat de France,D1;;;;FM_197273.docx
1972-1973;officiel;a_creer;1972-11-04;AC Ajaccio;FC Sochaux;2-0;2573;M. Martin Jean-Claude;Championnat de France,D1;;;;FM_197273.docx
1972-1973;officiel;a_creer;1972-11-19;FC Sochaux;Red Star FC;1-0;2939;M. Mâchin Roger;Championnat de France,D1;;;;FM_197273.docx
1972-1973;officiel;a_creer;1972-11-26;FC Metz;FC Sochaux;2-1;5737;M. Maillard Jean;Championnat de France,D1;;;;FM_197273.docx
1972-1973;officiel;a_creer;1972-12-10;Girondins Bordeaux FC;FC Sochaux;1-1;5520;M. Martin Jean-Claude;Championnat de France,D1;;;;FM_197273.docx
1972-1973;officiel;a_creer;1972-12-17;FC Sochaux;RC Strasbourg;1-1;3317;M. Frauciel Robert;Championnat de France,D1;;;;FM_197273.docx
1972-1973;officiel;a_creer;1973-01-07;CS Sedan;FC Sochaux;1-1;3744;M. Pawlik R.;Championnat de France,D1;;;;FM_197273.docx
1972-1973;officiel;a_creer;1973-01-14;FC Sochaux;Nîmes Ol.;0-0;4664;M. Wurtz Robert;Championnat de France,D1;;;;FM_197273.docx
1972-1973;officiel;a_creer;1973-01-21;Ol. Lyon;FC Sochaux;2-0;4622;M. Vigliani René;Championnat de France,D1;;;;FM_197273.docx
1972-1973;officiel;a_creer;1973-01-28;AS Nancy(D1);FC Sochaux;1-2;;M. Héliès Robert;Coupe de France;;;;FM_197273.docx
1972-1973;officiel;a_creer;1973-02-04;FC Sochaux;SEC Bastia;3-2;5632;M. Verbecke Achille;Championnat de France,D1;;;;FM_197273.docx
1972-1973;officiel;a_creer;1973-02-11;AS Nancy;FC Sochaux;4-2;8372;M. Martin Jean-Claude;Championnat de France,D1;;;;FM_197273.docx
1972-1973;officiel;a_creer;1973-02-18;Chaumont AC(D2);FC Sochaux;0-3;;;Coupe de France;;;;FM_197273.docx
1972-1973;officiel;a_creer;1973-02-25;FC Sochaux;FC Nantes;0-1;5101;M. Héliès Robert;Championnat de France,D1;;;;FM_197273.docx
1972-1973;officiel;a_creer;1973-03-10;FC Sochaux;Red Star FC(D1);3-1;5353;M. Kitabdjian Michel;Coupe de France;;;;FM_197273.docx
1972-1973;officiel;a_creer;1973-03-14;Red Star FC(D1);FC Sochaux;3-1;9000;M. Frère Stéphane;Coupe de France;;;;FM_197273.docx
1972-1973;officiel;a_creer;1973-03-17;Stade Rennes FC;FC Sochaux;0-0;6884;M. Bacou Marcel;Championnat de France,D1;;;;FM_197273.docx
1972-1973;officiel;a_creer;1973-03-24;FC Sochaux;Ol. Marseille;1-2;9730;M. Meeus Jean-Marie;Championnat de France,D1;;;;FM_197273.docx
1972-1973;officiel;a_creer;1973-03-28;US Valenciennes;FC Sochaux;0-0;4182;M. Didier Henri;Championnat de France,D1;;;;FM_197273.docx
1972-1973;officiel;a_creer;1973-03-31;FC Sochaux;Paris FC;1-1;3379;M. Espié Jean;Championnat de France,D1;;;;FM_197273.docx
1972-1973;officiel;a_creer;1973-04-07;FC Sochaux;Stade Reims;2-1;3607;M. Uhlen Georges;Championnat de France,D1;;;;FM_197273.docx
1972-1973;officiel;a_creer;1973-04-14;FC Sochaux;SCO Angers;1-1;3544;M. Wurtz Robert;Championnat de France,D1;;;;FM_197273.docx
1972-1973;officiel;a_creer;1973-04-20;FC Sochaux;AC Ajaccio;4-0;2299;M. Verbecke Achille;Championnat de France,D1;;;;FM_197273.docx
1972-1973;officiel;a_creer;1973-04-28;Red Star FC;FC Sochaux;3-3;5689;M. Héliès Robert;Championnat de France,D1;;;;FM_197273.docx
1972-1973;officiel;a_creer;1973-05-02;FC Sochaux;FC Metz;4-1;2191;M. Pawlik Richard;Championnat de France,D1;;;;FM_197273.docx
1972-1973;officiel;a_creer;1973-05-05;SCO Angers;FC Sochaux;1-0;2873;M. Meeus Jean-Marie;Championnat de France,D1;;;;FM_197273.docx
1972-1973;officiel;a_creer;1973-05-08;AS Saint-Etienne;FC Sochaux;2-2;7235;M. Uhlen Georges;Championnat de France,D1;;;;FM_197273.docx
1972-1973;officiel;a_creer;1973-05-12;FC Sochaux;Girondins Bordeaux FC;0-0;4387;M. Mâchin Roger;Championnat de France,D1;;;;FM_197273.docx
1972-1973;officiel;a_creer;1973-05-29;RC Strasbourg;FC Sochaux;4-2;12572;M. Poncin Raymond;Championnat de France,D1;;;;FM_197273.docx
1972-1973;officiel;a_creer;1973-06-02;FC Sochaux;OGC Nice;5-1;5462;M. Verbecke Achille;Championnat de France,D1;;;;FM_197273.docx
1973-1974;officiel;a_creer;1973-08-07;FC Sochaux;Girondins Bordeaux FC;4-1;6427;M. Mâchin Roger;Championnat de France, D1;;;;FM_197374.docx
1973-1974;officiel;a_creer;1973-08-10;Nîmes Ol.;FC Sochaux;1-1;9369;M. Mouton Roger;Championnat de France, D1;;;;FM_197374.docx
1973-1974;officiel;a_creer;1973-08-14;FC Sochaux;OGC Nice;0-1;13292;M. Mouchotte Guy;Championnat de France, D1;;;;FM_197374.docx
1973-1974;officiel;a_creer;1973-08-17;CS Sedan;FC Sochaux;1-1;6993;M. Deleplace Eugène;Championnat de France, D1;;;;FM_197374.docx
1973-1974;officiel;a_creer;1973-08-24;FC Sochaux;Troyes AF;2-0;8080;M. Vigliani René;Championnat de France, D1;;;;FM_197374.docx
1973-1974;officiel;a_creer;1973-09-01;AS Nancy;FC Sochaux;0-1;10709;M. Kitabdjian Michel;Championnat de France, D1;;;;FM_197374.docx
1973-1974;officiel;a_creer;1973-09-12;FC Sochaux;Stade Rennes FC;4-1;6339;M. Poncin Raymond;Championnat de France, D1;;;;FM_197374.docx
1973-1974;officiel;a_creer;1973-09-22;Ol. Lyon;FC Sochaux;2-1;19945;M. Héliès Robert;Championnat de France, D1;;;;FM_197374.docx
1973-1974;officiel;a_creer;1973-09-25;FC Sochaux;RC Lens;2-3;6483;M. Frauciel Robert;Championnat de France, D1;;;;FM_197374.docx
1973-1974;officiel;a_creer;1973-10-06;FC Sochaux;Stade Reims;1-2;7311;M. Didier Henri;Championnat de France, D1;;;;FM_197374.docx
1973-1974;officiel;a_creer;1973-10-17;SEC Bastia;FC Sochaux;2-0;3540;M. Besory Gabriel;Championnat de France, D1;;;;FM_197374.docx
1973-1974;officiel;a_creer;1973-10-27;FC Sochaux;SCO Angers;4-2;4415;M. Espie Jean;Championnat de France, D1;;;;FM_197374.docx
1973-1974;officiel;a_creer;1973-10-30;Ol. Marseille;FC Sochaux;1-1;11275;M. Verbecke Achille;Championnat de France, D1;;;;FM_197374.docx
1973-1974;officiel;a_creer;1973-11-02;FC Sochaux;FC Metz;1-0;5207;M. Konrath Georges;Championnat de France, D1;;;;FM_197374.docx
1973-1974;officiel;a_creer;1973-11-11;Paris FC;FC Sochaux;2-3;33872;M.Kitabdjian Michel;Championnat de France, D1;;;;FM_197374.docx
1973-1974;officiel;a_creer;1973-11-16;FC Sochaux;AS Monaco;1-0;3845;M. Deleplace Eugène;Championnat de France, D1;;;;FM_197374.docx
1973-1974;officiel;a_creer;1973-12-02;FC Nantes;FC Sochaux;2-1;7670;M. Martin Jean-Claude;Championnat de France, D1;;;;FM_197374.docx
1973-1974;officiel;a_creer;1973-12-09;FC Sochaux;AS Saint-Etienne;0-2;11011;M. Frère Stèphane;Championnat de France, D1;;;;FM_197374.docx
1973-1974;officiel;a_creer;1973-12-16;RC Strasbourg;FC Sochaux;2-2;4672;M. Héliès Robert;Championnat de France, D1;;;;FM_197374.docx
1973-1974;officiel;a_creer;1973-12-23;FC Sochaux;Nîmes Ol.;0-1;3135;M. Meeus Jean-Marie;Championnat de France, D1;;;;FM_197374.docx
1973-1974;officiel;a_creer;1974-01-06;OGC Nice;FC Sochaux;2-2;11989;M. Bancourt Jean;Championnat de France, D1;;;;FM_197374.docx
1973-1974;officiel;a_creer;1974-01-13;FC Sochaux;CS Sedan;3-0;3593;M. Vigliani René;Championnat de France, D1;;;;FM_197374.docx
1973-1974;officiel;a_creer;1974-01-20;Troyes AF;FC Sochaux;3-0;8269;M. Konrath Georges;Championnat de France, D1;;;;FM_197374.docx
1973-1974;officiel;a_creer;1974-01-27;FC Sochaux;AS Nancy;4-1;4533;M. Bacou Marcel;Championnat de France, D1;;;;FM_197374.docx
1973-1974;officiel;a_creer;1974-02-03;FCS Koenigshoffen 06(D3);FC Sochaux;3-4;;M. Gilhodes Alexandre;Coupe de France;;;;FM_197374.docx
1973-1974;officiel;a_creer;1974-02-10;Stade Rennes;FC Sochaux;0-2;8263;M. Wurtz Robert;Championnat de France, D1;;;;FM_197374.docx
1973-1974;officiel;a_creer;1974-02-17;FC Sochaux;Ol. Lyon;1-1;6093;M. Verbecke Achille;Championnat de France, D1;;;;FM_197374.docx
1973-1974;officiel;a_creer;1974-02-24;RC Lens;FC Sochaux;1-1;15151;M. Peauger Jean-Pierre;Championnat de France, D1;;;;FM_197374.docx
1973-1974;officiel;a_creer;1974-03-06;Lille OSC(D2);FC Sochaux;0-0;;M. Wurtz Robert;Coupe de France;;;;FM_197374.docx
1973-1974;officiel;a_creer;1974-03-09;FC Sochaux;Lille OSC(D2);2-0;;M. Helies Robert;Coupe de France;;;;FM_197374.docx
1973-1974;officiel;a_creer;1974-03-13;Stade Reims;FC Sochaux;1-0;8596;M. Kitabdjian Michel;Championnat de France, D1;;;;FM_197374.docx
1973-1974;officiel;a_creer;1974-03-16;FC Sochaux;SEC Bastia;1-0;2672;M. Bancourt Jean;Championnat de France, D1;;;;FM_197374.docx
1973-1974;officiel;a_creer;1974-03-27;SCO Angers;FC Sochaux;2-4;6614;M. Mouchotte Guy;Championnat de France, D1;;;;FM_197374.docx
1973-1974;officiel;a_creer;1974-03-30;AC Ajaccio(D2);FC Sochaux;2-3;2900;Bancourt Jean;Coupe de France;;;;FM_197374.docx
1973-1974;officiel;a_creer;1974-04-03;FC Sochaux;AC Ajaccio(D2);1-1;8000;Verbecke Achille;Coupe de France;;;;FM_197374.docx
1973-1974;officiel;a_creer;1974-04-06;FC Sochaux;Ol. Marseille;2-0;7582;M. Bacou Marcel;Championnat de France, D1;;;;FM_197374.docx
1973-1974;officiel;a_creer;1974-04-12;FC Metz;FC Sochaux;3-2;6000;M. Peauger Jean-Pierre;Championnat de France, D1;;;;FM_197374.docx
1973-1974;officiel;a_creer;1974-04-16;FC Sochaux;Paris FC;2-1;3186;M. Héliès Robert;Championnat de France, D1;;;;FM_197374.docx
1973-1974;officiel;a_creer;1974-04-19;AS Monaco;FC Sochaux;2-1;1849;M. Martin Jean-Claude;Championnat de France, D1;;;;FM_197374.docx
1973-1974;officiel;a_creer;1974-05-01;FC Sochaux;FC Nantes;2-0;7090;M. Bancourt Jean;Championnat de France, D1;;;;FM_197374.docx
1973-1974;officiel;a_creer;1974-05-04;Ol. Lyon(D1);FC Sochaux;4-2;20754;M. Frère Stéphane;Coupe de France;;;;FM_197374.docx
1973-1974;officiel;a_creer;1974-05-07;FC Sochaux;Ol. Lyon(D1);2-0;11471;M. Konrath Georges;Coupe de France;;;;FM_197374.docx
1973-1974;officiel;a_creer;1974-05-11;AS Saint-Etienne;FC Sochaux;2-0;13840;M. Machîn Roger;Championnat de France, D1;;;;FM_197374.docx
1973-1974;officiel;a_creer;1974-05-22;FC Sochaux;RC Strasbourg;1-0;5214;M. Besory Gabriel;Championnat de France, D1;;;;FM_197374.docx
1973-1974;officiel;a_creer;1974-05-25;Girondins Bordeaux FC;FC Sochaux;1-1;7537;M. Héliès Robert;Championnat de France, D1;;;;FM_197374.docx
1973-1974;officiel;a_creer;1974-05-31;AS Monaco(D1);FC Sochaux;1-0;10000;M. Wurtz Robert;Coupe de France;;;;FM_197374.docx
1974-1975;officiel;a_creer;1974-08-02;FC Sochaux;Paris SG;0-1;8089;M. Meeus Jean-Marie;Championnat de France, D1;;;;FM_197475.docx
1974-1975;officiel;a_creer;1974-08-09;FC Sochaux;RC Lens;0-1;5264;M. Espié Jean;Championnat de France, D1;;;;FM_197475.docx
1974-1975;officiel;a_creer;1974-08-13;Ol. Marseille;FC Sochaux;2-0;21017;M. Besory Gabriel;Championnat de France, D1;;;;FM_197475.docx
1974-1975;officiel;a_creer;1974-08-16;FC Sochaux;Troyes AF;0-1;4169;M. Deleplace Eugène;Championnat de France, D1;;;;FM_197475.docx
1974-1975;officiel;a_creer;1974-08-23;Girondins Bordeaux;FC Sochaux;2-1;7538;M. Vigliani René;Championnat de France, D1;;;;FM_197475.docx
1974-1975;officiel;a_creer;1974-08-27;FC Sochaux;Nîmes Ol.;2-0;5474;M. Bancourt Jean;Championnat de France, D1;;;;FM_197475.docx
1974-1975;officiel;a_creer;1974-09-01;FC Nantes;FC Sochaux;1-0;9490;M. Héliès Robert;Championnat de France, D1;;;;FM_197475.docx
1974-1975;officiel;a_creer;1974-09-13;FC Sochaux;AS Saint-Etienne;1-1;9538;M. Mâchin Roger;Championnat de France, D1;;;;FM_197475.docx
1974-1975;officiel;a_creer;1974-09-24;Red Star;FC Sochaux;0-1;5821;M. Martin Jean-Claude;Championnat de France, D1;;;;FM_197475.docx
1974-1975;officiel;a_creer;1974-09-27;FC Sochaux;RC Strasbourg;0-0;6893;M. Vigliani René;Championnat de France, D1;;;;FM_197475.docx
1974-1975;officiel;a_creer;1974-10-05;AS Monaco;FC Sochaux;3-1;1241;M. Frère Stéphane;Championnat de France, D1;;;;FM_197475.docx
1974-1975;officiel;a_creer;1974-10-18;Lille OSC;FC Sochaux;4-0;11940;M. Didier Henri;Championnat de France, D1;;;;FM_197475.docx
1974-1975;officiel;a_creer;1974-10-26;FC Sochaux;Stade Reims;1-0;6113;M. Martin Jean-Claude;Championnat de France, D1;;;;FM_197475.docx
1974-1975;officiel;a_creer;1974-10-29;FC Metz;FC Sochaux;0-1;6081;M. Frauciel Robert;Championnat de France, D1;;;;FM_197475.docx
1974-1975;officiel;a_creer;1974-11-01;FC Sochaux;OGC Nice;1-1;8358;M. Mouchotte Guy;Championnat de France, D1;;;;FM_197475.docx
1974-1975;officiel;a_creer;1974-11-09;SCO Angers;FC Sochaux;1-1;5685;M. Kitabdjian Michel;Championnat de France, D1;;;;FM_197475.docx
1974-1975;officiel;a_creer;1974-11-20;FC Sochaux;Stade Rennes FC;2-1;3045;M. Verbecke Achille;Championnat de France, D1;;;;FM_197475.docx
1974-1975;officiel;a_creer;1974-11-24;Ol. Lyon;FC Sochaux;1-0;3391;M. Héliès Robert;Championnat de France, D1;;;;FM_197475.docx
1974-1975;officiel;a_creer;1974-12-01;FC Sochaux;SEC Bastia;3-0;7821;M. Wurtz Robert;Championnat de France, D1;;;;FM_197475.docx
1974-1975;officiel;a_creer;1974-12-08;RC Lens;FC Sochaux;3-2;13609;M. Martin Jean-Claude;Championnat de France, D1;;;;FM_197475.docx
1974-1975;officiel;a_creer;1974-12-15;FC Sochaux;Ol. Marseille;1-1;9663;M. Bacou Marcel;Championnat de France, D1;;;;FM_197475.docx
1974-1975;officiel;a_creer;1974-12-22;Troyes AF;FC Sochaux;2-2;6759;M. Bancourt Jean;Championnat de France, D1;;;;FM_197475.docx
1974-1975;officiel;a_creer;1975-01-12;FC Sochaux;Girondins Bordeaux;5-2;4337;M. Vigliani René;Championnat de France, D1;;;;FM_197475.docx
1974-1975;officiel;a_creer;1975-01-19;Nîmes Ol.;FC Sochaux;1-0;6114;M. Bacou Marcel;Championnat de France, D1;;;;FM_197475.docx
1974-1975;officiel;a_creer;1975-01-26;FC Sochaux;FC Nantes;0-1;6025;M. Mâchin Roger;Championnat de France, D1;;;;FM_197475.docx
1974-1975;officiel;a_creer;1975-02-01;AS Pierrots-Vauban(P);FC Sochaux;0-5;;M. Gilhodes Alexandre;Coupe de France;;;;FM_197475.docx
1974-1975;officiel;a_creer;1975-02-09;AS Saint-Etienne;FC Sochaux;1-0;11190;M. Vigliani René;Championnat de France, D1;;;;FM_197475.docx
1974-1975;officiel;a_creer;1975-02-16;FC Sochaux;Red Star;0-0;3885;M. Besory Gabriel;Championnat de France, D1;;;;FM_197475.docx
1974-1975;officiel;a_creer;1975-02-23;RC Strasbourg;FC Sochaux;1-1;7479;M. Frauciel Robert;Championnat de France, D1;;;;FM_197475.docx
1974-1975;officiel;a_creer;1975-02-28;Girondins Bordeaux(D1);FC Sochaux;0-0;18000;M. Kitabdjian Michel;Coupe de France;;;;FM_197475.docx
1974-1975;officiel;a_creer;1975-03-07;FC Sochaux;Girondins Bordeaux(D1);3-0;7000;M. Vigliani René;Coupe de France;;;;FM_197475.docx
1974-1975;officiel;a_creer;1975-03-12;FC Sochaux;AS Monaco;4-2;4394;M. Mâchin Roger;Championnat de France, D1;;;;FM_197475.docx
1974-1975;officiel;a_creer;1975-03-15;FC Sochaux;Lille OSC;1-1;5603;M. Wurtz Robert;Championnat de France, D1;;;;FM_197475.docx
1974-1975;officiel;a_creer;1975-03-20;Stade de Reims;FC Sochaux;2-1;8788;M. Kitabdjian Michel;Championnat de France, D1;;;;FM_197475.docx
1974-1975;officiel;a_creer;1975-04-01;FC Sochaux;FC Metz;1-1;5634;M. Héliès Robert;Championnat de France, D1;;;;FM_197475.docx
1974-1975;officiel;a_creer;1975-04-05;OGC Nice;FC Sochaux;5-1;5372;M. Mouchotte Guy;Championnat de France, D1;;;;FM_197475.docx
1974-1975;officiel;a_creer;1975-04-12;FC Sochaux;Paris SG(D1);0-3;5056;M. Vigliani René;Coupe de France;;;;FM_197475.docx
1974-1975;officiel;a_creer;1975-04-16;Paris SG(D1);FC Sochaux;2-0;8920;M. Delmer Alain;Coupe de France;;;;FM_197475.docx
1974-1975;officiel;a_creer;1975-04-19;FC Sochaux;SCO Angers;0-1;5337;M. Kitabdjian Michel;Championnat de France, D1;;;;FM_197475.docx
1974-1975;officiel;a_creer;1975-04-30;Stade Rennes FC;FC Sochaux;0-1;7770;M. Bancourt Jean;Championnat de France, D1;;;;FM_197475.docx
1974-1975;officiel;a_creer;1975-05-03;FC Sochaux;Ol. Lyon;3-1;3933;M. Konrath Georges;Championnat de France, D1;;;;FM_197475.docx
1974-1975;officiel;a_creer;1975-05-16;SEC Bastia;FC Sochaux;4-2;3025;M. Didier Henri;Championnat de France, D1;;;;FM_197475.docx
1974-1975;officiel;a_creer;1975-05-30;Paris SG;FC Sochaux;0-1;5956;M. Héliès Robert;Championnat de France, D1;;;;FM_197475.docx
1975-1976;officiel;a_creer;1975-08-08;OGC Nice;FC Sochaux;3-0;12825;M. Didier Henri;Championnat de France, D1;;;;FM_197576.docx
1975-1976;officiel;a_creer;1975-08-13;FC Sochaux;AS Nancy;3-0;6578;M. Héliès Robert;Championnat de France, D1;;;;FM_197576.docx
1975-1976;officiel;a_creer;1975-08-22;Girondins Bordeaux;FC Sochaux;1-2;8486;M. Frauciel Robert;Championnat de France, D1;;;;FM_197576.docx
1975-1976;officiel;a_creer;1975-08-27;FC Sochaux;AS Troyes;2-2;8969;M. Wurtz Robert;Championnat de France, D1;;;;FM_197576.docx
1975-1976;officiel;a_creer;1975-09-09;Nîmes Ol.;FC Sochaux;0-2;7610;M. Besory Gabriel;Championnat de France, D1;;;;FM_197576.docx
1975-1976;officiel;a_creer;1975-09-12;FC Sochaux;Ol. Lyon;1-0;10608;M. Vigliani René;Championnat de France, D1;;;;FM_197576.docx
1975-1976;officiel;a_creer;1975-09-19;US Valenciennes;FC Sochaux;3-0;8668;M. Leloup Michel;Championnat de France, D1;;;;FM_197576.docx
1975-1976;officiel;a_creer;1975-09-26;FC Sochaux;RC Strasbourg;1-1;7802;M. Bacou Marcel;Championnat de France, D1;;;;FM_197576.docx
1975-1976;officiel;a_creer;1975-10-04;FC Nantes;FC Sochaux;2-2;18044;M. Kitabdjian Michel;Championnat de France, D1;;;;FM_197576.docx
1975-1976;officiel;a_creer;1975-10-17;AS Monaco;FC Sochaux;0-0;1441;M. Martin Jean-Claude;Championnat de France, D1;;;;FM_197576.docx
1975-1976;officiel;a_creer;1975-10-25;FC Sochaux;SEC Bastia;2-2;7691;M. Bancourt Jean;Championnat de France, D1;;;;FM_197576.docx
1975-1976;officiel;a_creer;1975-10-31;Ol. Avignon;FC Sochaux;3-1;3966;M. Bacou Marcel;Championnat de France, D1;;;;FM_197576.docx
1975-1976;officiel;a_creer;1975-11-08;FC Sochaux;RC Lens;3-2;6133;M. Vigliani René;Championnat de France, D1;;;;FM_197576.docx
1975-1976;officiel;a_creer;1975-11-19;FC Metz;FC Sochaux;3-1;15808;M. Héliès Robert;Championnat de France, D1;;;;FM_197576.docx
1975-1976;officiel;a_creer;1975-11-22;FC Sochaux;Stade Reims;1-0;5117;M. Frauciel Robert;Championnat de France, D1;;;;FM_197576.docx
1975-1976;officiel;a_creer;1975-11-26;AS Saint-Etienne;FC Sochaux;2-0;12548;M. Konrath Georges;Championnat de France, D1;;;;FM_197576.docx
1975-1976;officiel;a_creer;1975-11-30;FC Sochaux;Ol. Marseille;3-0;6421;M. Leloup Michel;Championnat de France, D1;;;;FM_197576.docx
1975-1976;officiel;a_creer;1975-12-07;Paris SG;FC Sochaux;2-3;14921;M. Verbecke Achille;Championnat de France, D1;;;;FM_197576.docx
1975-1976;officiel;a_creer;1975-12-14;FC Sochaux;Lille OSC;4-1;5153;M. Kitabdjian Michel;Championnat de France, D1;;;;FM_197576.docx
1975-1976;officiel;a_creer;1975-12-21;AS Nancy;FC Sochaux;5-1;6556;M. Vigliani René;Championnat de France, D1;;;;FM_197576.docx
1975-1976;amical;a_creer;1976-01-10;Melun;FC Sochaux;2-4;;;Amical;;;;AM_197576.doc
1975-1976;officiel;a_creer;1976-01-17;FC Sochaux;Girondins Bordeaux;2-0;5504;M. Martin Jean-Claude;Championnat de France, D1;;;;FM_197576.docx
1975-1976;officiel;a_creer;1976-01-24;Troyes AF;FC Sochaux;3-0;6607;M. Wurtz Robert;Championnat de France, D1;;;;FM_197576.docx
1975-1976;officiel;a_creer;1976-02-01;AS Cannes(D2);FC Sochaux;0-1;;M. Konrath Georges;Coupe de France;;;;FM_197576.docx
1975-1976;officiel;a_creer;1976-02-07;FC Sochaux;Nîmes Ol.;2-1;4712;M. Martin Jean-Claude;Championnat de France, D1;;;;FM_197576.docx
1975-1976;officiel;a_creer;1976-02-14;Ol. Lyon;FC Sochaux;1-2;5100;M. Didier Henri;Championnat de France, D1;;;;FM_197576.docx
1975-1976;officiel;a_creer;1976-02-22;FC Sochaux;US Valenciennes;3-0;6271;M. Kitabdjian Michel;Championnat de France, D1;;;;FM_197576.docx
1975-1976;officiel;a_creer;1976-02-28;Troyes AF(D1);FC Sochaux;1-1;;M. Verbecke Achille;Coupe de France;;;;FM_197576.docx
1975-1976;officiel;a_creer;1976-03-06;FC Sochaux;Troyes AF(D1);3-2;8191;M. Vigliani René;Coupe de France;;;;FM_197576.docx
1975-1976;officiel;a_creer;1976-03-12;RC Strasbourg;FC Sochaux;0-0;5039;M. Héliès Robert;Championnat de France, D1;;;;FM_197576.docx
1975-1976;officiel;a_creer;1976-03-16;FC Sochaux;FC Nantes;1-1;11319;M. Frauciel Robert;Championnat de France, D1;;;;FM_197576.docx
1975-1976;officiel;a_creer;1976-03-20;FC Sochaux;AS Monaco;4-0;6306;M. Wurtz Robert;Championnat de France, D1;;;;FM_197576.docx
1975-1976;officiel;a_creer;1976-03-30;SEC Bastia;FC Sochaux;1-1;5845;M. Martin Jean-Claude;Championnat de France, D1;;;;FM_197576.docx
1975-1976;officiel;a_creer;1976-04-02;FC Sochaux;Ol. Avignon;1-1;6868;M. Konrath Georges;Championnat de France, D1;;;;FM_197576.docx
1975-1976;officiel;a_creer;1976-04-06;US Valenciennes(D1);FC Sochaux;4-0;2268;;Coupe de France;;;;FM_197576.docx
1975-1976;officiel;a_creer;1976-04-10;FC Sochaux;US Valenciennes(D1);0-0;4082;;Coupe de France;;;;FM_197576.docx
1975-1976;officiel;a_creer;1976-04-16;RC Lens;FC Sochaux;1-1;9151;M. Leloup Michel;Championnat de France, D1;;;;FM_197576.docx
1975-1976;officiel;a_creer;1976-04-30;FC Sochaux;FC Metz;3-2;6539;M. Bancourt Jean;Championnat de France, D1;;;;FM_197576.docx
1975-1976;officiel;a_creer;1976-05-11;Stade Reims;FC Sochaux;1-1;9286;M. Héliès Robert;Championnat de France, D1;;;;FM_197576.docx
1975-1976;officiel;a_creer;1976-05-15;FC Sochaux;AS Saint-Etienne;1-1;20866;M. Vigliani René;Championnat de France, D1;;;;FM_197576.docx
1975-1976;officiel;a_creer;1976-05-25;Ol. Marseille;FC Sochaux;0-3;8054;M. Martin Jean-Claude;Championnat de France, D1;;;;FM_197576.docx
1975-1976;amical;a_creer;1976-05-29;RC Strasbourg;FC Sochaux;0-3;;;Amical;;;;AM_197576.doc
1975-1976;officiel;a_creer;1976-06-04;FC Sochaux;Paris SG;1-4;9294;M. Delmer Alain;Championnat de France, D1;;;;FM_197576.docx
1975-1976;officiel;a_creer;1976-06-16;Lille OSC;FC Sochaux;1-1;7311;M. Leloup Michel;Championnat de France, D1;;;;FM_197576.docx
1975-1976;officiel;a_creer;1976-06-19;FC Sochaux;OGC Nice;0-0;10026;M. Konrath Georges;Championnat de France, D1;;;;FM_197576.docx
1976-1977;officiel;a_creer;1976-07-17;Neuchâtel Xamax(Sui.);FC Sochaux;3-1;;M. Wurtz Robert;Coupe des Alpes, Groupe A;;;;FM_197677.docx
1976-1977;officiel;a_creer;1976-07-24;FC Sochaux;Lausanne Sports(Sui.);2-3;;M. Renggli Rudolf(Sui.);Coupe des Alpes, Groupe A;;;;FM_197677.docx
1976-1977;officiel;a_creer;1976-07-27;FC Sochaux;Neuchâtel Xamax(Sui.);2-2;1200;M. Mathieu(Sui.);Coupe des Alpes, Groupe A;;;;FM_197677.docx
1976-1977;officiel;a_creer;1976-07-31;Lausanne Sports(Sui.);FC Sochaux;1-1;2000;M. Konrath Georges;Coupe des Alpes, Groupe A;;;;FM_197677.docx
1976-1977;officiel;a_creer;1976-08-06;FC Sochaux;OGC Nice;1-2;8089;M. Leloup Michel;Championnat de France, D1;;;;FM_197677.docx
1976-1977;officiel;a_creer;1976-08-13;Stade Laval;FC Sochaux;0-2;8217;M. Delmer Alain;Championnat de France, D1;;;;FM_197677.docx
1976-1977;officiel;a_creer;1976-08-18;FC Sochaux;Girondins Bordeaux FC;1-0;6242;M. Kitabdjian Michel;Championnat de France, D1;;;;FM_197677.docx
1976-1977;officiel;a_creer;1976-08-27;RC Lens;FC Sochaux;2-1;17966;M. Frauciel Robert;Championnat de France, D1;;;;FM_197677.docx
1976-1977;officiel;a_creer;1976-09-07;FC Sochaux;FC Nantes;2-6;8500;M. Besory Gabriel;Championnat de France, D1;;;;FM_197677.docx
1976-1977;officiel;a_creer;1976-09-10;AS Saint-Etienne;FC Sochaux;2-0;19843;M. Héliès Robert;Championnat de France, D1;;;;FM_197677.docx
1976-1977;officiel;a_creer;1976-09-15;Hibernian Edimbourg(Eco.);FC Sochaux;1-0;10000;;Coupe de l'UEFA;;;;FM_197677.docx
1976-1977;officiel;a_creer;1976-09-18;FC Sochaux;US Valenciennes;2-1;4549;M. Vigliani René;Championnat de France, D1;;;;FM_197677.docx
1976-1977;officiel;a_creer;1976-09-24;FC Metz;FC Sochaux;2-0;12642;M. Kitabdjian Michel;Championnat de France, D1;;;;FM_197677.docx
1976-1977;officiel;a_creer;1976-09-29;FC Sochaux;Hibernian Edimbourg(Eco.);0-0;10000;;Coupe de l'UEFA;;;;FM_197677.docx
1976-1977;officiel;a_creer;1976-10-02;FC Sochaux;Ol. Marseille;1-2;4300;M. Bacou Marcel;Championnat de France, D1;;;;FM_197677.docx
1976-1977;officiel;a_creer;1976-10-15;Troyes AF;FC Sochaux;1-0;5620;M. Héliès Robert;Championnat de France, D1;;;;FM_197677.docx
1976-1977;officiel;a_creer;1976-10-23;FC Sochaux;SEC Bastia;2-0;5282;M. Mouchotte Guy;Championnat de France, D1;;;;FM_197677.docx
1976-1977;officiel;a_creer;1976-10-29;FC Sochaux;Lille OSC;4-2;5000;M. Leloup Michel;Championnat de France, D1;;;;FM_197677.docx
1976-1977;officiel;a_creer;1976-11-06;Stade Rennes FC;FC Sochaux;2-2;6366;M. Frauciel Robert;Championnat de France, D1;;;;FM_197677.docx
1976-1977;officiel;a_creer;1976-11-21;SCO Angers;FC Sochaux;1-1;4233;M. Vigliani René;Championnat de France, D1;;;;FM_197677.docx
1976-1977;officiel;a_creer;1976-11-28;FC Sochaux;Ol. Lyon;2-1;6291;M. Kitabdjian Michel;Championnat de France, D1;;;;FM_197677.docx
1976-1977;officiel;a_creer;1976-12-04;AS Nancy;FC Sochaux;3-0;10857;M. Bancourt Jean;Championnat de France, D1;;;;FM_197677.docx
1976-1977;officiel;a_creer;1976-12-11;FC Sochaux;Nîmes Ol.;2-1;2963;M. Konrath Georges;Championnat de France, D1;;;;FM_197677.docx
1976-1977;officiel;a_creer;1976-12-15;FC Sochaux;Paris SG;1-1;2646;M. Frauciel Robert;Championnat de France, D1;;;;FM_197677.docx
1976-1977;officiel;a_creer;1976-12-18;Stade Reims;FC Sochaux;1-1;5465;M. Héliès Robert;Championnat de France, D1;;;;FM_197677.docx
1976-1977;officiel;a_creer;1977-01-08;FC Sochaux;Stade Laval;1-1;4272;M. Bacou Marcel;Championnat de France, D1;;;;FM_197677.docx
1976-1977;officiel;a_creer;1977-01-16;Girondins Bordeaux;FC Sochaux;2-1;7930;M. Kitabdjian Michel;Championnat de France, D1;;;;FM_197677.docx
1976-1977;officiel;a_creer;1977-01-22;FC Sochaux;RC Lens;1-5;3460;M. Rancelli Ange;Championnat de France, D1;;;;FM_197677.docx
1976-1977;officiel;a_creer;1977-01-29;FC Nantes;FC Sochaux;2-1;18942;M. Vigliani René;Championnat de France, D1;;;;FM_197677.docx
1976-1977;officiel;a_creer;1977-02-06;FC Sochaux;AS Saint-Etienne;4-0;11614;M. Verbecke Achille;Championnat de France, D1;;;;FM_197677.docx
1976-1977;officiel;a_creer;1977-02-11;FC Sochaux;Nîmes Ol.;1-1;1544;M. Delmer Alain;Championnat de France, D1;;;;FM_197778.docx
1976-1977;officiel;a_creer;1977-02-13;FC Sochaux;CS Meaux(DHR);4-1;4685;M. Seltz André;Coupe de France;;;;FM_197677.docx
1976-1977;officiel;a_creer;1977-02-18;US Valenciennes;FC Sochaux;0-0;4342;M. Rancelli Ange;Championnat de France, D1;;;;FM_197677.docx
1976-1977;officiel;a_creer;1977-02-27;FC Sochaux;FC Metz;1-0;4764;M. Meeus Jean-Marie;Championnat de France, D1;;;;FM_197677.docx
1976-1977;officiel;a_creer;1977-03-05;Ol. Marseille;FC Sochaux;1-1;6502;M. Martin Jean-Claude;Championnat de France, D1;;;;FM_197677.docx
1976-1977;officiel;a_creer;1977-03-12;ES La Rochelle(D3);FC Sochaux;1-5;6405;M. Besory Gabriel;Coupe de France;;;;FM_197677.docx
1976-1977;officiel;a_creer;1977-03-19;FC Sochaux;ES La Rochelle(D3);2-0;2070;M. Vigliani René;Coupe de France;;;;FM_197677.docx
1976-1977;officiel;a_creer;1977-03-23;FC Sochaux;Troyes AF;2-0;3666;M. Buils Marc;Championnat de France, D1;;;;FM_197677.docx
1976-1977;officiel;a_creer;1977-04-02;SEC Bastia;FC Sochaux;2-0;3618;M. Delmer Alain;Championnat de France, D1;;;;FM_197677.docx
1976-1977;officiel;a_creer;1977-04-09;FC Sochaux;Paris SG(D1);1-0;6307;M. Bacou Marcel;Coupe de France;;;;FM_197677.docx
1976-1977;officiel;a_creer;1977-04-13;Paris SG(D1);FC Sochaux;2-1;15000;M. Wurtz Robert;Coupe de France;;;;FM_197677.docx
1976-1977;officiel;a_creer;1977-04-16;Lille OSC;FC Sochaux;1-1;3462;M. Bancourt Jean;Championnat de France, D1;;;;FM_197677.docx
1976-1977;officiel;a_creer;1977-04-28;FC Sochaux;Stade Rennes FC;2-1;2670;M. Vigliani René;Championnat de France, D1;;;;FM_197677.docx
1976-1977;officiel;a_creer;1977-05-03;Paris SG;FC Sochaux;1-0;7945;M. Héliès Robert;Championnat de France, D1;;;;FM_197677.docx
1976-1977;officiel;a_creer;1977-05-07;FC Sochaux;SCO Angers;1-1;3449;M. Didier Henri;Championnat de France, D1;;;;FM_197677.docx
1976-1977;officiel;a_creer;1977-05-12;FC Sochaux;AS Saint-Etienne(D1);1-1;20000;M. Leloup Michel;Coupe de France;;;;FM_197677.docx
1976-1977;officiel;a_creer;1977-05-17;AS Saint-Etienne(D1);FC Sochaux;3-1;18133;M. Delmer Alain;Coupe de France;;;;FM_197677.docx
1976-1977;officiel;a_creer;1977-05-21;Ol. Lyon;FC Sochaux;3-0;6326;M. Kitabdjian Michel;Championnat de France, D1;;;;FM_197677.docx
1976-1977;officiel;a_creer;1977-05-27;FC Sochaux;AS Nancy;0-3;5986;M. Martin Jean-Claude;Championnat de France, D1;;;;FM_197677.docx
1976-1977;officiel;a_creer;1977-06-01;Nîmes Ol.;FC Sochaux;0-1;2970;M. Bacou Marcel;Championnat de France, D1;;;;FM_197677.docx
1976-1977;officiel;a_creer;1977-06-04;FC Sochaux;Stade Reims;2-2;3142;M. Besory Gabriel;Championnat de France, D1;;;;FM_197677.docx
1976-1977;officiel;a_creer;1977-06-08;OGC Nice;FC Sochaux;1-0;3462;M. Rancelli Ange;Championnat de France, D1;;;;FM_197677.docx
1977-1978;officiel;a_creer;1977-08-03;Ol. Marseille;FC Sochaux;4-0;25957;M. Bacou Marcel;Championnat de France, D1;;;;FM_197778.docx
1977-1978;officiel;a_creer;1977-08-09;FC Sochaux;OGC Nice;1-2;5896;M. Di Bernardo Ottorino;Championnat de France, D1;;;;FM_197778.docx
1977-1978;officiel;a_creer;1977-08-16;US Valenciennes;FC Sochaux;1-2;5570;M. Vigliani René;Championnat de France, D1;;;;FM_197778.docx
1977-1978;officiel;a_creer;1977-08-19;FC Sochaux;FC Rouen;3-0;5319;M. Rancelli Ange;Championnat de France, D1;;;;FM_197778.docx
1977-1978;officiel;a_creer;1977-08-30;Ol. Lyon;FC Sochaux;0-2;12369;M. Konrath Georges;Championnat de France, D1;;;;FM_197778.docx
1977-1978;officiel;a_creer;1977-09-02;FC Sochaux;FC Metz;4-0;8293;M. Verbecke Achille;Championnat de France, D1;;;;FM_197778.docx
1977-1978;officiel;a_creer;1977-09-09;FC Nantes;FC Sochaux;2-0;16096;M. Besory Gabriel;Championnat de France, D1;;;;FM_197778.docx
1977-1978;officiel;a_creer;1977-09-17;FC Sochaux;Troyes AF;5-2;5700;M. Delmer Alain;Championnat de France, D1;;;;FM_197778.docx
1977-1978;officiel;a_creer;1977-09-23;Nîmes Ol.;FC Sochaux;1-1;6375;M. Meeus Jean-Marie;Championnat de France, D1;;;;FM_197778.docx
1977-1978;officiel;a_creer;1977-10-01;Stade Laval;FC Sochaux;3-1;9650;M. Didier Henri;Championnat de France, D1;;;;FM_197778.docx
1977-1978;officiel;a_creer;1977-10-11;FC Sochaux;RC Lens;7-2;7693;M. Bacou Marcel;Championnat de France, D1;;;;FM_197778.docx
1977-1978;officiel;a_creer;1977-10-14;AS Saint-Etienne;FC Sochaux;3-1;18878;M. Leloup Michel;Championnat de France, D1;;;;FM_197778.docx
1977-1978;officiel;a_creer;1977-10-22;FC Sochaux;SEC Bastia;2-0;8579;M. Delmer Alain;Championnat de France, D1;;;;FM_197778.docx
1977-1978;officiel;a_creer;1977-11-09;AS Nancy;FC Sochaux;1-1;9748;M. Kitabdjian Michel;Championnat de France, D1;;;;FM_197778.docx
1977-1978;officiel;a_creer;1977-11-19;FC Sochaux;Girondins Bordeaux FC;0-0;3686;M. Rancelli A.;Championnat de France, D1;;;;FM_197778.docx
1977-1978;officiel;a_creer;1977-11-26;Stade Reims;FC Sochaux;1-1;3353;M. Besory Gabriel;Championnat de France, D1;;;;FM_197778.docx
1977-1978;officiel;a_creer;1977-11-30;FC Sochaux;RC Strasbourg;3-2;6893;M. Delmer Alain;Championnat de France, D1;;;;FM_197778.docx
1977-1978;officiel;a_creer;1977-12-03;OGC Nice;FC Sochaux;4-2;7261;M. Konrath Georges;Championnat de France, D1;;;;FM_197778.docx
1977-1978;officiel;a_creer;1977-12-10;FC Sochaux;US Valenciennes;0-1;2936;M. Bacou Marcel;Championnat de France, D1;;;;FM_197778.docx
1977-1978;officiel;a_creer;1977-12-14;FC Sochaux;Paris SG;2-1;3895;M. Wurtz Robert;Championnat de France, D1;;;;FM_197778.docx
1977-1978;officiel;a_creer;1977-12-17;FC Rouen;FC Sochaux;1-2;6660;M. Didier Henri;Championnat de France, D1;;;;FM_197778.docx
1977-1978;officiel;a_creer;1978-01-08;FC Sochaux;Ol. Lyon;1-0;4855;M. Kitabdjian Michel;Championnat de France, D1;;;;FM_197778.docx
1977-1978;officiel;a_creer;1978-01-14;FC Metz;FC Sochaux;1-1;9762;M. Bancourt Jean;Championnat de France, D1;;;;FM_197778.docx
1977-1978;officiel;a_creer;1978-01-22;FC Sochaux;FC Nantes;1-1;9040;M. Buils Marc;Championnat de France, D1;;;;FM_197778.docx
1977-1978;officiel;a_creer;1978-01-29;US Tavaux-Damparis(D3);FC Sochaux;0-3;;M. Vigliani René;Coupe de France;;;;FM_197778.docx
1977-1978;officiel;a_creer;1978-02-03;Troyes AF;FC Sochaux;1-0;5042;M. Konrath Georges;Championnat de France, D1;;;;FM_197778.docx
1977-1978;officiel;a_creer;1978-02-15;FC Sochaux;Stade Laval;4-1;2597;M. Lambert Daniel;Championnat de France, D1;;;;FM_197778.docx
1977-1978;officiel;a_creer;1978-02-25;RC Lens;FC Sochaux;1-3;8741;M. Bacou Marcel;Championnat de France, D1;;;;FM_197778.docx
1977-1978;officiel;a_creer;1978-03-02;FC Sochaux;AS Saint-Etienne(D1);0-0;10238;M. Buils Marc;Coupe de France;;;;FM_197778.docx
1977-1978;officiel;a_creer;1978-03-05;FC Sochaux;AS Saint-Etienne;2-3;5863;M. Wurtz Robert;Championnat de France, D1;;;;FM_197778.docx
1977-1978;officiel;a_creer;1978-03-11;SEC Bastia;FC Sochaux;0-0;3190;M. Meeus Jean-Marie;Championnat de France, D1;;;;FM_197778.docx
1977-1978;officiel;a_creer;1978-03-14;AS Saint-Etienne(D1);FC Sochaux;2-2;17418;M. Leloup Michel;Coupe de France;;;;FM_197778.docx
1977-1978;officiel;a_creer;1978-03-18;AS Angoulême(D2);FC Sochaux;0-0;7658;M. Vigliani René;Coupe de France;;;;FM_197778.docx
1977-1978;officiel;a_creer;1978-03-22;FC Sochaux;AS Angoulême(D2);1-0;3484;M. Di Bernardo Ottorino;Coupe de France;;;;FM_197778.docx
1977-1978;officiel;a_creer;1978-03-25;FC Sochaux;AS Monaco;3-2;5350;M. Delmer Alain;Championnat de France, D1;;;;FM_197778.docx
1977-1978;officiel;a_creer;1978-04-05;Paris SG;FC Sochaux;3-1;8352;M. Verbecke Achille;Championnat de France, D1;;;;FM_197778.docx
1977-1978;officiel;a_creer;1978-04-08;FC Sochaux;AS Nancy;2-0;6961;M. Meeus Jean-Marie;Championnat de France, D1;;;;FM_197778.docx
1977-1978;officiel;a_creer;1978-04-14;FC Sochaux;Ol. Marseille(D1);0-0;9000;M. Bacou Marcel;Coupe de France;;;;FM_197778.docx
1977-1978;officiel;a_creer;1978-04-18;Ol. Marseille(D1);FC Sochaux;0-1;13000;M. Martin Jean-Claude;Coupe de France;;;;FM_197778.docx
1977-1978;officiel;a_creer;1978-04-21;Girondins Bordeaux FC;FC Sochaux;1-1;3760;M. Mouchotte Guy;Championnat de France, D1;;;;FM_197778.docx
1977-1978;officiel;a_creer;1978-04-25;FC Sochaux;Stade Reims;2-3;3007;M. Konrath Georges;Championnat de France, D1;;;;FM_197778.docx
1977-1978;officiel;a_creer;1978-04-28;RC Strasbourg;FC Sochaux;1-1;17554;M. Bacou Marcel;Championnat de France, D1;;;;FM_197778.docx
1977-1978;officiel;a_creer;1978-05-02;FC Sochaux;Ol. Marseille;1-2;3285;M. Delmer Alain;Championnat de France, D1;;;;FM_197778.docx
1977-1978;officiel;a_creer;1978-05-05;FC Sochaux;AS Nancy(D1);1-0;15000;M. Buils Marc;Coupe de France;;;;FM_197778.docx
1977-1978;officiel;a_creer;1978-05-08;AS Nancy(D1);FC Sochaux;5-0;23000;M. Kitabdjian Michel;Coupe de France;;;;FM_197778.docx
1978-1979;officiel;a_creer;1978-07-01;Lausanne Sports(Sui.);FC Sochaux;5-3;1000;M. Konrath Georges;Coupe des Alpes, Groupe A;;;;FM_197879.docx
1978-1979;officiel;a_creer;1978-07-04;FC Sochaux;FC Bâle(Sui.);1-1;2000;M. Affolter Rudolf(Sui.);Coupe des Alpes, Groupe A;;;;FM_197879.docx
1978-1979;officiel;a_creer;1978-07-08;FC Sochaux;Lausanne Sports(Sui.);1-1;1000;M. Maire René(Sui.);Coupe des Alpes, Groupe A;;;;FM_197879.docx
1978-1979;officiel;a_creer;1978-07-11;FC Bâle(Sui.);FC Sochaux;0-2;1800;M. Verbeke Achille;Coupe des Alpes, Groupe A;;;;FM_197879.docx
1978-1979;officiel;a_creer;1978-07-19;Girondins Bordeaux FC;FC Sochaux;1-1;9800;M. Vigliani René;Championnat de France, D1;;;;FM_197879.docx
1978-1979;officiel;a_creer;1978-07-25;FC Sochaux;OGC Nice;2-1;6024;M. Mouchotte Guy;Championnat de France, D1;;;;FM_197879.docx
1978-1979;officiel;a_creer;1978-07-28;AS Saint-Etienne;FC Sochaux;3-1;16217;M. Verbecke Achille;Championnat de France, D1;;;;FM_197879.docx
1978-1979;officiel;a_creer;1978-08-02;FC Sochaux;SCO Angers;4-0;4024;M. Dailly Michel;Championnat de France, D1;;;;FM_197879.docx
1978-1979;officiel;a_creer;1978-08-08;FC Sochaux;AS Monaco;1-2;7612;M. Konrath Georges;Championnat de France, D1;;;;FM_197879.docx
1978-1979;officiel;a_creer;1978-08-18;SEC Bastia;FC Sochaux;3-0;8477;M. Didier Henri;Championnat de France, D1;;;;FM_197879.docx
1978-1979;officiel;a_creer;1978-08-22;FC Sochaux;Ol. Lyon;5-1;4500;M. Di Bernardo Ottorino;Championnat de France, D1;;;;FM_197879.docx
1978-1979;officiel;a_creer;1978-08-25;Ol. Marseille;FC Sochaux;2-2;16305;M. Bancourt Jean;Championnat de France, D1;;;;FM_197879.docx
1978-1979;officiel;a_creer;1978-09-05;FC Sochaux;US Valenciennes;3-0;6380;M. Vigliani René;Championnat de France, D1;;;;FM_197879.docx
1978-1979;officiel;a_creer;1978-09-08;AS Nancy;FC Sochaux;1-2;12016;M. Muchembled Jean;Championnat de France, D1;;;;FM_197879.docx
1978-1979;officiel;a_creer;1978-09-19;FC Sochaux;Paris SG;2-1;8073;M. Verbecke Achille;Championnat de France, D1;;;;FM_197879.docx
1978-1979;officiel;a_creer;1978-09-22;Stade Laval;FC Sochaux;1-1;8713;M. Bancourt Jean;Championnat de France, D1;;;;FM_197879.docx
1978-1979;officiel;a_creer;1978-09-30;FC Sochaux;FC Nantes;3-1;10000;M. Wurtz Robert;Championnat de France,D1;;;;FM_197879.docx
1978-1979;officiel;a_creer;1978-10-14;FC Sochaux;Stade Reims;2-1;6316;M. Bacou Marcel;Championnat de France, D1;;;;FM_197879.docx
1978-1979;officiel;a_creer;1978-10-21;Nîmes Ol.;FC Sochaux;2-1;7862;M. Kitabdjian Michel;Championnat de France, D1;;;;FM_197879.docx
1978-1979;officiel;a_creer;1978-10-27;FC Sochaux;Lille OSC;1-1;6307;M. Boyer Jean-Claude;Championnat de France, D1;;;;FM_197879.docx
1978-1979;officiel;a_creer;1978-11-04;FC Metz;FC Sochaux;0-0;8715;M. Meeus Jean-Marie;Championnat de France, D1;;;;FM_197879.docx
1978-1979;officiel;a_creer;1978-11-14;FC Sochaux;Paris FC;1-0;4713;M. Rancelli Ange;Championnat de France, D1;;;;FM_197879.docx
1978-1979;officiel;a_creer;1978-11-17;OGC Nice;FC Sochaux;2-1;5771;M. Di Bernardo Ottorino;Championnat de France, D1;;;;FM_197879.docx
1978-1979;officiel;a_creer;1978-11-26;FC Sochaux;AS Saint-Etienne;0-0;10045;M. Didier Henri;Championnat de France, D1;;;;FM_197879.docx
1978-1979;officiel;a_creer;1978-12-02;SCO Angers;FC Sochaux;3-2;2870;M. Delmer Alain;Championnat de France, D1;;;;FM_197879.docx
1978-1979;officiel;a_creer;1978-12-10;AS Monaco;FC Sochaux;1-1;3113;M. Bancourt Jean;Championnat de France, D1;;;;FM_197879.docx
1978-1979;officiel;a_creer;1978-12-17;FC Sochaux;SEC Bastia;5-0;4215;M. Verbecke Achille;Championnat de France, D1;;;;FM_197879.docx
1978-1979;officiel;a_creer;1979-02-04;FC Sochaux;Ol. Marseille;2-2;5945;M. Mouchotte Guy;Championnat de France, D1;;;;FM_197879.docx
1978-1979;officiel;a_creer;1979-02-10;Ol. Alès(D2);FC Sochaux;3-3;;M. Dailly Michel;Coupe de France;;;;FM_197879.docx
1978-1979;officiel;a_creer;1979-02-14;RC Strasbourg;FC Sochaux;2-1;27895;M. Di Bernardo Ottorino;Championnat de France,D1;;;;FM_197879.docx
1978-1979;officiel;a_creer;1979-03-02;FC Sochaux;AS Nancy;1-2;5403;M. Bourgeois Jean-Vlaude;Championnat de France, D1;;;;FM_197879.docx
1978-1979;officiel;a_creer;1979-03-06;Ol. Lyon;FC Sochaux;1-0;5539;M. Bacou Marcel;Championnat de France, D1;;;;FM_197879.docx
1978-1979;officiel;a_creer;1979-03-20;Paris SG;FC Sochaux;3-1;13388;M. Rancelli Ange;Championnat de France, D1;;;;FM_197879.docx
1978-1979;officiel;a_creer;1979-03-28;FC Sochaux;Stade Laval;2-1;2075;M. Delmer Alain;Championnat de France, D1;;;;FM_197879.docx
1978-1979;officiel;a_creer;1979-04-07;FC Nantes;FC Sochaux;4-0;15283;M. Bancourt Jean;Championnat de France,D1;;;;FM_197879.docx
1978-1979;officiel;a_creer;1979-04-12;US Valenciennes;FC Sochaux;0-1;4439;M. Lambert Daniel;Championnat de France, D1;;;;FM_197879.docx
1978-1979;officiel;a_creer;1979-04-20;FC Sochaux;RC Strasbourg;1-2;13289;M. Verbecke Achille;Championnat de France,D1;;;;FM_197879.docx
1978-1979;officiel;a_creer;1979-04-28;Stade Reims;FC Sochaux;0-2;1397;M. Didier Henri;Championnat de France, D1;;;;FM_197879.docx
1978-1979;officiel;a_creer;1979-05-05;FC Sochaux;Nîmes Ol.;2-2;2549;M. Wurtz Robert;Championnat de France, D1;;;;FM_197879.docx
1978-1979;officiel;a_creer;1979-05-18;Lille OSC;FC Sochaux;4-2;7571;M. Quiniou Joël;Championnat de France, D1;;;;FM_197879.docx
1978-1979;officiel;a_creer;1979-05-25;FC Sochaux;FC Metz;4-0;3526;M. Ferrary Jacques;Championnat de France, D1;;;;FM_197879.docx
1978-1979;officiel;a_creer;1979-05-29;Paris FC;FC Sochaux;3-1;3209;M. Lambert Daniel;Championnat de France, D1;;;;FM_197879.docx
1978-1979;officiel;a_creer;1979-06-01;FC Sochaux;Girondins Bordeaux FC;2-0;2800;M. Lopez René;Championnat de France, D1;;;;FM_197879.docx
1979-1980;officiel;a_creer;1979-07-26;FC Sochaux;AS Monaco;1-2;6934;M. Martin Jean-Claude;Championnat de France, D1;;;;FM_197980.docx
1979-1980;officiel;a_creer;1979-08-03;Stade Brest;FC Sochaux;1-2;10308;M. Benali Mohamed;Championnat de France, D1;;;;FM_197980.docx
1979-1980;officiel;a_creer;1979-08-10;FC Sochaux;Paris SG;1-0;7834;M. Meeus Jean-Marie;Championnat de France, D1;;;;FM_197980.docx
1979-1980;officiel;a_creer;1979-08-17;RC Lens;FC Sochaux;2-0;14538;M. Quiniou Joël;Championnat de France, D1;;;;FM_197980.docx
1979-1980;officiel;a_creer;1979-08-24;FC Sochaux;AS Nancy;5-1;5559;M. Boyer Jean-Claude;Championnat de France, D1;;;;FM_197980.docx
1979-1980;officiel;a_creer;1979-08-28;AS Saint-Etienne;FC Sochaux;2-1;26340;M. Bacou Marcel;Championnat de France, D1;;;;FM_197980.docx
1979-1980;officiel;a_creer;1979-09-11;FC Sochaux;RC Strasbourg;1-1;13112;M. Lambert Daniel;Championnat de France,D1;;;;FM_197980.docx
1979-1980;officiel;a_creer;1979-09-14;SEC Bastia;FC Sochaux;0-1;4200;M. Muchembled Jean;Championnat de France, D1;;;;FM_197980.docx
1979-1980;officiel;a_creer;1979-09-22;FC Sochaux;Nîmes Ol.;2-1;4413;M. Benali Mohamed;Championnat de France, D1;;;;FM_197980.docx
1979-1980;officiel;a_creer;1979-09-28;SCO Angers;FC Sochaux;1-3;8000;M. Wurtz Robert;Championnat de France, D1;;;;FM_197980.docx
1979-1980;officiel;a_creer;1979-10-06;FC Sochaux;US Valenciennes;0-1;6051;M. Didier Henri;Championnat de France, D1;;;;FM_197980.docx
1979-1980;officiel;a_creer;1979-10-13;Girondins Bordeaux FC;FC Sochaux;2-3;7736;M. Delmer Alain;Championnat de France, D1;;;;FM_197980.docx
1979-1980;officiel;a_creer;1979-10-19;FC Sochaux;OGC Nice;2-1;6000;M. Lopez René;Championnat de France, D1;;;;FM_197980.docx
1979-1980;officiel;a_creer;1979-10-30;Ol. Lyon;FC Sochaux;3-1;4884;M. Bacou Marcel;Championnat de France, D1;;;;FM_197980.docx
1979-1980;officiel;a_creer;1979-11-02;FC Sochaux;FC Metz;4-0;4229;M. Vigliani René;Championnat de France, D1;;;;FM_197980.docx
1979-1980;officiel;a_creer;1979-11-10;Lille OSC;FC Sochaux;1-1;10063;M. Girard Michel;Championnat de France, D1;;;;FM_197980.docx
1979-1980;officiel;a_creer;1979-11-21;FC Sochaux;Ol. Marseille;3-0;4600;M. Delmer Alain;Championnat de France, D1;;;;FM_197980.docx
1979-1980;officiel;a_creer;1979-11-24;FC Sochaux;FC Nantes;1-0;9005;M. Muchembled Jean;Championnat de France, D1;;;;FM_197980.docx
1979-1980;officiel;a_creer;1979-12-01;Stade Laval;FC Sochaux;3-3;8525;M. Quiniou Joël;Championnat de France, D1;;;;FM_197980.docx
1979-1980;officiel;a_creer;1979-12-08;FC Sochaux;Stade Brest;7-0;4581;M. Lambert Daniel;Championnat de France, D1;;;;FM_197980.docx
1979-1980;officiel;a_creer;1979-12-15;Paris SG;FC Sochaux;3-1;29908;M. Lopez René;Championnat de France, D1;;;;FM_197980.docx
1979-1980;officiel;a_creer;1980-01-20;FC Sochaux;RC Lens;3-0;5153;M. Konrath Georges;Championnat de France, D1;;;;FM_197980.docx
1979-1980;officiel;a_creer;1980-01-26;AS Nancy;FC Sochaux;1-2;7101;M. Dailly Michel;Championnat de France, D1;;;;FM_197980.docx
1979-1980;officiel;a_creer;1980-02-02;FC Sochaux;AS Saint-Etienne;4-1;15984;M. Verbecke Achille;Championnat de France, D1;;;;FM_197980.docx
1979-1980;officiel;a_creer;1980-02-09;SFC Thionville(D2);FC Sochaux;1-2;;M. Quiniou Joël;Coupe de France;;;;FM_197980.docx
1979-1980;officiel;a_creer;1980-02-16;RC Strasbourg;FC Sochaux;0-1;14316;M. Di Bernardo Ottorino;Championnat de France,D1;;;;FM_197980.docx
1979-1980;officiel;a_creer;1980-02-24;FC Sochaux;SEC Bastia;3-0;6859;M. Delmer Alain;Championnat de France, D1;;;;FM_197980.docx
1979-1980;officiel;a_creer;1980-03-01;Nîmes Ol.;FC Sochaux;2-0;7993;M. Konrath Georges;Championnat de France, D1;;;;FM_197980.docx
1979-1980;officiel;a_creer;1980-03-07;Nîmes Ol.(D1);FC Sochaux;1-1;;M. Di Bernardo Ottorino;Coupe de France;;;;FM_197980.docx
1979-1980;officiel;a_creer;1980-03-12;FC Sochaux;SCO Angers;4-0;4463;M. Muchembled Jean;Championnat de France, D1;;;;FM_197980.docx
1979-1980;officiel;a_creer;1980-03-15;FC Sochaux;Nîmes Ol.(D1);1-0;;M. Didier Henri;Coupe de France;;;;FM_197980.docx
1979-1980;officiel;a_creer;1980-03-22;US Valenciennes;FC Sochaux;1-1;7685;M. Vigliani René;Championnat de France, D1;;;;FM_197980.docx
1979-1980;officiel;a_creer;1980-03-29;FC Sochaux;Girondins Bordeaux FC;2-0;6023;M. Biguet Gérard;Championnat de France, D1;;;;FM_197980.docx
1979-1980;officiel;a_creer;1980-04-02;OGC Nice;FC Sochaux;1-2;7693;M. Quiniou Joël;Championnat de France, D1;;;;FM_197980.docx
1979-1980;officiel;a_creer;1980-04-08;FC Sochaux;Ol. Lyon;3-1;8000;M. Bacou Marcel;Championnat de France, D1;;;;FM_197980.docx
1979-1980;officiel;a_creer;1980-04-11;US Valenciennes(D1);FC Sochaux;2-0;9352;M. Lopez;Coupe de France;;;;FM_197980.docx
1979-1980;officiel;a_creer;1980-04-15;FC Sochaux;US Valenciennes(D1);3-0;12381;;Coupe de France;;;;FM_197980.docx
1979-1980;officiel;a_creer;1980-04-18;FC Metz;FC Sochaux;0-0;8128;M. Bouillet Claude;Championnat de France, D1;;;;FM_197980.docx
1979-1980;officiel;a_creer;1980-04-25;FC Sochaux;Lille OSC;3-0;9934;M. Wurtz Robert;Championnat de France, D1;;;;FM_197980.docx
1979-1980;officiel;a_creer;1980-05-02;Ol. Marseille;FC Sochaux;1-1;22000;M. Lambert Daniel;Championnat de France, D1;;;;FM_197980.docx
1979-1980;officiel;a_creer;1980-05-06;FC Nantes;FC Sochaux;3-2;24294;M. Di Bernardo Ottorino;Championnat de France, D1;;;;FM_197980.docx
1979-1980;officiel;a_creer;1980-05-09;FC Sochaux;AS Monaco(D1);1-0;20000;M. Delmer Alain;Coupe de France;;;;FM_197980.docx
1979-1980;officiel;a_creer;1980-05-13;AS Monaco(D1);FC Sochaux;1-0;6404;M. Didier Henri;Coupe de France;;;;FM_197980.docx
1979-1980;officiel;a_creer;1980-05-17;FC Sochaux;Stade Laval;2-0;8102;M. Girard Michel;Championnat de France, D1;;;;FM_197980.docx
1979-1980;officiel;a_creer;1980-05-27;AS Monaco;FC Sochaux;0-1;2751;M. Verbecke Achille;Championnat de France, D1;;;;FM_197980.docx
1980-1981;amical;a_creer;1980-07-09;FC Soichaux;Brno(Tch.);2-1;;;09/07/1980 ) sochaux, Stade Augste Bonal;;;;AM_198081.docx
1980-1981;officiel;ok;1980-07-24;FC Sochaux;RC Lens;1-2;8015;M. Biguet Gérard;Championnat de France,D1;/matchs/1980-1981/sochaux-lens-division-1-24-07-1980/;;;FM_198081.docx
1980-1981;officiel;ok;1980-07-29;FC Sochaux;Tours FC;1-0;6019;M. Girard Michel;Championnat de France,D1;/matchs/1980-1981/sochaux-tours-division-1-29-07-1980/;;;FM_198081.docx
1980-1981;officiel;ok;1980-08-05;Nîmes Ol.;FC Sochaux;0-0;6433;M. Delmer Alain;Championnat de France,D1;/matchs/1980-1981/nimes-sochaux-division-1-05-08-1980/;;;FM_198081.docx
1980-1981;officiel;a_creer;1980-08-12;FC Sochaux;Girondins Bordeaux FC;0-0;9651;M. Di Bernardo Ottorino;Championnat de France,D1;;;;FM_198081.docx
1980-1981;officiel;a_creer;1980-08-19;OGC Nice;FC Sochaux;4-2;14394;M. Wurtz Robert;Championnat de France,D1;;;;FM_198081.docx
1980-1981;officiel;a_creer;1980-08-22;FC Sochaux;SEC Bastia;1-0;7019;M. Bouillet Claude;Championnat de France,D1;;;;FM_198081.docx
1980-1981;officiel;a_creer;1980-08-26;AS Nancy;FC Sochaux;2-2;9529;M. Bourgeois Jean-Claude;Championnat de France,D1;;;;FM_198081.docx
1980-1981;officiel;a_creer;1980-08-29;FC Sochaux;Ol. Lyon;2-2;10930;M. Quiniou Joël;Championnat de France,D1;;;;FM_198081.docx
1980-1981;officiel;a_creer;1980-09-09;RC Strasbourg;FC Sochaux;2-0;9428;M. Delmer Alain;Championnat de France,D1;;;;FM_198081.docx
1980-1981;officiel;a_creer;1980-09-12;FC Sochaux;SCO Angers;2-0;5500;M. Dailly Michel;Championnat de France,D1;;;;FM_198081.docx
1980-1981;officiel;a_creer;1980-09-17;FC Sochaux;Servette Genève FC(Sui.);2-0;5212;M. Perez José Miguel(Esp.);Coupe de l'UEFA;;;;FM_198081.docx
1980-1981;officiel;a_creer;1980-09-23;AJ Auxerre;FC Sochaux;1-1;7922;M. Bacou Marcel;Championnat de France,D1;;;;FM_198081.docx
1980-1981;officiel;a_creer;1980-09-26;FC Sochaux;Paris SG;4-0;6918;M. Wurtz Robert;Championnat de France,D1;;;;FM_198081.docx
1980-1981;officiel;a_creer;1980-10-01;Servette Genève FC(Sui.);FC Sochaux;2-1;12000;M. Richardson David(Ang.);Coupe de l'UEFA;;;;FM_198081.docx
1980-1981;officiel;a_creer;1980-10-04;AS Monaco;FC Sochaux;2-1;2672;M. Ferrary Jacques;Championnat de France,D1;;;;FM_198081.docx
1980-1981;officiel;a_creer;1980-10-14;FC Sochaux;US Valenciennes;3-3;3821;M. Martin Jean-Claude;Championnat de France,D1;;;;FM_198081.docx
1980-1981;officiel;a_creer;1980-10-17;AS Saint-Etienne;FC Sochaux;3-0;19816;M. Biguet Gérard;Championnat de France,D1;;;;FM_198081.docx
1980-1981;officiel;a_creer;1980-10-22;FC Sochaux;Boavista Porto(Por.);2-2;9689;M. Glavina Stjepan(You.);Coupe de l'UEFA;;;;FM_198081.docx
1980-1981;officiel;a_creer;1980-10-31;FC Sochaux;FC Metz;3-0;4117;M. Di Bernardo Ottorino;Championnat de France,D1;;;;FM_198081.docx
1980-1981;officiel;a_creer;1980-11-05;Boavista Porto(Por.);FC Sochaux;0-1;12000;M. Bridges Ronald(Gal.);Coupe de l'UEFA;;;;FM_198081.docx
1980-1981;officiel;a_creer;1980-11-08;Lille OSC;FC Sochaux;2-1;7180;M. Muchembled Jean;Championnat de France,D1;;;;FM_198081.docx
1980-1981;officiel;a_creer;1980-11-12;FC Sochaux;Stade Laval;2-1;1764;M. Delmer Alain;Championnat de France,D1;;;;FM_198081.docx
1980-1981;officiel;a_creer;1980-11-23;FC Nantes;FC Sochaux;2-1;14603;M. Biguet Gérard;Championnat de France,D1;;;;FM_198081.docx
1980-1981;officiel;a_creer;1980-11-26;Eintracht Francfort(RFA);FC Sochaux;4-2;13000;M. Dotchev Bogdan(Bul.);Coupe de l'UEFA;;;;FM_198081.docx
1980-1981;officiel;a_creer;1980-11-29;Tours FC;FC Sochaux;0-1;10043;M. Bouillet claude;Championnat de France,D1;;;;FM_198081.docx
1980-1981;officiel;a_creer;1980-12-06;FC Sochaux;Nîmes Ol.;2-1;2521;M. Konrath Georges;Championnat de France,D1;;;;FM_198081.docx
1980-1981;officiel;a_creer;1980-12-10;FC Sochaux;Eintracht Francfort(RFA);2-0;9000;M. Van Langenhove Marcel(Bel.);Coupe de l'UEFA;;;;FM_198081.docx
1980-1981;officiel;a_creer;1980-12-14;Girondins Bordeaux FC;FC Sochaux;0-0;7485;M. Ferrary Jacques;Championnat de France,D1;;;;FM_198081.docx
1980-1981;officiel;a_creer;1980-12-21;FC Sochaux;OGC Nice;1-1;5000;M. Bacou Marcel;Championnat de France,D1;;;;FM_198081.docx
1980-1981;officiel;a_creer;1981-01-24;SEC Bastia;FC Sochaux;1-1;1684;M. Martin Jean-Claude;Championnat de France,D1;;;;FM_198081.docx
1980-1981;officiel;a_creer;1981-02-01;FC Sochaux;AS Nancy;1-1;4797;M. Muchembled Jean;Championnat de France,D1;;;;FM_198081.docx
1980-1981;officiel;a_creer;1981-02-08;Ol. Lyon;FC Sochaux;5-1;14731;M. Delmer Alain;Championnat de France,D1;;;;FM_198081.docx
1980-1981;officiel;a_creer;1981-02-14;Limoges FC(D2);FC Sochaux;1-3;6800;M. Dailly Michel;Coupe de France;;;;FM_198081.docx
1980-1981;officiel;a_creer;1981-02-22;FC Sochaux;RC Strasbourg;1-1;4300;M. Ferrary Jacques;Championnat de France,D1;;;;FM_198081.docx
1980-1981;officiel;a_creer;1981-02-28;SCO Angers;FC Sochaux;1-2;2601;M. Lopez René;Championnat de France,D1;;;;FM_198081.docx
1980-1981;officiel;a_creer;1981-03-04;Grasshoppers Zürich(Sui.);FC Sochaux;0-0;22000;M. Azim-Zade Eldar(URSS);Coupe de l'UEFA;;;;FM_198081.docx
1980-1981;officiel;a_creer;1981-03-07;FC Sochaux;AS Monaco(D1);2-1;6300;M. Didier Henri;Coupe de France;;;;FM_198081.docx
1980-1981;officiel;a_creer;1981-03-11;AS Monaco(D1);FC Sochaux;1-0;;M. Bouillet Claude;Coupe de France;;;;FM_198081.docx
1980-1981;officiel;a_creer;1981-03-14;FC Sochaux;AJ Auxerre;1-1;3871;M. Quiniou Joël;Championnat de France,D1;;;;FM_198081.docx
1980-1981;officiel;a_creer;1981-03-18;FC Sochaux;Grasshoppers Zürich(Sui.);2-1;18000;M. Redelss(RFA);Coupe de l'UEFA;;;;FM_198081.docx
1980-1981;officiel;a_creer;1981-03-28;Paris SG;FC Sochaux;3-2;31714;M. Girard Michel;Championnat de France,D1;;;;FM_198081.docx
1980-1981;officiel;a_creer;1981-04-08;FC Sochaux;AZ'67 Alkmaar(PB);1-1;18000;M. Tokat Talat(Tur.);Coupe de l'UEFA;;;;FM_198081.docx
1980-1981;officiel;a_creer;1981-04-15;US Valenciennes;FC Sochaux;2-1;5766;M. Boyer Jean-Claude;Championnat de France,D1;;;;FM_198081.docx
1980-1981;officiel;a_creer;1981-04-22;AZ'67 Alkmaar(PB);FC Sochaux;3-2;20000;;Coupe de l'UEFA;;;;FM_198081.docx
1980-1981;officiel;a_creer;1981-05-02;FC Sochaux;AS Monaco;1-1;5283;M. Konrath Georges;Championnat de France,D1;;;;FM_198081.docx
1980-1981;officiel;a_creer;1981-05-05;FC Metz;FC Sochaux;4-2;7718;M. Sculfort Jean-Marie;Championnat de France,D1;;;;FM_198081.docx
1980-1981;officiel;a_creer;1981-05-12;FC Sochaux;Lille OSC;3-0;3500;M. Lopez René;Championnat de France,D1;;;;FM_198081.docx
1980-1981;officiel;a_creer;1981-05-22;Stade Laval;FC Sochaux;0-0;9583;M. Didier Henri;Championnat de France,D1;;;;FM_198081.docx
1980-1981;officiel;a_creer;1981-05-26;FC Sochaux;AS Saint-Etienne;1-2;10000;M. Benali Mohamed;Championnat de France,D1;;;;FM_198081.docx
1980-1981;officiel;a_creer;1981-05-29;FC Sochaux;FC Nantes;2-4;7000;M. Delmer Alain;Championnat de France,D1;;;;FM_198081.docx
1980-1981;officiel;a_creer;1981-06-02;RC Lens;FC Sochaux;5-1;7320;M. Lopez René;Championnat de France,D1;;;;FM_198081.docx
1981-1982;officiel;a_creer;1981-07-04;FC Sochaux;Neuchâtel Xamax(Sui.);6-0;2500;M. Scherz Peter(Sui.);Coupe des Alpes, Groupe A;;;;FM_198182.docx
1981-1982;officiel;a_creer;1981-07-11;Neuchâtel Xamax(Sui.);FC Sochaux;1-1;2100;M. Girard Michel;Coupe des Alpes, Groupe A;;;;FM_198182.docx
1981-1982;officiel;a_creer;1981-07-15;FC Sochaux;FC Sion(Sui.);3-0;3000;M. Morex Charles-Henri(Sui.);Coupe des Alpes, Groupe A;;;;FM_198182.docx
1981-1982;officiel;a_creer;1981-07-18;FC Sion(Sui.);FC Sochaux;1-1;1000;M. Konrath Georges;Coupe des Alpes, Groupe A;;;;FM_198182.docx
1981-1982;officiel;a_creer;1981-07-24;Stade Laval;FC Sochaux;1-1;11777;M. Lartigot Jean-Marie;Championnat de France, D1;;;;FM_198182.docx
1981-1982;officiel;a_creer;1981-07-28;FC Sochaux;FC Metz;2-1;7076;M. Ferrary Jacques;Championnat de France, D1;;;;FM_198182.docx
1981-1982;officiel;a_creer;1981-08-04;AS Monaco;FC Sochaux;2-3;8979;M. Delmer Alain;Championnat de France, D1;;;;FM_198182.docx
1981-1982;officiel;a_creer;1981-08-07;FC Sochaux;AS Saint-Etienne;2-1;16000;M. Quiniou Joël;Championnat de France, D1;;;;FM_198182.docx
1981-1982;officiel;a_creer;1981-08-11;RC Strasbourg;FC Sochaux;2-3;20103;M. Bacou Marcel;Championnat de France, D1;;;;FM_198182.docx
1981-1982;officiel;a_creer;1981-08-21;Paris SG;FC Sochaux;1-0;36348;M. Lartigot Jean-Marie;Championnat de France, D1;;;;FM_198182.docx
1981-1982;officiel;a_creer;1981-08-28;FC Sochaux;Stade Brest;0-0;10417;M. Biguet Gérard;Championnat de France, D1;;;;FM_198182.docx
1981-1982;officiel;a_creer;1981-09-01;AS Nancy;FC Sochaux;0-0;11463;M. Girard Michel;Championnat de France, D1;;;;FM_198182.docx
1981-1982;officiel;a_creer;1981-09-12;FC Sochaux;RC Lens;1-0;6814;M. Lopez René;Championnat de France, D1;;;;FM_198182.docx
1981-1982;officiel;a_creer;1981-09-22;FC Nantes;FC Sochaux;1-1;12014;M. Dailly Michel;Championnat de France, D1;;;;FM_198182.docx
1981-1982;officiel;a_creer;1981-09-25;FC Sochaux;OGC Nice;2-1;6566;M. Ferrary Jacques;Championnat de France, D1;;;;FM_198182.docx
1981-1982;officiel;a_creer;1981-09-29;FC Bâle(Sui.);FC Sochaux;2-2;6000;M. Tritschler Karl-Heinz(RFA);Coupe de Alpes;;;;FM_198182.docx
1981-1982;officiel;a_creer;1981-10-03;US Valenciennes;FC Sochaux;3-0;6490;M. Boyer Jean-Claude;Championnat de France, D1;;;;FM_198182.docx
1981-1982;officiel;a_creer;1981-10-06;FC Sochaux;AJ Auxerre;5-0;5090;M. Girard Michel;Championnat de France, D1;;;;FM_198182.docx
1981-1982;officiel;a_creer;1981-10-17;Ol. Lyon;FC Sochaux;1-0;10856;M. Bacou Marcel;Championnat de France, D1;;;;FM_198182.docx
1981-1982;officiel;a_creer;1981-10-27;FC Sochaux;Girondins Bordeaux FC;2-1;11470;M. Lambert Daniel;Championnat de France, D1;;;;FM_198182.docx
1981-1982;officiel;a_creer;1981-10-30;Montpellier La Paillade;FC Sochaux;1-3;7808;M. Dailly Michel;Championnat de France, D1;;;;FM_198182.docx
1981-1982;officiel;a_creer;1981-11-07;FC Sochaux;Lille OSC;1-1;7142;M. Bouillet Claude;Championnat de France, D1;;;;FM_198182.docx
1981-1982;officiel;a_creer;1981-11-10;SEC Bastia;FC Sochaux;1-1;2500;M. Biguet Gérard;Championnat de France, D1;;;;FM_198182.docx
1981-1982;officiel;a_creer;1981-11-21;FC Sochaux;Tours FC;4-1;6498;M. Benali Mohamed;Championnat de France, D1;;;;FM_198182.docx
1981-1982;officiel;a_creer;1981-11-29;FC Metz;FC Sochaux;1-1;7317;M. Delmer Alain;Championnat de France, D1;;;;FM_198182.docx
1981-1982;officiel;a_creer;1981-12-13;FC Sochaux;AS Monaco;1-4;8500;M. Quiniou Joël;Championnat de France, D1;;;;FM_198182.docx
1981-1982;officiel;a_creer;1981-12-20;AS Saint-Etienne;FC Sochaux;0-1;20982;M. Bacou Marcel;Championnat de France, D1;;;;FM_198182.docx
1981-1982;officiel;a_creer;1982-01-30;Stade Brest;FC Sochaux;2-1;12244;M. Lopez René;Championnat de France, D1;;;;FM_198182.docx
1981-1982;officiel;a_creer;1982-02-06;FC Sochaux;AS Nancy;1-0;4859;M. Lartigot Jean-Marie;Championnat de France, D1;;;;FM_198182.docx
1981-1982;officiel;a_creer;1982-02-10;FC Sochaux;RC Strasbourg;2-2;6000;M. Ferrary Jacques;Championnat de France, D1;;;;FM_198182.docx
1981-1982;officiel;a_creer;1982-02-13;FC Metz(D1);FC Sochaux;1-0;7699;Benali Mohamed;Coupe de France;;;;FM_198182.docx
1981-1982;officiel;a_creer;1982-02-17;FC Sochaux;Paris SG;2-1;6500;M. Konrath Georges;Championnat de France, D1;;;;FM_198182.docx
1981-1982;officiel;a_creer;1982-02-20;RC Lens;FC Sochaux;3-2;6119;M. Lambert Daniel;Championnat de France, D1;;;;FM_198182.docx
1981-1982;officiel;a_creer;1982-02-28;FC Sochaux;FC Nantes;2-1;6502;M. Delmer Alain;Championnat de France, D1;;;;FM_198182.docx
1981-1982;officiel;a_creer;1982-03-03;OGC Nice;FC Sochaux;1-0;3425;M. Bacou Marcel;Championnat de France, D1;;;;FM_198182.docx
1981-1982;officiel;a_creer;1982-03-13;FC Sochaux;US Valenciennes;2-0;2863;M. Boyer Jean-Claude;Championnat de France, D1;;;;FM_198182.docx
1981-1982;officiel;a_creer;1982-03-20;AJ Auxerre;FC Sochaux;3-0;7513;M. Dailly Michel;Championnat de France, D1;;;;FM_198182.docx
1981-1982;officiel;a_creer;1982-03-27;FC Sochaux;Ol. Lyon;3-1;5240;M. Rideau Jean-Louis;Championnat de France, D1;;;;FM_198182.docx
1981-1982;officiel;a_creer;1982-04-02;Girondins Bordeaux FC;FC Sochaux;3-1;16142;M. Delmer Alain;Championnat de France, D1;;;;FM_198182.docx
1981-1982;officiel;a_creer;1982-04-09;FC Sochaux;Montpellier La Paillade;1-0;5847;M. Girard Michel;Championnat de France, D1;;;;FM_198182.docx
1981-1982;officiel;a_creer;1982-04-13;Lille OSC;FC Sochaux;0-0;6901;M. Lopez René;Championnat de France, D1;;;;FM_198182.docx
1981-1982;officiel;a_creer;1982-04-23;FC Sochaux;SEC Bastia;3-0;6500;M. Konrath Georges;Championnat de France, D1;;;;FM_198182.docx
1981-1982;officiel;a_creer;1982-05-04;Tours FC;FC Sochaux;1-2;12428;M. Lopez René;Championnat de France, D1;;;;FM_198182.docx
1981-1982;officiel;a_creer;1982-05-07;FC Sochaux;Stade Laval;3-1;11200;M. Di Bernardo Ottorino;Championnat de France, D1;;;;FM_198182.docx
1982-1983;officiel;a_creer;1982-08-10;Stade Laval;FC Sochaux;3-1;10994;M. Ferrary Jacques;Championnat de France, D1;;;;FM_198283.docx
1982-1983;officiel;a_creer;1982-08-17;FC Sochaux;Toulouse FC;2-3;7853;M. Lambert Daniel;Championnat de France, D1;;;;FM_198283.docx
1982-1983;officiel;a_creer;1982-08-24;Lille OSC;FC Sochaux;1-0;11487;M. Dailly Michel;Championnat de France, D1;;;;FM_198283.docx
1982-1983;officiel;a_creer;1982-08-27;FC Sochaux;RC Strasbourg;2-2;5957;M. Lopez René;Championnat de France,D1;;;;FM_198283.docx
1982-1983;officiel;a_creer;1982-09-04;FC Metz;FC Sochaux;1-1;11194;M. Delmer Alain;Championnat de France, D1;;;;FM_198283.docx
1982-1983;officiel;a_creer;1982-09-10;AJ Auxerre;FC Sochaux;2-2;9099;M. Bourgeois Jean-Claude;Championnat de France, D1;;;;FM_198283.docx
1982-1983;officiel;a_creer;1982-09-15;PAOK Salonique(Gré.);FC Sochaux;1-0;35000;;Coupe de l'UEFA;;;;FM_198283.docx
1982-1983;officiel;a_creer;1982-09-21;FC Sochaux;AS Saint-Etienne;3-0;9998;M. Wurtz Robert;Championnat de France, D1;;;;FM_198283.docx
1982-1983;officiel;a_creer;1982-09-24;FC Rouen;FC Sochaux;1-1;12900;M. Boyer Jean-Claude;Championnat de France, D1;;;;FM_198283.docx
1982-1983;officiel;a_creer;1982-09-29;FC Sochaux;PAOK Salonique(Gré.);2-1;13000;Bridges(Gal.);Coupe de l'UEFA;;;;FM_198283.docx
1982-1983;officiel;a_creer;1982-10-02;FC Sochaux;Tours FC;1-1;3682;M. Biguet Gérard;Championnat de France, D1;;;;FM_198283.docx
1982-1983;officiel;a_creer;1982-10-12;Paris SG;FC Sochaux;1-0;16581;M. Bacou Marcel;Championnat de France, D1;;;;FM_198283.docx
1982-1983;officiel;a_creer;1982-10-15;FC Sochaux;AS Monaco;1-1;3701;M. Benali Mohamed;Championnat de France, D1;;;;FM_198283.docx
1982-1983;officiel;a_creer;1982-10-26;AS Nancy;FC Sochaux;1-3;8859;M. Lartigot Jean-Marie;Championnat de France, D1;;;;FM_198283.docx
1982-1983;officiel;a_creer;1982-10-29;FC Sochaux;FC Nantes;1-1;7000;M. Quiniou Joël;Championnat de France,D1;;;;FM_198283.docx
1982-1983;officiel;a_creer;1982-11-06;FC Mulhouse;FC Sochaux;1-0;14150;M. Lopez René;Championnat de France, D1;;;;FM_198283.docx
1982-1983;officiel;a_creer;1982-11-16;FC Sochaux;Girondins Bordeaux FC;0-2;5479;M. Ferrary Jacques;Championnat de France, D1;;;;FM_198283.docx
1982-1983;officiel;a_creer;1982-11-20;SC Bastia;FC Sochaux;0-0;3021;M. De Zayas Michel;Championnat de France, D1;;;;FM_198283.docx
1982-1983;officiel;a_creer;1982-11-27;FC Sochaux;RC Lens;1-1;4000;M. Konrath Georges;Championnat de France, D1;;;;FM_198283.docx
1982-1983;officiel;a_creer;1982-12-04;Stade Brest;FC Sochaux;2-2;11232;M. Lambert Daniel;Championnat de France, D1;;;;FM_198283.docx
1982-1983;officiel;a_creer;1982-12-11;FC Sochaux;Ol. Lyon;1-1;4259;M. Sculfort Jean-Marie;Championnat de France, D1;;;;FM_198283.docx
1982-1983;officiel;a_creer;1982-12-18;Toulouse FC;FC Sochaux;2-6;9713;M. Lartigot Jean-Marie;Championnat de France, D1;;;;FM_198283.docx
1982-1983;officiel;a_creer;1983-01-15;FC Sochaux;Lille OSC;2-0;3959;M. Rideau Jean-Louis;Championnat de France, D1;;;;FM_198283.docx
1982-1983;officiel;a_creer;1983-01-23;RC Strasbourg;FC Sochaux;1-1;6286;M. Lopez René;Championnat de France,D1;;;;FM_198283.docx
1982-1983;officiel;a_creer;1983-01-30;FC Sochaux;FC Metz;4-3;4737;M. Delmer Alain;Championnat de France, D1;;;;FM_198283.docx
1982-1983;officiel;a_creer;1983-02-06;FC Sochaux;AJ Auxerre;2-0;5656;M. Di Bernardo Ottorino;Championnat de France, D1;;;;FM_198283.docx
1982-1983;officiel;a_creer;1983-02-12;Ol. Lyon(D1);FC Sochaux;3-2;8902;M. Konrath Georges;Coupe de France;;;;FM_198283.docx
1982-1983;officiel;a_creer;1983-02-20;AS Saint-Etienne;FC Sochaux;0-1;10575;M. Lambert Daniel;Championnat de France, D1;;;;FM_198283.docx
1982-1983;officiel;a_creer;1983-02-27;FC Sochaux;FC Rouen;2-2;5000;M. Lopez René;Championnat de France, D1;;;;FM_198283.docx
1982-1983;officiel;a_creer;1983-03-09;Tours FC;FC Sochaux;1-1;9728;M. Lartigot Jean-Marie;Championnat de France, D1;;;;FM_198283.docx
1982-1983;officiel;a_creer;1983-03-19;FC Sochaux;Paris SG;1-2;5847;M. Girard Michel;Championnat de France, D1;;;;FM_198283.docx
1982-1983;officiel;a_creer;1983-03-29;AS Monaco;FC Sochaux;0-0;2392;M. Dailly Michel;Championnat de France, D1;;;;FM_198283.docx
1982-1983;officiel;a_creer;1983-04-01;FC Sochaux;AS Nancy;0-1;4327;M. Féménia Rémy;Championnat de France, D1;;;;FM_198283.docx
1982-1983;officiel;a_creer;1983-04-08;FC Nantes;FC Sochaux;4-0;11828;M. Ferrary Jacques;Championnat de France,D1;;;;FM_198283.docx
1982-1983;officiel;a_creer;1983-04-19;FC Sochaux;FC Mulhouse;1-1;6058;M. Lambert Daniel;Championnat de France, D1;;;;FM_198283.docx
1982-1983;officiel;a_creer;1983-04-29;Girondins Bordeaux FC;FC Sochaux;3-1;12613;M. Ferrary Jacques;Championnat de France, D1;;;;FM_198283.docx
1982-1983;officiel;a_creer;1983-05-06;FC Sochaux;SEC Bastia;2-1;3356;M. Quiniou Joël;Championnat de France, D1;;;;FM_198283.docx
1982-1983;officiel;a_creer;1983-05-13;RC Lens;FC Sochaux;3-0;15966;M. Lopez René;Championnat de France, D1;;;;FM_198283.docx
1982-1983;officiel;a_creer;1983-05-20;FC Sochaux;Stade Brest;4-0;3631;M. Soulerot Daniel;Championnat de France, D1;;;;FM_198283.docx
1982-1983;officiel;a_creer;1983-05-24;OL. Lyon;FC Sochaux;3-1;4467;M. Benali Mohamed;Championnat de France, D1;;;;FM_198283.docx
1982-1983;officiel;a_creer;1983-06-03;FC Sochaux;Stade Laval;1-1;4756;M. Swirog Jean-Claude;Championnat de France, D1;;;;FM_198283.docx
1983-1984;officiel;a_creer;1983-07-02;Lausanne Sports(Sui.);FC Sochaux;2-3;2500;M. Lartigot Jean-Marie;Coupe des Alpes, Groupe A;;;;FM_198384.docx
1983-1984;amical;a_creer;1983-07-05;FC Sochaux;POLOGNE;2-2;;;05/07/1983 à Sochaux, stade Bonal;;;;AM_198384.docx
1983-1984;officiel;a_creer;1983-07-10;FC Sochaux;Grasshoppers Zürich(Sui.);2-1;2500;M. Heinis Alfred(Sui.);Coupe des Alpes, Groupe A;;;;FM_198384.docx
1983-1984;officiel;a_creer;1983-07-13;FC Sochaux;Lausanne Sports(Sui.);1-1;1500;M. Sandoz Georges(Sui.);Coupe des Alpes, Groupe A;;;;FM_198384.docx
1983-1984;officiel;a_creer;1983-07-16;Grasshoppers Zürich(Sui.);FC Sochaux;1-2;1600;M. Biguet Gérard;Coupe des Alpes, Groupe A;;;;FM_198384.docx
1983-1984;officiel;a_creer;1983-07-20;FC Sochaux;Nîmes Ol.;4-1;6129;M. Wurtz Robert;Championnat de France, D1;;;;FM_198384.docx
1983-1984;officiel;a_creer;1983-07-27;FC Sochaux;Girondins Bordeaux FC;3-1;12049;M. Lartigot Jean-Marie;Championnat de France, D1;;;;FM_198384.docx
1983-1984;officiel;a_creer;1983-08-03;AS Nancy;FC Sochaux;0-0;10545;M. Bouillet Claude;Championnat de France, D1;;;;FM_198384.docx
1983-1984;officiel;a_creer;1983-08-10;FC Sochaux;RC Strasbourg;0-0;10885;M. Rideau Jean-Louis;Championnat de France, D1;;;;FM_198384.docx
1983-1984;officiel;a_creer;1983-08-17;FC Rouen;FC Sochaux;1-0;15985;M. Di Bernardo Ottorino;Championnat de France, D1;;;;FM_198384.docx
1983-1984;officiel;a_creer;1983-08-20;FC Sochaux;Stade Laval;0-1;6622;M. Zagni Germain;Championnat de France, D1;;;;FM_198384.docx
1983-1984;officiel;a_creer;1983-08-31;Toulouse FC;FC Sochaux;0-0;15186;M. Swirog Jean-Claude;Championnat de France, D1;;;;FM_198384.docx
1983-1984;officiel;a_creer;1983-09-10;FC Sochaux;FC Nantes;0-1;6078;M. Benali Mohamed;Championnat de France,D1;;;;FM_198384.docx
1983-1984;officiel;a_creer;1983-09-17;FC Metz;FC Sochaux;3-1;7044;M. Soulerot Daniel;Championnat de France, D1;;;;FM_198384.docx
1983-1984;officiel;a_creer;1983-09-21;FC Sochaux;RC Lens;2-2;4078;M. Ferrary Jacques;Championnat de France, D1;;;;FM_198384.docx
1983-1984;officiel;a_creer;1983-09-24;AS Saint-Etienne;FC Sochaux;1-0;10662;M. Biguet Gérard;Championnat de France, D1;;;;FM_198384.docx
1983-1984;officiel;a_creer;1983-10-01;FC Sochaux;Stade Brest;2-0;3551;M. Rivière Francis;Championnat de France, D1;;;;FM_198384.docx
1983-1984;officiel;a_creer;1983-10-08;Paris SG;FC Sochaux;3-1;17177;M. Swirog Jean-Claude;Championnat de France, D1;;;;FM_198384.docx
1983-1984;officiel;a_creer;1983-10-15;FC Sochaux;AS Monaco;1-1;5715;M. Bouillet Claude;Championnat de France, D1;;;;FM_198384.docx
1983-1984;officiel;a_creer;1983-10-22;SC Bastia;FC Sochaux;0-2;2200;M. Lopez;Championnat de France, D1;;;;FM_198384.docx
1983-1984;officiel;a_creer;1983-10-29;FC Sochaux;AJ Auxerre;3-0;3874;M. Delmer Alain;Championnat de France, D1;;;;FM_198384.docx
1983-1984;officiel;a_creer;1983-11-05;SC Toulon;FC Sochaux;1-0;5497;M. Di Bernardo Ottorino;Championnat de France, D1;;;;FM_198384.docx
1983-1984;officiel;a_creer;1983-11-16;FC Sochaux;Stade Rennes FC;1-0;3230;M. Dailly Michel;Championnat de France, D1;;;;FM_198384.docx
1983-1984;officiel;a_creer;1983-11-19;Lille OSC;FC Sochaux;1-2;6190;M. Girard Michel;Championnat de France, D1;;;;FM_198384.docx
1983-1984;officiel;a_creer;1983-11-26;Girondins Bordeaux FC;FC Sochaux;3-0;13438;M. Delmer Alain;Championnat de France, D1;;;;FM_198384.docx
1983-1984;officiel;a_creer;1983-12-03;FC Sochaux;AS Nancy;0-1;2851;M. Boyer Jean-Claude;Championnat de France, D1;;;;FM_198384.docx
1983-1984;officiel;a_creer;1983-12-10;RC Strasbourg;FC Sochaux;0-0;4115;M. Rivière Francis;Championnat de France, D1;;;;FM_198384.docx
1983-1984;officiel;a_creer;1983-12-17;FC Sochaux;FC Rouen;1-1;2864;M. Ferrary Jacques;Championnat de France, D1;;;;FM_198384.docx
1983-1984;officiel;a_creer;1984-01-14;Stade Laval;FC Sochaux;1-1;4695;M. Soulerot Daniel;Championnat de France, D1;;;;FM_198384.docx
1983-1984;officiel;a_creer;1984-01-28;Thionville FC(D4);FC Sochaux;0-2;4353;M. Sculfort Jean-Marie;Coupe de France;;;;FM_198384.docx
1983-1984;officiel;a_creer;1984-02-04;FC Nantes;FC Sochaux;1-1;10484;M. Boyer Jean-Claude;Championnat de France,D1;;;;FM_198384.docx
1983-1984;officiel;a_creer;1984-02-11;FC Sochaux;FC Metz;2-0;2883;M. Hirtz Jean-Claude;Championnat de France, D1;;;;FM_198384.docx
1983-1984;officiel;a_creer;1984-02-18;Tours FC(D2);FC Sochaux;1-1;6069;Ferrary Jacques;Coupe de France;;;;FM_198384.docx
1983-1984;officiel;a_creer;1984-02-21;FC Sochaux;Tours FC(D2);3-0;2500;Delmer Alain;Coupe de France;;;;FM_198384.docx
1983-1984;officiel;a_creer;1984-02-25;RC Lens;FC Sochaux;1-0;5750;M. Konrath Georges;Championnat de France, D1;;;;FM_198384.docx
1983-1984;officiel;a_creer;1984-03-07;FC Sochaux;Toulouse FC;1-0;5669;M. Biguet Gérard;Championnat de France, D1;;;;FM_198384.docx
1983-1984;officiel;a_creer;1984-03-10;Stade Brest;FC Sochaux;0-0;5427;M. Lambert Daniel;Championnat de France, D1;;;;FM_198384.docx
1983-1984;officiel;a_creer;1984-03-14;FC Sochaux;Paris SG;2-1;5031;M. Dailly Michel;Championnat de France, D1;;;;FM_198384.docx
1983-1984;officiel;a_creer;1984-03-17;AS Cannes(D2);FC Sochaux;3-0;3741;Boyer Jean-Claude;Coupe de France;;;;FM_198384.docx
1983-1984;officiel;a_creer;1984-03-20;FC Sochaux;AS Cannes(D2);1-1;8000;Lartigot Jean-Marie;Coupe de France;;;;FM_198384.docx
1983-1984;officiel;a_creer;1984-03-24;AS Monaco;FC Sochaux;1-1;1848;M. Bouillet Claude;Championnat de France, D1;;;;FM_198384.docx
1983-1984;officiel;a_creer;1984-03-27;FC Sochaux;AS Saint-Etienne;1-1;8008;M. Sculfort Jean-Marie;Championnat de France, D1;;;;FM_198384.docx
1983-1984;officiel;a_creer;1984-03-31;FC Sochaux;SEC Bastia;2-0;2920;M. Wurtz Robert;Championnat de France, D1;;;;FM_198384.docx
1983-1984;officiel;a_creer;1984-04-07;AJ Auxerre;FC Sochaux;2-0;9328;M. Swirog Jean-Claude;Championnat de France, D1;;;;FM_198384.docx
1983-1984;officiel;a_creer;1984-04-14;FC Sochaux;SC Toulon;8-2;3342;M. Quiniou Joël;Championnat de France, D1;;;;FM_198384.docx
1983-1984;officiel;a_creer;1984-04-21;Stade Rennes FC;FC Sochaux;0-1;4185;M. Sculfort Jean-Marie;Championnat de France, D1;;;;FM_198384.docx
1983-1984;officiel;a_creer;1984-04-28;FC Sochaux;Lille OSC;1-0;4212;M. Rideau Jean-Louis;Championnat de France, D1;;;;FM_198384.docx
1983-1984;officiel;a_creer;1984-05-02;Nîmes Ol.;FC Sochaux;2-2;1248;M. Rivière Francis;Championnat de France, D1;;;;FM_198384.docx
1983-1984;officiel;a_creer;1984-06-30;FC Sochaux;Grasshoppers Zürich(Sui.);0-2;1000;M. Nussbaumer Walter(Sui.);Coupe des Alpes, Groupe A;;;;FM_198485.docx
1984-1985;officiel;a_creer;1984-07-07;Lausanne Sports(Sui.);FC Sochaux;1-0;1300;M. Wurtz Robert;Coupe des Alpes, Groupe A;;;;FM_198485.docx
1984-1985;officiel;a_creer;1984-07-10;Grasshoppers Zürich(Sui.);FC Sochaux;2-0;1750;M. Biguet Gérard;Coupe des Alpes, Groupe A;;;;FM_198485.docx
1984-1985;officiel;a_creer;1984-07-14;FC Sochaux;Lausanne Sports(Sui.);0-0;750;M. Martino Arturo;Coupe des Alpes, Groupe A;;;;FM_198485.docx
1984-1985;officiel;a_creer;1984-07-17;RC Strasbourg(D1);FC Sochaux;2-1;;;Coupe de la Ligue;;;;FM_198485.docx
1984-1985;officiel;a_creer;1984-07-20;FC Sochaux;RCFC Besançon(D2);1-1;;;Coupe de la Ligue;;;;FM_198485.docx
1984-1985;officiel;a_creer;1984-07-26;FC Mulhouse(D2);FC Sochaux;0-2;;;Coupe de la Ligue;;;;FM_198485.docx
1984-1985;officiel;a_creer;1984-07-31;FC Sochaux;AS Nancy(D1);2-1;;;Coupe de la Ligue;;;;FM_198485.docx
1984-1985;officiel;a_creer;1984-08-03;FC Sochaux;AJ Auxerre(D1);2-1;;;Coupe de la Ligue;;;;FM_198485.docx
1984-1985;officiel;a_creer;1984-08-07;FC Sochaux;Montpellier La Paillade(D2);2-1;;;Coupe de la Ligue;;;;FM_198485.docx
1984-1985;officiel;a_creer;1984-08-11;AS Monaco(D1);FC Sochaux;3-1;;M. Lopez René;Coupe de la Ligue;;;;FM_198485.docx
1984-1985;officiel;a_creer;1984-08-17;Ol. Marseille;FC Sochaux;3-1;21815;M. Lartigot Jean-Marie;Championnat de France, D1;;;;FM_198485.docx
1984-1985;officiel;a_creer;1984-08-21;FC Rouen;FC Sochaux;1-1;10550;M. Wurtz Robert;Championnat de France, D1;;;;FM_198485.docx
1984-1985;officiel;a_creer;1984-08-24;FC Sochaux;RC Paris;6-1;6861;M. Ferrary Jacques;Championnat de France, D1;;;;FM_198485.docx
1984-1985;officiel;a_creer;1984-08-28;RC Strasbourg;FC Sochaux;4-2;18778;M. Hirtz Jean-Claude;Championnat de France, D1;;;;FM_198485.docx
1984-1985;officiel;a_creer;1984-08-31;FC Sochaux;Stade Laval;2-0;6500;M. De Zayas Michel;Championnat de France, D1;;;;FM_198485.docx
1984-1985;officiel;a_creer;1984-09-08;AS Monaco;FC Sochaux;2-0;4414;M. Lambert Daniel;Championnat de France, D1;;;;FM_198485.docx
1984-1985;officiel;a_creer;1984-09-14;FC Sochaux;Toulouse FC;0-1;5000;M. Swirog Jean-Claude;Championnat de France, D1;;;;FM_198485.docx
1984-1985;officiel;a_creer;1984-09-21;AS Nancy;FC Sochaux;2-2;5568;M. Rideau Jean-Louis;Championnat de France, D1;;;;FM_198485.docx
1984-1985;officiel;a_creer;1984-09-25;FC Sochaux;Lille OSC;1-0;2456;M. Bouillet Claude;Championnat de France, D1;;;;FM_198485.docx
1984-1985;officiel;a_creer;1984-09-28;SC Toulon;FC Sochaux;1-0;6000;M. De Zayas Michel;Championnat de France, D1;;;;FM_198485.docx
1984-1985;officiel;a_creer;1984-10-05;FC Sochaux;FC Nantes;0-1;4500;M. Quiniou Joël;Championnat de France,D1;;;;FM_198485.docx
1984-1985;officiel;a_creer;1984-10-16;Brest Armorique FC;FC Sochaux;1-0;5225;M. Wurtz Robert;Championnat de France, D1;;;;FM_198485.docx
1984-1985;officiel;a_creer;1984-10-19;FC Sochaux;Paris SG;4-1;3000;M. Biguet Gérard;Championnat de France, D1;;;;FM_198485.docx
1984-1985;officiel;a_creer;1984-10-27;Girondins Bordeaux FC;FC Sochaux;1-0;16781;M. Benali Mohamed;Championnat de France, D1;;;;FM_198485.docx
1984-1985;officiel;a_creer;1984-11-02;FC Sochaux;SEC Bastia;4-0;4508;M. Bouillet Claude;Championnat de France, D1;;;;FM_198485.docx
1984-1985;officiel;a_creer;1984-11-09;Tours FC;FC Sochaux;2-2;6981;M. Bourgeois Jean-Claude;Championnat de France, D1;;;;FM_198485.docx
1984-1985;officiel;a_creer;1984-11-13;FC Sochaux;AJ Auxerre;2-1;4500;M. Delmer Alain;Championnat de France, D1;;;;FM_198485.docx
1984-1985;officiel;a_creer;1984-11-24;FC Metz;FC Sochaux;1-1;13363;M. Rivière Francis;Championnat de France, D1;;;;FM_198485.docx
1984-1985;officiel;a_creer;1984-12-02;FC Sochaux;RC Lens;1-2;4336;M. Wurtz Robert;Championnat de France, D1;;;;FM_198485.docx
1984-1985;officiel;a_creer;1984-12-16;FC Sochaux;FC Rouen;4-0;2500;M. Lambert Daniel;Championnat de France, D1;;;;FM_198485.docx
1984-1985;officiel;a_creer;1984-12-21;RC Paris;FC Sochaux;0-2;3000;M. Dailly Michel;Championnat de France, D1;;;;FM_198485.docx
1984-1985;amical;a_creer;1985-01-05;Cholet;FC Sochaux;0-9;;;Amical le 05/01/1985 à Cholet;;;;AM_198485.docx
1984-1985;amical;a_creer;1985-01-12;FC Tours;FC Sochaux;1-0;261;;Amical le 12/01/1985 au Mans, stade du Cher;;;;AM_198485.docx
1984-1985;officiel;a_creer;1985-01-26;Stade Laval;FC Sochaux;2-1;3479;M. Ferrary Jacques;Championnat de France, D1;;;;FM_198485.docx
1984-1985;officiel;a_creer;1985-02-03;FC Sochaux;AS Monaco;1-2;6000;M. Zagni Germain;Championnat de France, D1;;;;FM_198485.docx
1984-1985;officiel;a_creer;1985-02-09;FC Martigues(D2);FC Sochaux;2-3;5000;M. Hirtz Jean-Claude;Coupe de France;;;;FM_198485.docx
1984-1985;officiel;a_creer;1985-02-16;Toulouse FC;FC Sochaux;0-0;6095;M. De Zayas Michel;Championnat de France, D1;;;;FM_198485.docx
1984-1985;officiel;a_creer;1985-03-01;Lille OSC;FC Sochaux;1-1;7000;M. Wurtz Robert;Championnat de France, D1;;;;FM_198485.docx
1984-1985;officiel;a_creer;1985-03-05;FC Sochaux;RC Strasbourg;3-1;2389;M. Girard Michel;Championnat de France, D1;;;;FM_198485.docx
1984-1985;officiel;a_creer;1985-03-09;AS Mantes(DH);FC Sochaux;0-3;7570;M. Zagni Germain;Coupe de France;;;;FM_198485.docx
1984-1985;officiel;a_creer;1985-03-12;FC Sochaux;AS Mantes(DH);8-1;1500;M. Kaiser Lucien;Coupe de France;;;;FM_198485.docx
1984-1985;officiel;a_creer;1985-03-15;FC Sochaux;SC Toulon;0-0;4000;M. Delmer Alain;Championnat de France, D1;;;;FM_198485.docx
1984-1985;officiel;a_creer;1985-03-22;FC Nantes;FC Sochaux;1-1;12000;M. Sculfort Jean-Marie;Championnat de France,D1;;;;FM_198485.docx
1984-1985;officiel;a_creer;1985-03-26;FC Sochaux;Brest Armorique FC;4-2;4000;M. Bourgeois Jean-Claude;Championnat de France, D1;;;;FM_198485.docx
1984-1985;officiel;a_creer;1985-03-29;FC Sochaux;AS Nancy;1-0;13539;M. Konrath Georges;Championnat de France, D1;;;;FM_198485.docx
1984-1985;officiel;a_creer;1985-04-05;Paris SG;FC Sochaux;1-1;10000;M. Benali Mohamed;Championnat de France, D1;;;;FM_198485.docx
1984-1985;officiel;a_creer;1985-04-09;SEC Bastia(D1);FC Sochaux;0-2;3500;M. Biguet Gérard;Coupe de France;;;;FM_198485.docx
1984-1985;officiel;a_creer;1985-04-13;FC Sochaux;Girondins Bordeaux FC;1-1;12000;M. Lopez René;Championnat de France, D1;;;;FM_198485.docx
1984-1985;officiel;a_creer;1985-04-16;FC Sochaux;SEC Bastia(D1);5-1;3500;M. Girard Michel;Coupe de France;;;;FM_198485.docx
1984-1985;officiel;a_creer;1985-04-19;SEC Bastia;FC Sochaux;1-1;1500;M. Wurtz Robert;Championnat de France, D1;;;;FM_198485.docx
1984-1985;officiel;a_creer;1985-04-23;FC Sochaux;Tours FC;2-2;2677;M. Di Bernardo Ottorino;Championnat de France, D1;;;;FM_198485.docx
1984-1985;officiel;a_creer;1985-05-07;AJ Auxerre;FC Sochaux;0-0;9000;M. De Pandis Antoine;Championnat de France, D1;;;;FM_198485.docx
1984-1985;officiel;a_creer;1985-05-11;Toulouse FC(D1);FC Sochaux;2-0;17880;M. Bouillet Claude;Coupe de France;;;;FM_198485.docx
1984-1985;officiel;a_creer;1985-05-14;FC Sochaux;FC Metz;1-1;2191;M. Quiniou Joël;Championnat de France, D1;;;;FM_198485.docx
1984-1985;officiel;a_creer;1985-05-17;FC Sochaux;Toulouse FC(D1);3-3;12000;M. Lartigot Jean-Marie;Coupe de France;;;;FM_198485.docx
1984-1985;officiel;a_creer;1985-05-24;RC Lens;FC Sochaux;3-1;5678;M. De Zayas Michel;Championnat de France, D1;;;;FM_198485.docx
1984-1985;officiel;a_creer;1985-05-28;FC Sochaux;Ol. Marseille;2-0;2000;M. Swirog Jean-Claude;Championnat de France, D1;;;;FM_198485.docx
1984-1985;amical;a_creer;1985-06-19;RC Besançon;FC Sochaux;1-2;600;M. Monnier;Amical le 19/06/1985 à Ornans;;;;AM_198586.docx
1984-1985;officiel;a_creer;1985-06-29;FC La Chaux-de-Fonds(Sui.);FC Sochaux;0-4;;;Coupe des Alpes;;;;FM_198586.docx
1985-1986;officiel;a_creer;1985-07-06;FC Sochaux;Neuchâtel Xamax(Sui.);3-0;;;Coupe des Alpes;;;;FM_198586.docx
1985-1986;officiel;a_creer;1985-07-09;Neuchâtel Xamax(Sui.);FC Sochaux;0-6;;;Coupe des Alpes;;;;FM_198586.docx
1985-1986;officiel;a_creer;1985-07-13;FC Sochaux;FC La Chaux-de-Fonds(Sui.);2-1;;;Coupe des Alpes;;;;FM_198586.docx
1985-1986;officiel;a_creer;1985-07-16;AS Monaco;FC Sochaux;1-1;6000;M. Hirtz Jean-Claude;Championnat de France, D1;;;;FM_198586.docx
1985-1986;officiel;a_creer;1985-07-19;FC Sochaux;Toulouse FC;4-1;5000;M. Blouet Jean-Pierre;Championnat de France, D1;;;;FM_198586.docx
1985-1986;officiel;a_creer;1985-07-26;FC Metz;FC Sochaux;2-0;14094;M. Dozol René;Championnat de France, D1;;;;FM_198586.docx
1985-1986;officiel;a_creer;1985-07-30;FC Sochaux;Le Havre AC;1-1;5943;M. Biguet Gérard;Championnat de France, D1;;;;FM_198586.docx
1985-1986;officiel;a_creer;1985-08-02;Lille OSC;FC Sochaux;2-1;8000;M. Lopez René;Championnat de France, D1;;;;FM_198586.docx
1985-1986;officiel;a_creer;1985-08-09;FC Sochaux;SEC Bastia;2-0;812;M. De Pandis Antoine;Championnat de France, D1;;;;FM_198586.docx
1985-1986;amical;a_creer;1985-08-10;FC Sochaux;Chabad Mécanique de Bellecour(Alg.);4-1;;;Amical;;;;AM_198586.docx
1985-1986;officiel;a_creer;1985-08-16;Stade Laval;FC Sochaux;3-1;7433;M. Wurtz Robert;Championnat de France, D1;;;;FM_198586.docx
1985-1986;officiel;a_creer;1985-08-24;FC Sochaux;Ol. Marseille;1-1;4000;M. Lartigot Jean-Marie;Championnat de France, D1;;;;FM_198586.docx
1985-1986;officiel;a_creer;1985-08-30;AJ Auxerre;FC Sochaux;3-2;8000;M. Bourgeois Jean-Claude;Championnat de France, D1;;;;FM_198586.docx
1985-1986;officiel;a_creer;1985-09-03;FC Sochaux;Girondins Bordeaux FC;2-1;5600;M. Bouillet Claude;Championnat de France, D1;;;;FM_198586.docx
1985-1986;officiel;a_creer;1985-09-13;OGC Nice;FC Sochaux;2-0;1159;M. Ferrary Jacques;Championnat de France, D1;;;;FM_198586.docx
1985-1986;officiel;a_creer;1985-09-20;FC Sochaux;AS Nancy;1-1;3635;M. Pignol Marcel;Championnat de France, D1;;;;FM_198586.docx
1985-1986;officiel;a_creer;1985-09-27;Paris SG;FC Sochaux;4-1;25829;M. Delmer Alain;Championnat de France, D1;;;;FM_198586.docx
1985-1986;officiel;a_creer;1985-10-04;FC Sochaux;RC Lens;1-3;3136;M. Hirtz Jean-Claude;Championnat de France, D1;;;;FM_198586.docx
1985-1986;officiel;a_creer;1985-10-11;Brest Armorique FC;FC Sochaux;3-1;5000;M. Biguet Gérard;Championnat de France, D1;;;;FM_198586.docx
1985-1986;officiel;a_creer;1985-10-18;Stade Rennes FC;FC Sochaux;0-0;9465;M. Sculfort Jean-Marie;Championnat de France, D1;;;;FM_198586.docx
1985-1986;officiel;a_creer;1985-10-25;FC Sochaux;FC Nantes;1-1;4100;M. Lambert Daniel;Championnat de France, D1;;;;FM_198586.docx
1985-1986;officiel;a_creer;1985-11-02;SC Toulon;FC Sochaux;2-2;6000;M. Lartigot Jean-Marie;Championnat de France, D1;;;;FM_198586.docx
1985-1986;officiel;a_creer;1985-11-09;FC Sochaux;RC Strasbourg;3-1;2500;M. Quiniou Joël;Championnat de France, D1;;;;FM_198586.docx
1985-1986;officiel;a_creer;1985-11-19;Toulouse FC;FC Sochaux;3-0;5464;M. De Pandis Antoine;Championnat de France, D1;;;;FM_198586.docx
1985-1986;officiel;a_creer;1985-11-22;FC Sochaux;FC Metz;1-2;1188;M. Bourgeois Jean-Claude;Championnat de France, D1;;;;FM_198586.docx
1985-1986;officiel;a_creer;1985-11-29;Le Havre AC;FC Sochaux;1-0;8119;M. Benali Mohamed;Championnat de France, D1;;;;FM_198586.docx
1985-1986;officiel;a_creer;1985-12-08;FC Sochaux;Lille OSC;3-1;3115;M. Harrel Rémy;Championnat de France, D1;;;;FM_198586.docx
1985-1986;officiel;a_creer;1985-12-14;SC Bastia;FC Sochaux;0-0;2090;M. Swirog Jean-Claude;Championnat de France, D1;;;;FM_198586.docx
1985-1986;officiel;a_creer;1985-12-21;FC Sochaux;Stade Laval;1-0;5742;M. Véniel Jean-Marie;Championnat de France, D1;;;;FM_198586.docx
1985-1986;officiel;a_creer;1986-01-12;Ol. Marseille;FC Sochaux;1-2;12756;M. Lambert Daniel;Championnat de France, D1;;;;FM_198586.docx
1985-1986;officiel;a_creer;1986-01-19;FC Sochaux;AJ Auxerre;2-0;5423;M. Lartigot Jean-Marie;Championnat de France, D1;;;;FM_198586.docx
1985-1986;officiel;a_creer;1986-01-25;FC Metz(D1);FC Sochaux;1-2;7632;;Coupe de France;;;;FM_198586.docx
1985-1986;officiel;a_creer;1986-02-01;Girondins Bordeaux FC;FC Sochaux;1-1;10000;M. Di Bernardo Ottorino;Championnat de France, D1;;;;FM_198586.docx
1985-1986;officiel;a_creer;1986-02-09;FC Sochaux;OGC Nice;2-0;3952;M. Lambert Daniel;Championnat de France, D1;;;;FM_198586.docx
1985-1986;officiel;a_creer;1986-02-15;AJ Auxerre(D1);FC Sochaux;1-0;7000;M. Lopez René;Coupe de France;;;;FM_198586.docx
1985-1986;officiel;a_creer;1986-02-19;FC Sochaux;AJ Auxerre(D1);0-1;3000;M. Quiniou Joël;Coupe de France;;;;FM_198586.docx
1985-1986;officiel;a_creer;1986-02-23;AS Nancy;FC Sochaux;3-0;3275;M. Swirog Jean-Claude;Championnat de France, D1;;;;FM_198586.docx
1985-1986;officiel;a_creer;1986-03-08;RC Lens;FC Sochaux;3-1;8021;M. Harrel Rémy;Championnat de France, D1;;;;FM_198586.docx
1985-1986;officiel;a_creer;1986-03-15;FC Sochaux;Brest Armorique FC;4-2;3965;M. Sculfort Jean-Marie;Championnat de France, D1;;;;FM_198586.docx
1985-1986;officiel;a_creer;1986-03-22;FC Sochaux;Stade Rennes FC;0-0;3000;M. De Pandis Antoine;Championnat de France, D1;;;;FM_198586.docx
1985-1986;officiel;a_creer;1986-04-04;FC Nantes;FC Sochaux;3-2;8500;M. De Zayas Michel;Championnat de France, D1;;;;FM_198586.docx
1985-1986;officiel;a_creer;1986-04-08;FC Sochaux;Paris SG;1-1;10009;M. Delmer Alain;Championnat de France, D1;;;;FM_198586.docx
1985-1986;officiel;a_creer;1986-04-12;FC Sochaux;SC Toulon;1-0;4727;M. Benali Mohamed;Championnat de France, D1;;;;FM_198586.docx
1985-1986;officiel;a_creer;1986-04-18;RC Strasbourg;FC Sochaux;3-0;5000;M. Bourgeois Jean-Claude;Championnat de France, D1;;;;FM_198586.docx
1985-1986;officiel;a_creer;1986-04-25;FC Sochaux;AS Monaco;1-1;4500;M. Delmer Alain;Championnat de France, D1;;;;FM_198586.docx
1986-1987;officiel;ok;1986-07-05;FC Sochaux;AJ Auxerre(D1);3-2;;M. Coutet Bernard;Coupe de la Ligue;/matchs/1986-1987/sochaux-auxerre-coupe-de-la-ligue-05-07-1986/;;;FM_198687.docx
1986-1987;officiel;ok;1986-07-12;FC Gueugnon(D2);FC Sochaux;1-1;;M. Girard Michel;Coupe de la Ligue;/matchs/1986-1987/gueugnon-sochaux-coupe-de-la-ligue-12-07-1986/;;;FM_198687.docx
1986-1987;officiel;ok;1986-07-16;FC Sochaux;AS Saint-Etienne(D1);3-1;;M. Wurtz Robert;Coupe de la Ligue;/matchs/1986-1987/sochaux-saint-etienne-coupe-de-la-ligue-16-07-1986/;;;FM_198687.docx
1986-1987;officiel;ok;1986-07-19;FC Sochaux;FC Gueugnon(D2);0-0;;M. Biguet Gérard;Coupe de la Ligue;/matchs/1986-1987/sochaux-gueugnon-coupe-de-la-ligue-19-07-1986/;;;FM_198687.docx
1986-1987;officiel;ok;1986-07-26;AJ Auxerre(D1);FC Sochaux;1-0;;;Coupe de la Ligue;/matchs/1986-1987/auxerre-sochaux-coupe-de-la-ligue-26-07-1986/;;;FM_198687.docx
1986-1987;officiel;desaccord;1986-08-02;AS Saint-Etienne(D1);FC Sochaux;2-6;1892;M. Harrel Rémy;Coupe de la Ligue;/matchs/1986-1987/saint-etienne-sochaux-coupe-de-la-ligue-01-08-1986/;date 1986-08-02 (feuille) ≠ 1986-08-01 (musée);;FM_198687.docx
1986-1987;officiel;ok;1986-08-05;FC Sochaux;AS Saint-Etienne;3-3;7650;M. Bouillet Claude;Championnat de France, D1;/matchs/1986-1987/sochaux-saint-etienne-division-1-05-08-1986/;;;FM_198687.docx
1986-1987;officiel;ok;1986-08-08;FC Metz;FC Sochaux;5-1;11950;M. Féménia Rémy;Championnat de France, D1;/matchs/1986-1987/metz-sochaux-division-1-08-08-1986/;;;FM_198687.docx
1986-1987;officiel;ok;1986-08-12;FC Sochaux;Lille OSC;1-0;3574;M. Leduc Philippe;Championnat de France, D1;/matchs/1986-1987/sochaux-lille-division-1-12-08-1986/;;;FM_198687.docx
1986-1987;officiel;ok;1986-08-15;SC Toulon;FC Sochaux;0-0;7005;M. Rideau Jean-Louis;Championnat de France, D1;/matchs/1986-1987/toulon-sochaux-division-1-15-08-1986/;;;FM_198687.docx
1986-1987;officiel;ok;1986-08-22;FC Sochaux;OGC Nice;0-0;5014;M. De Pandis Antoine;Championnat de France, D1;/matchs/1986-1987/sochaux-nice-division-1-22-08-1986/;;;FM_198687.docx
1986-1987;officiel;ok;1986-08-26;RC Paris;FC Sochaux;0-2;7655;M. Sculfort Jean-Marie;Championnat de France, D1;/matchs/1986-1987/racing-paris-sochaux-division-1-26-08-1986/;;;FM_198687.docx
1986-1987;officiel;ok;1986-08-29;FC Sochaux;FC Nantes;3-1;10340;M. Bourgeois Jean-Claude;Championnat de France,D1;/matchs/1986-1987/sochaux-nantes-division-1-29-08-1986/;;;FM_198687.docx
1986-1987;officiel;ok;1986-09-03;Stade Rennes FC;FC Sochaux;1-0;7820;M. Biguet Gérard;Championnat de France, D1;/matchs/1986-1987/rennes-sochaux-division-1-03-09-1986/;;;FM_198687.docx
1986-1987;officiel;ok;1986-09-13;FC Sochaux;Girondins Bordeaux FC;0-2;9775;M. Harrel Rémy;Championnat de France, D1;/matchs/1986-1987/sochaux-bordeaux-division-1-13-09-1986/;;;FM_198687.docx
1986-1987;officiel;desaccord;1986-09-20;FC Sochaux;Toulouse FC;1-1;6200;M. Benali Mohamed;Championnat de France, D1;/matchs/1986-1987/sochaux-toulouse-division-1-20-09-1986/;affluence 6200 (feuille) ≠ 5500 (musée);;FM_198687.docx
1986-1987;officiel;ok;1986-09-24;Le Havre AC;FC Sochaux;3-1;7150;M. Pignol Marcel;Championnat de France, D1;/matchs/1986-1987/le-havre-sochaux-division-1-24-09-1986/;;;FM_198687.docx
1986-1987;officiel;ok;1986-10-04;FC Sochaux;Ol. Marseille;2-0;13000;M. Hirtz Jean-Claude;Championnat de France, D1;/matchs/1986-1987/sochaux-marseille-division-1-04-10-1986/;;;FM_198687.docx
1986-1987;officiel;ok;1986-10-17;AS Nancy;FC Sochaux;0-1;4747;M. Blouet Jean-Pierre;Championnat de France, D1;/matchs/1986-1987/nancy-sochaux-division-1-17-10-1986/;;;FM_198687.docx
1986-1987;officiel;ok;1986-10-25;FC Sochaux;Paris SG;0-1;9000;M. De Zayas Michel;Championnat de France, D1;/matchs/1986-1987/sochaux-psg-division-1-25-10-1986/;;;FM_198687.docx
1986-1987;officiel;ok;1986-10-31;AS Monaco;FC Sochaux;2-0;4205;M. Rideau Jean-Louis;Championnat de France, D1;/matchs/1986-1987/monaco-sochaux-division-1-31-10-1986/;;;FM_198687.docx
1986-1987;officiel;desaccord;1986-11-08;FC Sochaux;RC Lens;0-0;3222;M. Girard Michel;Championnat de France, D1;/matchs/1986-1987/sochaux-lens-division-1-08-11-1986/;affluence 3222 (feuille) ≠ 4000 (musée);;FM_198687.docx
1986-1987;officiel;ok;1986-11-12;Stade Laval;FC Sochaux;1-1;5227;M. Lartigot Jean-Marie;Championnat de France, D1;/matchs/1986-1987/laval-sochaux-division-1-12-11-1986/;;;FM_198687.docx
1986-1987;officiel;ok;1986-11-22;FC Sochaux;AJ Auxerre;2-2;2752;M. De Pandis Antoine;Championnat de France, D1;/matchs/1986-1987/sochaux-auxerre-division-1-22-11-1986/;;;FM_198687.docx
1986-1987;officiel;ok;1986-11-29;Brest Armorique FC;FC Sochaux;0-0;5421;M. Sculfort Jean-Marie;Championnat de France, D1;/matchs/1986-1987/brest-sochaux-division-1-29-11-1986/;;;FM_198687.docx
1986-1987;officiel;ok;1986-12-05;FC Sochaux;FC Metz;2-2;2648;M. Quiniou Joël;Championnat de France, D1;/matchs/1986-1987/sochaux-metz-division-1-05-12-1986/;;;FM_198687.docx
1986-1987;officiel;ok;1986-12-13;Lille OSC;FC Sochaux;6-0;5327;M. Blouet Jean-Pierre;Championnat de France, D1;/matchs/1986-1987/lille-sochaux-division-1-13-12-1986/;;;FM_198687.docx
1986-1987;officiel;ok;1986-12-17;FC Sochaux;SC Toulon;0-1;2175;M. Sculfort Jean-Marie;Championnat de France, D1;/matchs/1986-1987/sochaux-toulon-division-1-17-12-1986/;;;FM_198687.docx
1986-1987;officiel;desaccord;1986-12-21;OGC Nice;FC Sochaux;1-0;6982;M. Hirtz Jean-Claude;Championnat de France, D1;/matchs/1986-1987/nice-sochaux-division-1-21-12-1986/;affluence 6982 (feuille) ≠ 8982 (musée);;FM_198687.docx
1986-1987;amical;desaccord;1987-02-14;Brest;Sochaux;2-1;;;Amical le 14/02/1987 à Brest, stade Francis Le Basser;/matchs/1986-1987/brest-sochaux-amical-16-02-1987/;date 1987-02-14 (feuille) ≠ 1987-02-16 (musée);;AM_198687.docx
1986-1987;amical;desaccord;1987-02-18;AEPB La Roche;Sochaux;1-1;;;Amical le 18/02/1987 à La Roche/Yon, stade;/matchs/1986-1987/la-roche-sur-yon-sochaux-amical-21-02-1987/;date 1987-02-18 (feuille) ≠ 1987-02-21 (musée);;AM_198687.docx
1986-1987;amical;desaccord;1987-02-21;Rennes;Sochaux;0-1;;;Amical le 21/02/1987 à Vannes, stade;/matchs/1986-1987/rennes-sochaux-amical-18-02-1987/;date 1987-02-21 (feuille) ≠ 1987-02-18 (musée);;AM_198687.docx
1986-1987;officiel;ok;1987-02-28;FC Sochaux;RC Paris;0-1;3210;M. Lartigot Jean-Marie;Championnat de France, D1;/matchs/1986-1987/sochaux-racing-paris-division-1-28-02-1987/;;;FM_198687.docx
1986-1987;officiel;ok;1987-03-07;FC Nantes;FC Sochaux;2-1;25000;M. Féret André;Championnat de France,D1;/matchs/1986-1987/nantes-sochaux-division-1-07-03-1987/;;;FM_198687.docx
1986-1987;officiel;ok;1987-03-11;FC Sochaux;Stade Rennes FC;1-1;2048;M. Girard Michel;Championnat de France, D1;/matchs/1986-1987/sochaux-rennes-division-1-11-03-1987/;;;FM_198687.docx
1986-1987;officiel;ok;1987-03-14;Girondins Bordeaux FC;FC Sochaux;3-0;15778;M. Harrel Rémy;Championnat de France, D1;/matchs/1986-1987/bordeaux-sochaux-division-1-14-03-1987/;;;FM_198687.docx
1986-1987;officiel;ok;1987-03-21;FC Mulhouse(D2);FC Sochaux;2-1;2717;M. Delmer Alain;Coupe de France;/matchs/1986-1987/mulhouse-sochaux-coupe-de-france-21-03-1987/;;;FM_198687.docx
1986-1987;officiel;ok;1987-03-25;Toulouse FC;FC Sochaux;2-1;9167;M. Biguet Gérard;Championnat de France, D1;/matchs/1986-1987/toulouse-sochaux-division-1-25-03-1987/;;;FM_198687.docx
1986-1987;officiel;desaccord;1987-03-28;FC Sochaux;Le Havre AC;2-1;4253;M. Hirtz Jean-Claude;Championnat de France, D1;/matchs/1986-1987/sochaux-le-havre-division-1-28-03-1987/;affluence 4253 (feuille) ≠ 3000 (musée);;FM_198687.docx
1986-1987;officiel;ok;1987-04-04;Ol. Marseille;FC Sochaux;4-0;23343;M. De Pandis Antoine;Championnat de France, D1;/matchs/1986-1987/marseille-sochaux-division-1-04-04-1987/;;;FM_198687.docx
1986-1987;officiel;desaccord;1987-04-11;FC Sochaux;AS Nancy;0-1;7965;M. Rideau Jean-Louis;Championnat de France, D1;/matchs/1986-1987/sochaux-nancy-division-1-11-04-1987/;affluence 7965 (feuille) ≠ 5000 (musée);;FM_198687.docx
1986-1987;officiel;desaccord;1987-04-17;Paris SG;FC Sochaux;2-0;9105;M. Blouet Jean-Pierre;Championnat de France, D1;/matchs/1986-1987/psg-sochaux-division-1-18-04-1987/;"date 1987-04-17 (feuille) ≠ 1987-04-18 (musée) ; affluence 9105 (feuille) ≠ 8000 (musée)";;FM_198687.docx
1986-1987;officiel;ok;1987-05-02;FC Sochaux;AS Monaco;2-1;7000;M. Quiniou Joël;Championnat de France, D1;/matchs/1986-1987/sochaux-monaco-division-1-02-05-1987/;;;FM_198687.docx
1986-1987;officiel;ok;1987-05-09;RC Lens;FC Sochaux;0-0;4847;M. Lopez René;Championnat de France, D1;/matchs/1986-1987/lens-sochaux-division-1-09-05-1987/;;;FM_198687.docx
1986-1987;officiel;ok;1987-05-15;FC Sochaux;Stade Laval;4-0;6873;M. Lartigot Jean-Marie;Championnat de France, D1;/matchs/1986-1987/sochaux-laval-division-1-15-05-1987/;;;FM_198687.docx
1986-1987;officiel;ok;1987-05-22;AJ Auxerre;FC Sochaux;0-0;7000;M. Wurtz Robert;Championnat de France, D1;/matchs/1986-1987/auxerre-sochaux-division-1-22-05-1987/;;;FM_198687.docx
1986-1987;officiel;ok;1987-05-29;FC Sochaux;Brest Armorique FC;3-0;9949;M. Sculfort Jean-Marie;Championnat de France, D1;/matchs/1986-1987/sochaux-brest-division-1-29-05-1987/;;;FM_198687.docx
1986-1987;officiel;ok;1987-06-05;AS Saint-Etienne;FC Sochaux;1-1;10840;M. Véniel Jean-Marie;Championnat de France, D1;/matchs/1986-1987/saint-etienne-sochaux-division-1-05-06-1987/;;;FM_198687.docx
1986-1987;officiel;ok;1987-06-09;FC Sochaux;AS Cannes(D2);1-0;10000;M. Swirog Jean-Claude;Barrage D1/D2;/matchs/1986-1987/sochaux-cannes-barrages-09-06-1987/;;;FM_198687.docx
1986-1987;officiel;ok;1987-06-13;AS Cannes;FC Sochaux;2-0;12000;M. Biguet Gérard;Barrage D1/D2;/matchs/1986-1987/cannes-sochaux-barrages-13-06-1987/;;;FM_198687.docx
1987-1988;amical;ok;1987-07-08;Sochaux;Nancy;4-0;;;Amical le 08/07/1987 à Saint-Loup sur Semouse;/matchs/1987-1988/sochaux-nancy-amical-08-07-1987/;;;AM_198788.doc
1987-1988;amical;ok;1987-07-14;Sochaux;Banik Ostrava(Tch.);2-0;;;Amical le 14/07/1987 à Sochaux;/matchs/1987-1988/sochaux-banik-ostrava-amical-14-07-1987/;;;AM_198788.doc
1987-1988;officiel;desaccord;1987-07-17;FC Sochaux;US Orléans;4-0;4782;M. Wurtz Robert;Championnat de France,D2;/matchs/1987-1988/sochaux-orleans-division-2-18-07-1987/;date 1987-07-17 (feuille) ≠ 1987-07-18 (musée);;FM_198788.docx
1987-1988;officiel;ok;1987-07-25;FC Montceau;FC Sochaux;1-1;2659;M. Lainé Marcel;Championnat de France,D2;/matchs/1987-1988/montceau-sochaux-division-2-25-07-1987/;;;FM_198788.docx
1987-1988;officiel;ok;1987-08-01;FC Sochaux;SO Châtellerault;4-0;4144;M. Kaiser Lucien;Championnat de France,D2;/matchs/1987-1988/sochaux-chatellerault-division-2-01-08-1987/;;;FM_198788.docx
1987-1988;officiel;ok;1987-08-08;Ol. Lyon;FC Sochaux;1-7;30000;M. Hamel Rémi;Championnat de France,D2;/matchs/1987-1988/lyon-sochaux-division-2-08-08-1987/;;;FM_198788.docx
1987-1988;officiel;ok;1987-08-15;FC Sochaux;FC Grenoble;5-0;8405;M. Meyer Jean-Claude;Championnat de France,D2;/matchs/1987-1988/sochaux-grenoble-division-2-15-08-1987/;;;FM_198788.docx
1987-1988;officiel;ok;1987-08-19;Ol. Alès;FC Sochaux;1-1;8000;M. De Zayas Michel;Championnat de France,D2;/matchs/1987-1988/ales-sochaux-division-2-19-08-1987/;;;FM_198788.docx
1987-1988;officiel;ok;1987-08-22;FC Sochaux;Istres SF;6-0;7067;M. Véniel Jean-Marie;Championnat de France,D2;/matchs/1987-1988/sochaux-istres-division-2-22-08-1987/;;;FM_198788.docx
1987-1988;officiel;ok;1987-08-29;CO Le Puy;FC Sochaux;1-3;4035;M. Zagni Germain;Championnat de France,D2;/matchs/1987-1988/le-puy-sochaux-division-2-29-08-1987/;;;FM_198788.docx
1987-1988;officiel;ok;1987-09-12;SC Bastia;FC Sochaux;1-0;3000;M. Lopez Claude;Championnat de France,D2;/matchs/1987-1988/bastia-sochaux-division-2-12-09-1987/;;;FM_198788.docx
1987-1988;amical;desaccord;1987-09-18;AS Nancy;FC Sochaux;1-0;4000;M. Vautrot Michel;Amical le 18/09/1987 à Epinal;/matchs/1987-1988/nancy-sochaux-amical-18-09-1987/;affluence 4000 (feuille) ≠ 1600 (musée);;AM_198788.doc
1987-1988;amical;ok;1987-09-26;Stade de Reims;FC Sochaux;1-1;;;Amical le 26/09/1987 à Reims, stade Auguste Delaune;/matchs/1987-1988/reims-sochaux-amical-26-09-1987/;;;AM_198788.doc
1987-1988;officiel;ok;1987-10-03;FC Sochaux;Nîmes Ol.;6-1;8908;M. De Pandis Antoine;Championnat de France,D2;/matchs/1987-1988/sochaux-nimes-division-2-03-10-1987/;;;FM_198788.docx
1987-1988;officiel;ok;1987-10-07;FC Sochaux;Cercle F. Dijon;3-0;5012;M. Swirog Jean-Claude;Championnat de France,D1;/matchs/1987-1988/sochaux-dijon-division-2-07-10-1987/;;;FM_198788.docx
1987-1988;officiel;desaccord;1987-10-16;FC Sochaux;FC Sète;1-0;6160;M. Salon Michel;Championnat de France,D1;/matchs/1987-1988/sochaux-sete-division-2-17-10-1987/;date 1987-10-16 (feuille) ≠ 1987-10-17 (musée);;FM_198788.docx
1987-1988;officiel;ok;1987-10-24;CS Cuiseaux-Louhans;FC Sochaux;0-2;8740;M. Girard Michel;Championnat de France,D2;/matchs/1987-1988/louhans-cuiseaux-sochaux-division-2-24-10-1987/;;;FM_198788.docx
1987-1988;officiel;ok;1987-10-31;FC Sochaux;FC Gueugnon;1-0;5832;M. Wurtz Robert;Championnat de France,D1;/matchs/1987-1988/sochaux-gueugnon-division-2-31-10-1987/;;;FM_198788.docx
1987-1988;officiel;ok;1987-11-07;GFC Ajaccio;FC Sochaux;0-0;3792;M. Bouillet Claude;Championnat de France,D2;/matchs/1987-1988/gazelec-ajaccio-sochaux-division-2-07-11-1987/;;;FM_198788.docx
1987-1988;officiel;ok;1987-11-14;FC Sochaux;FC Montceau;3-1;6500;M. Girard Michel;Championnat de France,D1;/matchs/1987-1988/sochaux-montceau-division-2-14-11-1987/;;;FM_198788.docx
1987-1988;officiel;ok;1987-11-21;SO Châtellerault;FC Sochaux;0-4;2746;M. Ferrary Jacques;Championnat de France,D2;/matchs/1987-1988/chatellerault-sochaux-division-2-21-11-1987/;;;FM_198788.docx
1987-1988;officiel;ok;1987-11-28;FC Sochaux;Ol. Lyon;3-0;13000;M. Quiniou Joël;Championnat de France,D1;/matchs/1987-1988/sochaux-lyon-division-2-28-11-1987/;;;FM_198788.docx
1987-1988;officiel;ok;1987-12-05;FC Grenoble;FC Sochaux;0-5;3500;M. Zagni Germain;Championnat de France,D2;/matchs/1987-1988/grenoble-sochaux-division-2-05-12-1987/;;;FM_198788.docx
1987-1988;officiel;ok;1987-12-13;FC Sochaux;Ol. Alès;3-0;3000;;Championnat de France,D1;/matchs/1987-1988/sochaux-ales-division-2-13-12-1987/;;;FM_198788.docx
1987-1988;officiel;ok;1987-12-19;CA Pontarlier(PH);FC Sochaux;0-4;3943;M. Kaiser Lucien;Coupe de France;/matchs/1987-1988/ca-pontarlier-sochaux-coupe-de-france-19-12-1987/;;;FM_198788.docx
1987-1988;officiel;ok;1988-02-13;FC Sochaux;Ol. Saint-Quentin(D3);6-0;2087;M. Kaiser Lucien;Coupe de France;/matchs/1987-1988/sochaux-saint-quentin-coupe-de-france-13-02-1988/;;;FM_198788.docx
1987-1988;officiel;ok;1988-02-20;Istres SF;FC Sochaux;0-2;1200;M. Leduc Philippe;Championnat de France,D2;/matchs/1987-1988/istres-sochaux-division-2-20-02-1988/;;;FM_198788.docx
1987-1988;officiel;ok;1988-02-28;FC Sochaux;CO Le Puy;2-1;6795;M. Poulain Jacques;Championnat de France,D1;/matchs/1987-1988/sochaux-le-puy-division-2-28-02-1988/;;;FM_198788.docx
1987-1988;officiel;ok;1988-03-05;FC Tours;FC Sochaux;1-4;2652;M. Véniel Jean-Marie;Championnat de France,D2;/matchs/1987-1988/tours-sochaux-division-2-05-03-1988/;;;FM_198788.docx
1987-1988;officiel;desaccord;1988-03-12;Tours FC(D2);FC Sochaux;1-2;1734;M. Lopez Claude;Coupe de France;/matchs/1987-1988/tours-sochaux-coupe-de-france-09-03-1988/;date 1988-03-12 (feuille) ≠ 1988-03-09 (musée);;FM_198788.docx
1987-1988;officiel;ok;1988-03-19;FC Sochaux;SC Bastia;2-0;5950;M. Meyer Jean-Claude;Championnat de France,D1;/matchs/1987-1988/sochaux-bastia-division-2-19-03-1988/;;;FM_198788.docx
1987-1988;officiel;ok;1988-03-26;Cercle F. Dijon;FC Sochaux;0-2;6305;M. Delmer Alain;Championnat de France,D2;/matchs/1987-1988/dijon-sochaux-division-2-26-03-1988/;;;FM_198788.docx
1987-1988;officiel;desaccord;1988-03-31;Paris SG(D1);FC Sochaux;1-3;10000;M. Sculfort Jean-Marie;Coupe de France;/matchs/1987-1988/paris-sg-sochaux-coupe-de-france-30-03-1988/;date 1988-03-31 (feuille) ≠ 1988-03-30 (musée);;FM_198788.docx
1987-1988;officiel;ok;1988-04-02;Nîmes Ol.;FC Sochaux;1-2;4067;M. Leduc Philippe;Championnat de France,D1;/matchs/1987-1988/nimes-sochaux-division-2-02-04-1988/;;;FM_198788.docx
1987-1988;officiel;ok;1988-04-05;FC Sochaux;Paris SG(D1);3-0;13000;M. Biguet Gérard;Coupe de France;/matchs/1987-1988/sochaux-paris-sg-coupe-de-france-05-04-1988/;;;FM_198788.docx
1987-1988;officiel;ok;1988-04-09;FC Sochaux;FC Martigues;4-3;;;Championnat de France,D1;/matchs/1987-1988/sochaux-martigues-division-2-09-04-1988/;;;FM_198788.docx
1987-1988;officiel;ok;1988-04-16;FC Sète;FC Sochaux;2-4;1200;M. Harrel Rémi;Championnat de France,D2;/matchs/1987-1988/sete-sochaux-division-2-16-04-1988/;;;FM_198788.docx
1987-1988;officiel;ok;1988-04-19;Montpellier La Paillade(D1);FC Sochaux;2-2;13651;M. Rideau Jean-Louis;Coupe de France;/matchs/1987-1988/montpellier-sochaux-coupe-de-france-19-04-1988/;;;FM_198788.docx
1987-1988;officiel;ok;1988-04-23;FC Sochaux;Montpellier La Paillade(D1);1-0;15711;M. Delmer Alain;Coupe de France;/matchs/1987-1988/sochaux-montpellier-coupe-de-france-23-04-1988/;;;FM_198788.docx
1987-1988;officiel;ok;1988-04-30;FC Sochaux;CS Cuiseaux-Louhans;3-0;3317;M. Wurtz Robert;Championnat de France,D1;/matchs/1987-1988/sochaux-louhans-cuiseaux-division-2-30-04-1988/;;;FM_198788.docx
1987-1988;officiel;ok;1988-05-10;RC Lens(D1);FC Sochaux;2-2;16357;M. Wurtz Robert;Coupe de France;/matchs/1987-1988/lens-sochaux-coupe-de-france-10-05-1988/;;;FM_198788.docx
1987-1988;officiel;desaccord;1988-05-18;FC Sochaux;RC Lens(D1);1-0;13000;M. Biguet Gérard;Coupe de France;/matchs/1987-1988/sochaux-lens-coupe-de-france-17-05-1988/;"date 1988-05-18 (feuille) ≠ 1988-05-17 (musée) ; affluence 13000 (feuille) ≠ 10803 (musée)";;FM_198788.docx
1987-1988;officiel;ok;1988-05-21;US Orléans;FC Sochaux;1-0;;M. Bourdaret Patrick;Championnat de France,D2;/matchs/1987-1988/orleans-sochaux-division-2-21-05-1988/;;;FM_198788.docx
1987-1988;officiel;ok;1988-05-27;FC Sochaux;RC Strasbourg;1-2;2967;M. Delmer Alain;Championnat de France,D2;/matchs/1987-1988/sochaux-strasbourg-tdc-d2-27-05-1988/;;;FM_198788.docx
1987-1988;officiel;ok;1988-05-31;OGC Nice(D1);FC Sochaux;2-1;16552;M. Wurtz Robert;Coupe de France;/matchs/1987-1988/nice-sochaux-coupe-de-france-31-05-1988/;;;FM_198788.docx
1987-1988;officiel;ok;1988-06-03;RC Strasbourg;FC Sochaux;1-0;7475;M. Bourgeois Jean-Claude;Championnat de France,D2;/matchs/1987-1988/strasbourg-sochaux-tdc-d2-03-06-1988/;;;FM_198788.docx
1987-1988;officiel;ok;1988-06-08;FC Sochaux;OGC Nice(D1);2-0;15000;M. Girard Michel;Coupe de France;/matchs/1987-1988/sochaux-nice-coupe-de-france-08-06-1988/;;;FM_198788.docx
1987-1988;officiel;desaccord;1988-06-11;FC Sochaux;FC Metz(D1);1-1;44531;M. Bouillet Claude;Coupe de France;/matchs/1987-1988/metz-sochaux-coupe-de-france-11-06-1988/;lieu inversé (domicile/extérieur);;FM_198788.docx
1988-1989;officiel;ok;1988-07-16;RC Strasbourg;FC Sochaux;0-3;14130;M. Girard Michel;Championnat de France,D1;/matchs/1988-1989/strasbourg-sochaux-division-1-16-07-1988/;;;FM_198889.docx
1988-1989;officiel;ok;1988-07-23;FC Sochaux;Matra Racing de Paris;2-0;8000;M. Chiab Alain;Championnat de France,D1;/matchs/1988-1989/sochaux-matra-racing-division-1-23-07-1988/;;;FM_198889.docx
1988-1989;officiel;ok;1988-07-27;Ol. Marseille;FC Sochaux;0-0;27000;M. Swirog Jean-Claude;Championnat de France,D1;/matchs/1988-1989/marseille-sochaux-division-1-27-07-1988/;;;FM_198889.docx
1988-1989;officiel;ok;1988-07-30;FC Sochaux;Stade Laval;3-0;6000;M. Pignol Marcel;Championnat de France,D1;/matchs/1988-1989/sochaux-laval-division-1-30-07-1988/;;;FM_198889.docx
1988-1989;officiel;ok;1988-08-06;RC Lens;FC Sochaux;2-2;14600;M. Harrel Rémy;Championnat de France,D1;/matchs/1988-1989/lens-sochaux-division-1-06-08-1988/;;;FM_198889.docx
1988-1989;officiel;a_creer;1988-08-07;FC Gueugnon;FC Sochaux;0-1;;M. Meyer Jean-Claude;Championnat de France,D2;;;;FM_198788.docx
1988-1989;officiel;ok;1988-08-13;FC Sochaux;Girondins Bordeaux FC;1-1;15000;M. Véniel Jean-Marie;Championnat de France,D1;/matchs/1988-1989/sochaux-bordeaux-division-1-13-08-1988/;;;FM_198889.docx
1988-1989;officiel;ok;1988-08-17;Paris SG;FC Sochaux;1-0;35000;M. Blouet Jean-Pierre;Championnat de France,D1;/matchs/1988-1989/psg-sochaux-division-1-17-08-1988/;;;FM_198889.docx
1988-1989;officiel;ok;1988-08-20;FC Sochaux;FC Metz;1-0;7000;M. Sculfort Jean-Marie;Championnat de France,D1;/matchs/1988-1989/sochaux-metz-division-1-20-08-1988/;;;FM_198889.docx
1988-1989;officiel;ok;1988-08-27;AS Cannes;FC Sochaux;2-0;8335;M. Bourgeois Jean-Claude;Championnat de France,D1;/matchs/1988-1989/cannes-sochaux-division-1-27-08-1988/;;;FM_198889.docx
1988-1989;officiel;a_creer;1988-09-02;FC Sochaux;Tours FC;1-0;6133;M. Sculfort Jean-Marie;Championnat de France,D2;;;;FM_198788.docx
1988-1989;officiel;desaccord;1988-09-02;FC Sochaux;FC Nantes;0-1;6650;M. Quiniou Joël;Championnat de France,D1;/matchs/1988-1989/sochaux-nantes-division-1-03-09-1988/;date 1988-09-02 (feuille) ≠ 1988-09-03 (musée);;FM_198889.docx
1988-1989;officiel;desaccord;1988-09-09;SM Caen;FC Sochaux;0-0;13257;M. Kaiser L.;Championnat de France,D1;/matchs/1988-1989/caen-sochaux-division-1-10-09-1988/;date 1988-09-09 (feuille) ≠ 1988-09-10 (musée);;FM_198889.docx
1988-1989;officiel;desaccord;1988-09-16;FC Sochaux;AS Monaco;0-0;6000;M. Wurtz Robert;Championnat de France,D1;/matchs/1988-1989/sochaux-monaco-division-1-17-09-1988/;date 1988-09-16 (feuille) ≠ 1988-09-17 (musée);;FM_198889.docx
1988-1989;officiel;desaccord;1988-09-20;Lille OSC;FC Sochaux;2-0;6274;M. Harrel Rémy;Championnat de France,D1;/matchs/1988-1989/lille-sochaux-division-1-21-09-1988/;date 1988-09-20 (feuille) ≠ 1988-09-21 (musée);;FM_198889.docx
1988-1989;officiel;ok;1988-10-01;FC Sochaux;AJ Auxerre;3-2;5000;M. Féret André;Championnat de France,D1;/matchs/1988-1989/sochaux-auxerre-division-1-01-10-1988/;;;FM_198889.docx
1988-1989;officiel;ok;1988-10-08;SC Toulon;FC Sochaux;0-0;4500;M. Hirtz Jean-Claude;Championnat de France,D1;/matchs/1988-1989/toulon-sochaux-division-1-08-10-1988/;;;FM_198889.docx
1988-1989;officiel;desaccord;1988-10-15;FC Sochaux;Toulouse FC;2-2;4736;M. Delmer Alain;Championnat de France,D1;/matchs/1988-1989/sochaux-toulouse-division-1-15-10-1988/;affluence 4736 (feuille) ≠ 5600 (musée);;FM_198889.docx
1988-1989;officiel;desaccord;1988-10-29;FC Sochaux;Montpellier LP;2-0;5050;M. Harrel Rémy;Championnat de France,D1;/matchs/1988-1989/sochaux-montpellier-division-1-29-10-1988/;affluence 5050 (feuille) ≠ 5950 (musée);;FM_198889.docx
1988-1989;officiel;ok;1988-11-05;AS Saint-Etienne;FC Sochaux;1-2;14218;M. Rideau Jean-Louis;Championnat de France,D1;/matchs/1988-1989/saint-etienne-sochaux-division-1-05-11-1988/;;;FM_198889.docx
1988-1989;officiel;ok;1988-11-12;FC Sochaux;OGC Nice;1-0;7000;M. Salon Michel;Championnat de France,D1;/matchs/1988-1989/sochaux-nice-division-1-12-11-1988/;;;FM_198889.docx
1988-1989;officiel;desaccord;1988-11-26;Matra Racing de Paris;FC Sochaux;0-2;7046;M. De Zayas Michel;Championnat de France,D1;/matchs/1988-1989/matra-racing-sochaux-division-1-26-11-1988/;affluence 7046 (feuille) ≠ 14258 (musée);;FM_198889.docx
1988-1989;officiel;ok;1988-12-03;FC Sochaux;Ol. Marseille;0-0;12000;M. Quiniou Joël;Championnat de France,D1;/matchs/1988-1989/sochaux-marseille-division-1-03-12-1988/;;;FM_198889.docx
1988-1989;officiel;ok;1988-12-10;Stade Laval;FC Sochaux;1-1;4000;M. Leduc Philippe;Championnat de France,D1;/matchs/1988-1989/laval-sochaux-division-1-10-12-1988/;;;FM_198889.docx
1988-1989;officiel;desaccord;1988-12-14;FC Sochaux;RC Lens;2-1;3500;M. Bouillet Claude;Championnat de France,D1;/matchs/1988-1989/sochaux-lens-division-1-14-12-1988/;affluence 3500 (feuille) ≠ 4200 (musée);;FM_198889.docx
1988-1989;officiel;ok;1988-12-17;Girondins Bordeaux FC;FC Sochaux;1-2;16208;M. Swirog Jean-Claude;Championnat de France,D1;/matchs/1988-1989/bordeaux-sochaux-division-1-17-12-1988/;;;FM_198889.docx
1988-1989;amical;desaccord;1989-01-15;Raja Casablanca;FC Sochaix;0-3;;;Demi finale 15/01/1989;/matchs/1988-1989/raja-casablanca-sochaux-amical-14-01-1989/;date 1989-01-15 (feuille) ≠ 1989-01-14 (musée);;AM_198889.docx
1988-1989;officiel;desaccord;1989-02-04;FC Sochaux;Paris SG;2-1;8000;M. Wurtz Robert;Championnat de France,D1;/matchs/1988-1989/sochaux-psg-division-1-05-02-1989/;date 1989-02-04 (feuille) ≠ 1989-02-05 (musée);;FM_198889.docx
1988-1989;officiel;desaccord;1989-02-11;FC Metz;FC Sochaux;1-0;11613;M. Hirtz Jean-Claude;Championnat de France,D1;/matchs/1988-1989/metz-sochaux-division-1-12-02-1989/;date 1989-02-11 (feuille) ≠ 1989-02-12 (musée);;FM_198889.docx
1988-1989;officiel;desaccord;1989-02-18;FC Sochaux;AS Cannes;4-0;3319;M. Ramos Georges;Championnat de France,D1;/matchs/1988-1989/sochaux-cannes-division-1-18-02-1989/;affluence 3319 (feuille) ≠ 4000 (musée);;FM_198889.docx
1988-1989;officiel;desaccord;1989-02-21;FC Nantes;FC Sochaux;0-0;15056;M. Salon Michel;Championnat de France,D1;/matchs/1988-1989/nantes-sochaux-division-1-22-02-1989/;date 1989-02-21 (feuille) ≠ 1989-02-22 (musée);;FM_198889.docx
1988-1989;officiel;desaccord;1989-02-25;FC Metz(D1);FC Sochaux;0-1;4000;De Pandis Antoine;Coupe de France;/matchs/1988-1989/sochaux-metz-coupe-de-france-25-02-1989/;"lieu inversé (domicile/extérieur) ; affluence 4000 (feuille) ≠ 6000 (musée)";;FM_198889.docx
1988-1989;officiel;ok;1989-03-11;FC Sochaux;SM Caen;1-0;5000;M. Biguet Gérard;Championnat de France,D1;/matchs/1988-1989/sochaux-caen-division-1-11-03-1989/;;;FM_198889.docx
1988-1989;officiel;ok;1989-03-18;AS Monaco;FC Sochaux;0-0;3000;M. Wurtz Robert;Championnat de France,D1;/matchs/1988-1989/monaco-sochaux-division-1-18-03-1989/;;;FM_198889.docx
1988-1989;officiel;ok;1989-03-22;Stade Mont-de-Marsan(D3);FC Sochaux;1-2;;M. Hirtz Jean-Claude;Coupe de France;/matchs/1988-1989/mont-de-marsan-sochaux-coupe-de-france-22-03-1989/;;;FM_198889.docx
1988-1989;officiel;ok;1989-03-25;FC Sochaux;Lille OSC;2-0;4500;M. Lartigot Jean-Marie;Championnat de France,D1;/matchs/1988-1989/sochaux-lille-division-1-25-03-1989/;;;FM_198889.docx
1988-1989;officiel;ok;1989-03-29;FC Sochaux;Stade Mont-de-Marsan(D3);3-0;2500;M. Lavis Bernard;Coupe de France;/matchs/1988-1989/sochaux-mont-de-marsan-coupe-de-france-29-03-1989/;;;FM_198889.docx
1988-1989;officiel;ok;1989-04-01;AJ Auxerre;FC Sochaux;2-1;14580;M. Véniel Jean-Marie;Championnat de France,D1;/matchs/1988-1989/auxerre-sochaux-division-1-01-04-1989/;;;FM_198889.docx
1988-1989;officiel;desaccord;1989-04-08;FC Sochaux;Ol. Lyon(D2);1-0;6000;M. Leduc Philippe;Coupe de France;/matchs/1988-1989/sochaux-lyon-coupe-de-france-08-04-1989/;affluence 6000 (feuille) ≠ 7600 (musée);;FM_198889.docx
1988-1989;officiel;ok;1989-04-12;FC Sochaux;SC Toulon;2-1;4000;M. Bourgeois Jean-Claude;Championnat de France,D1;/matchs/1988-1989/sochaux-toulon-division-1-12-04-1989/;;;FM_198889.docx
1988-1989;officiel;ok;1989-04-15;Ol. Lyon(D2);FC Sochaux;1-1;41982;M. Swirog Jean-Claude;Coupe de France;/matchs/1988-1989/lyon-sochaux-coupe-de-france-15-04-1989/;;;FM_198889.docx
1988-1989;officiel;desaccord;1989-04-22;Toulouse FC;FC Sochaux;2-1;8754;M. Batta Marc;Championnat de France,D1;/matchs/1988-1989/toulouse-sochaux-division-1-22-04-1989/;affluence 8754 (feuille) ≠ 12754 (musée);;FM_198889.docx
1988-1989;officiel;ok;1989-05-03;FC Sochaux;FC Mulhouse(D2);3-1;15000;M. Delmer Alain;Coupe de France;/matchs/1988-1989/sochaux-mulhouse-coupe-de-france-03-05-1989/;;;FM_198889.docx
1988-1989;officiel;desaccord;1989-05-05;Montpellier LP;FC Sochaux;1-2;10000;M. Lartigot Jean-Marie;Championnat de France,D1;/matchs/1988-1989/montpellier-sochaux-division-1-06-05-1989/;date 1989-05-05 (feuille) ≠ 1989-05-06 (musée);;FM_198889.docx
1988-1989;officiel;ok;1989-05-09;FC Mulhouse(D2);FC Sochaux;1-0;13300;M. Quiniou Joël;Coupe de France;/matchs/1988-1989/mulhouse-sochaux-coupe-de-france-09-05-1989/;;;FM_198889.docx
1988-1989;officiel;desaccord;1989-05-12;FC Sochaux;AS Saint-Etienne;1-0;9000;M. Harrel Rémy;Championnat de France,D1;/matchs/1988-1989/sochaux-saint-etienne-division-1-13-05-1989/;date 1989-05-12 (feuille) ≠ 1989-05-13 (musée);;FM_198889.docx
1988-1989;officiel;ok;1989-05-20;OGC Nice;FC Sochaux;3-2;5552;M. Lainé Marcel;Championnat de France,D1;/matchs/1988-1989/nice-sochaux-division-1-20-05-1989/;;;FM_198889.docx
1988-1989;officiel;desaccord;1989-05-27;AS Monaco(D1);FC Sochaux;0-0;4642;M. Biguet Gérard;Coupe de France;/matchs/1988-1989/monaco-sochaux-coupe-de-france-26-05-1989/;date 1989-05-27 (feuille) ≠ 1989-05-26 (musée);;FM_198889.docx
1988-1989;officiel;ok;1989-05-31;FC Sochaux;RC Strasbourg;3-0;8500;M. Bouillet Claude;Championnat de France,D1;/matchs/1988-1989/sochaux-strasbourg-division-1-31-05-1989/;;;FM_198889.docx
1988-1989;officiel;ok;1989-06-03;FC Sochaux;AS Monaco;0-0;15000;M. Girard Michel;Coupe de France;/matchs/1988-1989/sochaux-monaco-coupe-de-france-03-06-1989/;;;FM_198889.docx
1989-1990;officiel;ok;1989-07-22;FC Sochaux;Brest Armorique FC;1-0;6500;M. Wurtz Robert;Championnat de France,D1;/matchs/1989-1990/sochaux-brest-division-1-22-07-1989/;;;FM_198990.docx
1989-1990;officiel;ok;1989-07-29;AS Monaco;FC Sochaux;2-1;6364;M. Bouillet Claude;Championnat de France,D1;/matchs/1989-1990/monaco-sochaux-division-1-29-07-1989/;;;FM_198990.docx
1989-1990;officiel;ok;1989-08-02;FC Sochaux;Paris SG;1-0;7000;M. Girard Michel;Championnat de France,D1;/matchs/1989-1990/sochaux-psg-division-1-02-08-1989/;;;FM_198990.docx
1989-1990;officiel;ok;1989-08-05;Girondins Bordeaux FC;FC Sochaux;1-0;28000;M. Biguet Gérard;Championnat de France,D1;/matchs/1989-1990/bordeaux-sochaux-division-1-05-08-1989/;;;FM_198990.docx
1989-1990;officiel;ok;1989-08-12;FC Sochaux;AS Cannes;3-0;5500;M. Poulain Jacques;Championnat de France,D1;/matchs/1989-1990/sochaux-cannes-division-1-12-08-1989/;;;FM_198990.docx
1989-1990;officiel;ok;1989-08-19;Ol. Lyon;FC Sochaux;0-4;23751;M. Lartigot Jean-Marie;Championnat de France,D1;/matchs/1989-1990/lyon-sochaux-division-1-19-08-1989/;;;FM_198990.docx
1989-1990;officiel;ok;1989-08-26;FC Sochaux;AJ Auxerre;0-0;8000;M. De Zayas Michel;Championnat de France,D1;/matchs/1989-1990/sochaux-auxerre-division-1-26-08-1989/;;;FM_198990.docx
1989-1990;officiel;desaccord;1989-08-29;Ol. Marseille;FC Sochaux;6-1;33601;M. Véniel Jean-Marie;Championnat de France,D1;/matchs/1989-1990/marseille-sochaux-division-1-30-08-1989/;date 1989-08-29 (feuille) ≠ 1989-08-30 (musée);;FM_198990.docx
1989-1990;officiel;desaccord;1989-09-09;FC Sochaux;FC Mulhouse;0-0;7000;M. Delmer Alain;Championnat de France,D1;/matchs/1989-1990/sochaux-mulhouse-division-1-09-09-1989/;affluence 7000 (feuille) ≠ 7800 (musée);;FM_198990.docx
1989-1990;officiel;desaccord;1989-09-13;FC Sochaux;Jeunesse d'Esch(Lux.);7-0;2500;M. Philippoz Freddy(Sui.);Coupe de l'UEFA;/matchs/1989-1990/sochaux-jeunesse-d-esch-coupe-d-europe-12-09-1989/;date 1989-09-13 (feuille) ≠ 1989-09-12 (musée);;FM_198990.docx
1989-1990;officiel;ok;1989-09-16;FC Nantes;FC Sochaux;0-1;12795;M. De Pandis Antoine;Championnat de France,D1;/matchs/1989-1990/nantes-sochaux-division-1-16-09-1989/;;;FM_198990.docx
1989-1990;officiel;ok;1989-09-23;FC Sochaux;Toulouse FC;1-0;5500;M. Féménia Rémy;Championnat de France,D1;/matchs/1989-1990/sochaux-toulouse-division-1-23-09-1989/;;;FM_198990.docx
1989-1990;officiel;desaccord;1989-09-27;Jeunesse d'Esch(Lux.);FC Sochaux;0-5;1000;M. Goris Ignace(Bel.);Coupe de l'UEFA;/matchs/1989-1990/jeunesse-d-esch-sochaux-coupe-d-europe-26-09-1989/;date 1989-09-27 (feuille) ≠ 1989-09-26 (musée);;FM_198990.docx
1989-1990;officiel;ok;1989-09-30;OGC Nice;FC Sochaux;2-4;7365;M. Rideau Jean-Louis;Championnat de France,D1;/matchs/1989-1990/nice-sochaux-division-1-30-09-1989/;;;FM_198990.docx
1989-1990;officiel;ok;1989-10-04;FC Sochaux;Montpellier HSC;3-1;6500;M. Salon Michel;Championnat de France,D1;/matchs/1989-1990/sochaux-montpellier-division-1-04-10-1989/;;;FM_198990.docx
1989-1990;officiel;ok;1989-10-14;FC Metz;FC Sochaux;2-0;11501;M. Véniel Jean-Marie;Championnat de France,D1;/matchs/1989-1990/metz-sochaux-division-1-14-10-1989/;;;FM_198990.docx
1989-1990;officiel;desaccord;1989-10-18;AC Fiorentina(Ita.);FC Sochaux;0-0;20000;Nemeth Lajos(Hon.);Coupe de l'UEFA;/matchs/1989-1990/fiorentina-sochaux-coupe-d-europe-18-10-1989/;affluence 20000 (feuille) ≠ 25000 (musée);;FM_198990.docx
1989-1990;officiel;desaccord;1989-10-21;FC Sochaux;RC Paris 1;2-0;6000;M. Hirtz Jean-Claude;Championnat de France,D1;/matchs/1989-1990/sochaux-racing-paris-1-division-1-21-10-1989/;affluence 6000 (feuille) ≠ 7677 (musée);;FM_198990.docx
1989-1990;officiel;ok;1989-10-28;FC Sochaux;SM Caen;5-0;5000;M. Wurtz Robert;Championnat de France,D1;/matchs/1989-1990/sochaux-caen-division-1-28-10-1989/;;;FM_198990.docx
1989-1990;officiel;ok;1989-11-01;FC Sochaux;AC Fiorentina(Ita.);1-1;15000;M. Soriano Aladren Emilio(Esp.);Coupe de l'UEFA;/matchs/1989-1990/sochaux-fiorentina-coupe-d-europe-01-11-1989/;;;FM_198990.docx
1989-1990;officiel;ok;1989-11-04;Lille OSC;FC Sochaux;5-0;6365;M. De Zayas Michel;Championnat de France,D1;/matchs/1989-1990/lille-sochaux-division-1-04-11-1989/;;;FM_198990.docx
1989-1990;officiel;desaccord;1989-11-08;FC Sochaux;AS Saint-Etienne;2-3;4000;M. Harrel Rémy;Championnat de France,D1;/matchs/1989-1990/sochaux-saint-etienne-division-1-08-11-1989/;affluence 4000 (feuille) ≠ 4800 (musée);;FM_198990.docx
1989-1990;officiel;ok;1989-11-11;SC Toulon;FC Sochaux;2-1;5000;M. Lainé Marcel;Championnat de France,D1;/matchs/1989-1990/toulon-sochaux-division-1-11-11-1989/;;;FM_198990.docx
1989-1990;officiel;ok;1989-11-25;FC Sochaux;AS Monaco;1-0;3000;M. Zagni Germain;Championnat de France,D1;/matchs/1989-1990/sochaux-monaco-division-1-25-11-1989/;;;FM_198990.docx
1989-1990;officiel;desaccord;1989-12-02;Paris SG;FC Sochaux;1-0;6703;M. Lartigot Jean-Marie;Championnat de France,D1;/matchs/1989-1990/psg-sochaux-division-1-02-12-1989/;affluence 6703 (feuille) ≠ 8000 (musée);;FM_198990.docx
1989-1990;officiel;desaccord;1989-12-09;FC Sochaux;Girondins Bordeaux FC;2-0;6000;M. Bouillet Claude;Championnat de France,D1;/matchs/1989-1990/sochaux-bordeaux-division-1-10-12-1989/;date 1989-12-09 (feuille) ≠ 1989-12-10 (musée);;FM_198990.docx
1989-1990;officiel;desaccord;1989-12-16;AS Cannes;FC Sochaux;1-1;5000;M. Delmer Alain;Championnat de France,D1;/matchs/1989-1990/cannes-sochaux-division-1-17-12-1989/;date 1989-12-16 (feuille) ≠ 1989-12-17 (musée);;FM_198990.docx
1989-1990;officiel;ok;1990-02-04;FC Sochaux;Ol. Lyon;1-0;5000;M. Hirtz Jean-Claude;Championnat de France,D1;/matchs/1989-1990/sochaux-lyon-division-1-04-02-1990/;;;FM_198990.docx
1989-1990;officiel;ok;1990-02-11;AJ Auxerre;FC Sochaux;1-1;5000;M. Véniel Jean-Marie;Championnat de France,D1;/matchs/1989-1990/auxerre-sochaux-division-1-11-02-1990/;;;FM_198990.docx
1989-1990;officiel;desaccord;1990-02-18;RC Strasbourg(D2);FC Sochaux;2-0;4000;M. Quiniou Joël;Coupe de France;/matchs/1989-1990/strasbourg-sochaux-coupe-de-france-17-02-1990/;"date 1990-02-18 (feuille) ≠ 1990-02-17 (musée) ; affluence 4000 (feuille) ≠ 5500 (musée)";;FM_198990.docx
1989-1990;officiel;ok;1990-02-25;FC Mulhouse;FC Sochaux;1-2;8500;M. Leduc Philippe;Championnat de France,D1;/matchs/1989-1990/mulhouse-sochaux-division-1-25-02-1990/;;;FM_198990.docx
1989-1990;officiel;desaccord;1990-03-02;FC Sochaux;FC Nantes;1-3;3516;M. Biguet Gérard;Championnat de France,D1;/matchs/1989-1990/sochaux-nantes-division-1-03-03-1990/;"date 1990-03-02 (feuille) ≠ 1990-03-03 (musée) ; affluence 3516 (feuille) ≠ 4696 (musée)";;FM_198990.docx
1989-1990;officiel;a_creer;1990-03-07;FC Sochaux;Ol. Marseille;0-2;11000;M. Girard Michel;Championnat de France,D1;;;;FM_198990.docx
1989-1990;officiel;desaccord;1990-03-15;Toulouse FC;FC Sochaux;0-0;9613;M. Delmer Alain;Championnat de France,D1;/matchs/1989-1990/toulouse-sochaux-division-1-17-03-1990/;date 1990-03-15 (feuille) ≠ 1990-03-17 (musée);;FM_198990.docx
1989-1990;officiel;desaccord;1990-03-24;FC Sochaux;OGC Nice;1-1;3689;M. De Zayas Michel;Championnat de France,D1;/matchs/1989-1990/sochaux-nice-division-1-24-03-1990/;affluence 3689 (feuille) ≠ 4500 (musée);;FM_198990.docx
1989-1990;officiel;ok;1990-03-31;Montpellier HSC;FC Sochaux;2-0;10000;M. Swirog Jean-Claude;Championnat de France,D1;/matchs/1989-1990/montpellier-sochaux-division-1-31-03-1990/;;;FM_198990.docx
1989-1990;officiel;desaccord;1990-04-06;FC Sochaux;FC Metz;0-0;3500;M. Véniel Jean-Marie;Championnat de France,D1;/matchs/1989-1990/sochaux-metz-division-1-07-04-1990/;"date 1990-04-06 (feuille) ≠ 1990-04-07 (musée) ; affluence 3500 (feuille) ≠ 4200 (musée)";;FM_198990.docx
1989-1990;officiel;desaccord;1990-04-14;RC Paris 1;FC Sochaux;1-1;4726;M. Zagni Germain;Championnat de France,D1;/matchs/1989-1990/racing-paris-sochaux-division-1-14-04-1990/;affluence 4726 (feuille) ≠ 6200 (musée);;FM_198990.docx
1989-1990;officiel;ok;1990-04-21;SM Caen;FC Sochaux;1-1;8858;M. Lartigot Jean-Marie;Championnat de France,D1;/matchs/1989-1990/caen-sochaux-division-1-21-04-1990/;;;FM_198990.docx
1989-1990;officiel;ok;1990-04-28;FC Sochaux;Lille OSC;1-0;4470;M. Poulain Jacques;Championnat de France,D1;/matchs/1989-1990/sochaux-lille-division-1-28-04-1990/;;;FM_198990.docx
1989-1990;officiel;ok;1990-05-05;AS Saint-Etienne;FC Sochaux;0-2;16717;M. Bourgeois Jean-Claude;Championnat de France,D1;/matchs/1989-1990/saint-etienne-sochaux-division-1-05-05-1990/;;;FM_198990.docx
1989-1990;officiel;desaccord;1990-05-12;FC Sochaux;SC Toulon;1-0;4949;M. De Pandis Antoine;Championnat de France,D1;/matchs/1989-1990/sochaux-toulon-division-1-12-05-1990/;affluence 4949 (feuille) ≠ 5500 (musée);;FM_198990.docx
1989-1990;officiel;ok;1990-05-19;Brest Armorique FC;FC Sochaux;1-0;8000;M. Ramos Georges;Championnat de France,D1;/matchs/1989-1990/brest-sochaux-division-1-19-05-1990/;;;FM_198990.docx
1989-1990;amical;ok;1990-06-27;FC Mulhouse;FC Sochaux;2-0;;;27/06/1990;/matchs/1990-1991/mulhouse-sochaux-amical-27-06-1990/;;;AM_199091.docx
1990-1991;amical;ok;1990-07-02;FC Sochaux;Zeljeznicar Sarajevo;2-1;;;02/07/1990 à Belfort;/matchs/1990-1991/sochaux-zeljeznicar-sarajevo-amical-02-07-1990/;;;AM_199091.docx
1990-1991;amical;ok;1990-07-14;FC Sochaux;Ol. Marseille;0-2;;;14/07/1990;/matchs/1990-1991/sochaux-marseille-amical-14-07-1990/;;;AM_199091.docx
1990-1991;officiel;desaccord;1990-07-21;FC Sochaux;Brest Armorique FC;1-1;4351;M. Batta Marc;Championnat de France,D1;/matchs/1990-1991/sochaux-brest-division-1-21-07-1990/;affluence 4351 (feuille) ≠ 6153 (musée);;FM_199091.docx
1990-1991;officiel;ok;1990-07-28;Montpellier HSC;FC Sochaux;2-0;12826;M. Zagni Germain;Championnat de France,D1;/matchs/1990-1991/montpellier-sochaux-division-1-28-07-1990/;;;FM_199091.docx
1990-1991;officiel;desaccord;1990-08-04;FC Sochaux;AS Nancy;1-0;4833;M. De Zayas Michel;Championnat de France,D1;/matchs/1990-1991/sochaux-nancy-division-1-04-08-1990/;affluence 4833 (feuille) ≠ 5604 (musée);;FM_199091.docx
1990-1991;officiel;ok;1990-08-11;SM Caen;FC Sochaux;2-0;10905;M. Poulain Jacques;Championnat de France,D1;/matchs/1990-1991/caen-sochaux-division-1-11-08-1990/;;;FM_199091.docx
1990-1991;officiel;desaccord;1990-08-18;FC Sochaux;Stade Rennes FC;4-0;5236;M. Biguet Gérard;Championnat de France,D1;/matchs/1990-1991/sochaux-rennes-division-1-18-08-1990/;affluence 5236 (feuille) ≠ 6222 (musée);;FM_199091.docx
1990-1991;officiel;ok;1990-08-25;Ol. Lyon;FC Sochaux;1-0;22851;M. Rideau Jean-Louis;Championnat de France,D1;/matchs/1990-1991/lyon-sochaux-division-1-25-08-1990/;;;FM_199091.docx
1990-1991;officiel;desaccord;1990-08-29;FC Sochaux;SC Toulon;0-0;4136;M. Swirog Jean-Claude;Championnat de France,D1;/matchs/1990-1991/sochaux-toulon-division-1-29-08-1990/;affluence 4136 (feuille) ≠ 5202 (musée);;FM_199091.docx
1990-1991;officiel;ok;1990-09-08;OGC Nice;FC Sochaux;3-0;8000;M. Blouet Jean-Pierre;Championnat de France,D1;/matchs/1990-1991/nice-sochaux-division-1-08-09-1990/;;;FM_199091.docx
1990-1991;officiel;desaccord;1990-09-15;FC Sochaux;AJ Auxerre;0-1;4542;M. Ramos Georges;Championnat de France,D1;/matchs/1990-1991/sochaux-auxerre-division-1-15-09-1990/;affluence 4542 (feuille) ≠ 5493 (musée);;FM_199091.docx
1990-1991;officiel;ok;1990-09-22;Girondins Bordeaux FC;FC Sochaux;1-0;15000;M. Harrel Rémy;Championnat de France,D1;/matchs/1990-1991/bordeaux-sochaux-division-1-22-09-1990/;;;FM_199091.docx
1990-1991;officiel;ok;1990-09-29;FC Sochaux;Lille OSC;0-0;3083;M. Leduc Philippe;Championnat de France,D1;/matchs/1990-1991/sochaux-lille-division-1-29-09-1990/;;;FM_199091.docx
1990-1991;officiel;desaccord;1990-10-06;Toulouse FC;FC Sochaux;0-0;6750;M. Lartigot Jean-Marie;Championnat de France,D1;/matchs/1990-1991/toulouse-sochaux-division-1-06-10-1990/;affluence 6750 (feuille) ≠ 8750 (musée);;FM_199091.docx
1990-1991;officiel;desaccord;1990-10-20;FC Sochaux;Ol. Marseille;2-1;10015;M. Quiniou Joël;Championnat de France,D1;/matchs/1990-1991/sochaux-marseille-division-1-20-10-1990/;affluence 10015 (feuille) ≠ 11515 (musée);;FM_199091.docx
1990-1991;officiel;ok;1990-10-27;AS Cannes;FC Sochaux;1-1;4000;M. Bouillet Claude;Championnat de France,D1;/matchs/1990-1991/cannes-sochaux-division-1-27-10-1990/;;;FM_199091.docx
1990-1991;officiel;desaccord;1990-11-03;FC Sochaux;FC Nantes;1-1;3624;M. Harrel Rémy;Championnat de France,D1;/matchs/1990-1991/sochaux-nantes-division-1-03-11-1990/;affluence 3624 (feuille) ≠ 4628 (musée);;FM_199091.docx
1990-1991;officiel;ok;1990-11-10;AS Monaco;FC Sochaux;1-0;2500;M. Lainé Marcel;Championnat de France,D1;/matchs/1990-1991/monaco-sochaux-division-1-10-11-1990/;;;FM_199091.docx
1990-1991;officiel;ok;1990-11-24;FC Sochaux;FC Metz;1-1;3195;M. Batta Marc;Championnat de France,D1;/matchs/1990-1991/sochaux-metz-division-1-24-11-1990/;;;FM_199091.docx
1990-1991;officiel;ok;1990-12-02;Paris SG;FC Sochaux;0-2;9523;M. De Zayas Michel;Championnat de France,D1;/matchs/1990-1991/psg-sochaux-division-1-02-12-1990/;;;FM_199091.docx
1990-1991;officiel;ok;1990-12-09;FC Sochaux;AS Saint-Etienne;2-0;3253;M. Colombo Claude;Championnat de France,D1;/matchs/1990-1991/sochaux-saint-etienne-division-1-09-12-1990/;;;FM_199091.docx
1990-1991;officiel;desaccord;1991-01-13;FC Sochaux;SM Caen;1-0;3365;M. Delmer Alain;Championnat de France,D1;/matchs/1990-1991/sochaux-caen-division-1-13-01-1991/;affluence 3365 (feuille) ≠ 4239 (musée);;FM_199091.docx
1990-1991;officiel;desaccord;1991-01-20;Stade Rennes FC;FC Sochaux;1-1;8130;M. Biguet Gérard;Championnat de France,D1;/matchs/1990-1991/rennes-sochaux-division-1-20-01-1991/;affluence 8130 (feuille) ≠ 9130 (musée);;FM_199091.docx
1990-1991;officiel;desaccord;1991-01-23;FC Sochaux;Montpellier HSC;0-0;2901;M. Poulain Jacques;Championnat de France,D1;/matchs/1990-1991/sochaux-montpellier-division-1-23-01-1991/;affluence 2901 (feuille) ≠ 3590 (musée);;FM_199091.docx
1990-1991;officiel;desaccord;1991-01-27;FC Sochaux;Ol. Lyon;1-2;2824;M. Veissière Gilles;Championnat de France,D1;/matchs/1990-1991/sochaux-lyon-division-1-27-01-1991/;affluence 2824 (feuille) ≠ 3641 (musée);;FM_199091.docx
1990-1991;officiel;ok;1991-01-30;AS Nancy;FC Sochaux;2-0;3933;M. Leduc Philippe;Championnat de France,D1;/matchs/1990-1991/nancy-sochaux-division-1-30-01-1991/;;;FM_199091.docx
1990-1991;officiel;desaccord;1991-02-02;SC Toulon;FC Sochaux;1-0;483;M. Salon Michel;Championnat de France,D1;/matchs/1990-1991/toulon-sochaux-division-1-03-02-1991/;date 1991-02-02 (feuille) ≠ 1991-02-03 (musée);;FM_199091.docx
1990-1991;officiel;desaccord;1991-02-23;FC Sochaux;Girondins Bordeaux FC;1-0;5172;M. Rideau Jean-Louis;Championnat de France,D1;/matchs/1990-1991/sochaux-bordeaux-division-1-24-02-1991/;date 1991-02-23 (feuille) ≠ 1991-02-24 (musée);;FM_199091.docx
1990-1991;officiel;ok;1991-03-02;Lille OSC;FC Sochaux;0-1;5329;M. Blouet Jean-Pierre;Championnat de France,D1;/matchs/1990-1991/lille-sochaux-division-1-02-03-1991/;;;FM_199091.docx
1990-1991;officiel;ok;1991-03-05;FC Sochaux;OGC Nice;0-0;3294;M. Girard Michel;Championnat de France,D1;/matchs/1990-1991/sochaux-nice-division-1-05-03-1991/;;;FM_199091.docx
1990-1991;officiel;ok;1991-03-09;US Avranche(D3);FC Sochaux;1-2;7823;M. Pauchard Didier;Coupe de France;/matchs/1990-1991/avranches-sochaux-coupe-de-france-09-03-1991/;;;FM_199091.docx
1990-1991;officiel;ok;1991-03-12;AJ Auxerre;FC Sochaux;4-1;7000;M. Bouillet Claude;Championnat de France,D1;/matchs/1990-1991/auxerre-sochaux-division-1-12-03-1991/;;;FM_199091.docx
1990-1991;officiel;desaccord;1991-03-16;FC Sochaux;Toulouse FC;0-1;2710;M. Puyalt Jean-Claude;Championnat de France,D1;/matchs/1990-1991/sochaux-toulouse-division-1-16-03-1991/;affluence 2710 (feuille) ≠ 3680 (musée);;FM_199091.docx
1990-1991;officiel;ok;1991-03-23;Ol. Marseille;FC Sochaux;0-0;30939;M. Lartigot Jean-Marie;Championnat de France,D1;/matchs/1990-1991/marseille-sochaux-division-1-23-03-1991/;;;FM_199091.docx
1990-1991;officiel;ok;1991-04-03;FC Sochaux;SCO Angers(D2);2-1;2000;M. Zagni Germain;Coupe de France;/matchs/1990-1991/sochaux-angers-coupe-de-france-03-04-1991/;;;FM_199091.docx
1990-1991;officiel;ok;1991-04-06;FC Sochaux;AS Cannes;0-0;3903;M. Ramos Georges;Championnat de France,D1;/matchs/1990-1991/sochaux-cannes-division-1-06-04-1991/;;;FM_199091.docx
1990-1991;officiel;desaccord;1991-04-13;FC Nantes;FC Sochaux;0-0;12000;M. Leduc Philippe;Championnat de France,D1;/matchs/1990-1991/nantes-sochaux-division-1-13-04-1991/;affluence 12000 (feuille) ≠ 10200 (musée);;FM_199091.docx
1990-1991;officiel;desaccord;1991-04-19;FC Sochaux;AS Monaco;0-2;2224;M. Poulain Jacques;Championnat de France,D1;/matchs/1990-1991/sochaux-monaco-division-1-19-04-1991/;affluence 2224 (feuille) ≠ 3065 (musée);;FM_199091.docx
1990-1991;officiel;desaccord;1991-04-27;FC Sochaux;AJ Auxerre(D1);1-1;8000;;Coupe de France;/matchs/1990-1991/sochaux-auxerre-coupe-de-france-27-04-1991/;affluence 8000 (feuille) ≠ 9352 (musée);;FM_199091.docx
1990-1991;officiel;desaccord;1991-05-04;FC Metz;FC Sochaux;2-2;7651;M. De Pandis Antoine;Championnat de France,D1;/matchs/1990-1991/metz-sochaux-division-1-03-05-1991/;date 1991-05-04 (feuille) ≠ 1991-05-03 (musée);;FM_199091.docx
1990-1991;officiel;desaccord;1991-05-10;FC Sochaux;Paris SG;0-0;4486;M. Veissière Gilles;Championnat de France,D1;/matchs/1990-1991/sochaux-psg-division-1-10-05-1991/;affluence 4486 (feuille) ≠ 5664 (musée);;FM_199091.docx
1990-1991;officiel;ok;1991-05-14;Stade Rodez(D2);FC Sochaux;2-1;9834;M. Delmer Alain;Coupe de France;/matchs/1990-1991/rodez-sochaux-coupe-de-france-14-05-1991/;;;FM_199091.docx
1990-1991;officiel;ok;1991-05-17;AS Saint-Etienne;FC Sochaux;2-1;19764;M. Véniel Jean-Marie;Championnat de France,D1;/matchs/1990-1991/saint-etienne-sochaux-division-1-17-05-1991/;;;FM_199091.docx
1990-1991;officiel;ok;1991-05-24;Brest Armorique FC;FC Sochaux;0-0;8000;M. Biguet Gérard;Championnat de France,D1;/matchs/1990-1991/brest-sochaux-division-1-24-05-1991/;;;FM_199091.docx
1990-1991;amical;ok;1991-06-26;FC Sochaux;CS Louhans Cuiseaux;4-1;;;26/06/1991 à Vittel;/matchs/1991-1992/sochaux-louhans-cuiseaux-amical-26-06-1991/;;;AM_199192.docx
1991-1992;amical;ok;1991-07-13;FC Sochaux;Dukla Prague;4-5;;;13/07/1991;/matchs/1991-1992/sochaux-dukla-prague-amical-13-07-1991/;;;AM_199192.docx
1991-1992;officiel;ok;1991-07-20;FC Sochaux;Nîmes Ol.;1-1;4800;M. Colombo Claude;Championnat de France,D1;/matchs/1991-1992/sochaux-nimes-division-1-20-07-1991/;;;FM_199192.docx
1991-1992;officiel;ok;1991-07-27;FC Metz;FC Sochaux;3-1;15599;M. Leduc Philippe;Championnat de France,D1;/matchs/1991-1992/metz-sochaux-division-1-27-07-1991/;;;FM_199192.docx
1991-1992;officiel;ok;1991-07-31;Toulouse FC;FC Sochaux;2-1;12065;M. Quiniou Joël;Championnat de France,D1;/matchs/1991-1992/toulouse-sochaux-division-1-31-07-1991/;;;FM_199192.docx
1991-1992;officiel;desaccord;1991-08-03;FC Sochaux;AS Saint-Etienne;1-0;4803;M. Delmer Alain;Championnat de France,D1;/matchs/1991-1992/sochaux-saint-etienne-division-1-04-08-1991/;"date 1991-08-03 (feuille) ≠ 1991-08-04 (musée) ; affluence 4803 (feuille) ≠ 5567 (musée)";;FM_199192.docx
1991-1992;officiel;ok;1991-08-10;RC Lens;FC Sochaux;1-1;20000;M. Biguet Gérard;Championnat de France,D1;/matchs/1991-1992/lens-sochaux-division-1-10-08-1991/;;;FM_199192.docx
1991-1992;officiel;ok;1991-08-17;FC Sochaux;AJ Auxerre;1-0;4800;M. Bouillet Claude;Championnat de France,D1;/matchs/1991-1992/sochaux-auxerre-division-1-17-08-1991/;;;FM_199192.docx
1991-1992;officiel;ok;1991-08-24;Le Havre AC;FC Sochaux;1-0;8148;M. Zagni Germain;Championnat de France,D1;/matchs/1991-1992/le-havre-sochaux-division-1-24-08-1991/;;;FM_199192.docx
1991-1992;officiel;desaccord;1991-08-28;FC Sochaux;AS Monaco;1-3;6474;M. Lartigot Jean-Marie;Championnat de France,D1;/matchs/1991-1992/sochaux-monaco-division-1-28-08-1991/;affluence 6474 (feuille) ≠ 7668 (musée);;FM_199192.docx
1991-1992;officiel;desaccord;1991-09-07;Lille OSC;FC Sochaux;0-0;9200;M. Harrel Rémy;Championnat de France,D1;/matchs/1991-1992/lille-sochaux-division-1-09-09-1991/;date 1991-09-07 (feuille) ≠ 1991-09-09 (musée);;FM_199192.docx
1991-1992;officiel;ok;1991-09-14;FC Sochaux;Ol. Marseille;2-3;14962;M. Lainé Marcel;Championnat de France,D1;/matchs/1991-1992/sochaux-marseille-division-1-14-09-1991/;;;FM_199192.docx
1991-1992;officiel;ok;1991-09-21;Montpellier HSC;FC Sochaux;3-2;13000;M. Leduc Philippe;Championnat de France,D1;/matchs/1991-1992/montpellier-sochaux-division-1-21-09-1991/;;;FM_199192.docx
1991-1992;officiel;desaccord;1991-09-28;FC Sochaux;FC Nantes;3-1;3679;M. Rideau Jean-Louis;Championnat de France,D1;/matchs/1991-1992/sochaux-nantes-division-1-28-09-1991/;affluence 3679 (feuille) ≠ 4684 (musée);;FM_199192.docx
1991-1992;officiel;ok;1991-10-06;AS Cannes;FC Sochaux;2-1;5000;M. Salon Michel;Championnat de France,D1;/matchs/1991-1992/cannes-sochaux-division-1-06-10-1991/;;;FM_199192.docx
1991-1992;officiel;ok;1991-10-18;FC Sochaux;Ol. Lyon;1-0;2604;M. Batta Marc;Championnat de France,D1;/matchs/1991-1992/sochaux-lyon-division-1-18-10-1991/;;;FM_199192.docx
1991-1992;officiel;ok;1991-10-26;SC Toulon;FC Sochaux;2-0;3975;M. Ramos Georges;Championnat de France,D1;/matchs/1991-1992/toulon-sochaux-division-1-26-10-1991/;;;FM_199192.docx
1991-1992;officiel;desaccord;1991-11-02;FC Sochaux;Paris SG;0-2;4447;M. Delmer Alain;Championnat de France,D1;/matchs/1991-1992/sochaux-psg-division-1-02-11-1991/;affluence 4447 (feuille) ≠ 5593 (musée);;FM_199192.docx
1991-1992;officiel;ok;1991-11-09;Stade Rennes FC;FC Sochaux;2-0;11597;M. Blouet Jean-Pierre;Championnat de France,D1;/matchs/1991-1992/rennes-sochaux-division-1-09-11-1991/;;;FM_199192.docx
1991-1992;officiel;desaccord;1991-11-15;FC Sochaux;AS Nancy;2-2;2114;M. Saules Bernard;Championnat de France,D1;/matchs/1991-1992/sochaux-nancy-division-1-16-11-1991/;"date 1991-11-15 (feuille) ≠ 1991-11-16 (musée) ; affluence 2114 (feuille) ≠ 2845 (musée)";;FM_199192.docx
1991-1992;officiel;ok;1991-11-23;SM Caen;FC Sochaux;1-1;8559;M. Biguet Gérard;Championnat de France,D1;/matchs/1991-1992/caen-sochaux-division-1-23-11-1991/;;;FM_199192.docx
1991-1992;officiel;desaccord;1991-11-30;FC Sochaux;FC Metz;0-0;2717;M. Veissière Gilles;Championnat de France,D1;/matchs/1991-1992/sochaux-metz-division-1-30-11-1991/;affluence 2717 (feuille) ≠ 3531 (musée);;FM_199192.docx
1991-1992;officiel;ok;1991-12-07;FC Sochaux;Toulouse FC;0-0;1601;M. Batta Marc;Championnat de France,D1;/matchs/1991-1992/sochaux-toulouse-division-1-07-12-1991/;;;FM_199192.docx
1991-1992;officiel;ok;1991-12-14;AS Saint-Etienne;FC Sochaux;2-1;9109;M. Lainé Marcel;Championnat de France,D1;/matchs/1991-1992/saint-etienne-sochaux-division-1-14-12-1991/;;;FM_199192.docx
1991-1992;officiel;ok;1991-12-18;FC Sochaux;RC Lens;1-2;1687;M. Leduc Philippe;Championnat de France,D1;/matchs/1991-1992/sochaux-lens-division-1-18-12-1991/;;;FM_199192.docx
1991-1992;officiel;ok;1991-12-21;AJ Auxerre;FC Sochaux;4-0;7000;M. Pauchard Didier;Championnat de France,D1;/matchs/1991-1992/auxerre-sochaux-division-1-21-12-1991/;;;FM_199192.docx
1991-1992;officiel;ok;1992-01-19;FC Sochaux;Le Havre AC;0-0;1500;M. Harrel Rémy;Championnat de France,D1;/matchs/1991-1992/sochaux-le-havre-division-1-19-01-1992/;;;FM_199192.docx
1991-1992;officiel;desaccord;1992-01-25;AS Monaco;FC Sochaux;2-0;2000;M. Poulain Jacques;Championnat de France,D1;/matchs/1991-1992/monaco-sochaux-division-1-26-01-1992/;date 1992-01-25 (feuille) ≠ 1992-01-26 (musée);;FM_199192.docx
1991-1992;officiel;ok;1992-02-02;FC Sochaux;Lille OSC;2-1;2000;M. Sars Alain;Championnat de France,D1;/matchs/1991-1992/sochaux-lille-division-1-02-02-1992/;;;FM_199192.docx
1991-1992;officiel;ok;1992-02-09;Ol. Marseille;FC Sochaux;2-2;25000;M. Bouillet Claude;Championnat de France,D1;/matchs/1991-1992/marseille-sochaux-division-1-09-02-1992/;;;FM_199192.docx
1991-1992;officiel;ok;1992-02-16;FC Sochaux;Montpellier HSC;1-1;4000;M. Veissière Gilles;Championnat de France,D1;/matchs/1991-1992/sochaux-montpellier-division-1-16-02-1992/;;;FM_199192.docx
1991-1992;officiel;ok;1992-02-22;FC Sochaux;AS Monaco(D1);0-3;5000;M. Puyalt Jean-Claude;Coupe de France;/matchs/1991-1992/sochaux-monaco-coupe-de-france-22-02-1992/;;;FM_199192.docx
1991-1992;officiel;ok;1992-02-29;FC Nantes;FC Sochaux;0-0;5919;M. Colombo Claude;Championnat de France,D1;/matchs/1991-1992/nantes-sochaux-division-1-29-02-1992/;;;FM_199192.docx
1991-1992;officiel;ok;1992-03-07;FC Sochaux;AS Cannes;1-0;3500;M. Pauchard Didier;Championnat de France,D1;/matchs/1991-1992/sochaux-cannes-division-1-07-03-1992/;;;FM_199192.docx
1991-1992;officiel;ok;1992-03-21;OL. Lyon;FC Sochaux;0-1;13300;M. De Pandis Antoine;Championnat de France,D1;/matchs/1991-1992/lyon-sochaux-division-1-21-03-1992/;;;FM_199192.docx
1991-1992;officiel;ok;1992-03-28;FC Sochaux;SC Toulon;2-0;2631;M. Zagni Germain;Championnat de France,D1;/matchs/1991-1992/sochaux-toulon-division-1-28-03-1992/;;;FM_199192.docx
1991-1992;officiel;ok;1992-04-04;Paris SG;FC Sochaux;2-0;22431;M. Veissière Gilles;Championnat de France,D1;/matchs/1991-1992/psg-sochaux-division-1-04-04-1992/;;;FM_199192.docx
1991-1992;officiel;desaccord;1992-04-11;FC Sochaux;Stade Rennes FC;0-0;3896;M. Harrel Rémy;Championnat de France,D1;/matchs/1991-1992/sochaux-rennes-division-1-11-04-1992/;affluence 3896 (feuille) ≠ 4542 (musée);;FM_199192.docx
1991-1992;officiel;ok;1992-04-18;AS Nancy;FC Sochaux;3-1;8987;M. Batta Marc;Championnat de France,D1;/matchs/1991-1992/nancy-sochaux-division-1-18-04-1992/;;;FM_199192.docx
1991-1992;officiel;desaccord;1992-04-25;FC Sochaux;SM Caen;2-0;4701;M. Leduc Philippe;Championnat de France,D1;/matchs/1991-1992/sochaux-caen-division-1-25-04-1992/;affluence 4701 (feuille) ≠ 5477 (musée);;FM_199192.docx
1991-1992;officiel;ok;1992-05-01;Nîmes Ol.;FC Sochaux;2-2;8231;M. Saules Bernard;Championnat de France,D1;/matchs/1991-1992/nimes-sochaux-division-1-01-05-1992/;;;FM_199192.docx
1991-1992;officiel;desaccord;1992-05-09;SAS Epinal;FC Sochaux;0-2;875;;Coupe de la Ligue;/matchs/1991-1992/epinal-sochaux-coupe-de-la-ligue-08-05-1992/;date 1992-05-09 (feuille) ≠ 1992-05-08 (musée);;FM_199192.docx
1992-1993;amical;desaccord;1992-07-19;FC Sochaux;AS Saint-Etienne;1-3;;;19/07/1992;/matchs/1992-1993/saint-etienne-sochaux-amical-19-07-1992/;lieu inversé (domicile/extérieur);;AM_199293.docx
1992-1993;officiel;ok;1992-08-08;FC Sochaux;US Valenciennes;2-1;5000;M. Pauchard Didier;Championnat de France,D1;/matchs/1992-1993/sochaux-valenciennes-division-1-08-08-1992/;;;FM_199293.docx
1992-1993;officiel;ok;1992-08-15;Paris SG;FC Sochaux;2-0;27000;M. Harrel Rémy;Championnat de France,D1;/matchs/1992-1993/psg-sochaux-division-1-15-08-1992/;;;FM_199293.docx
1992-1993;officiel;ok;1992-08-22;FC Sochaux;Ol. Lyon;1-0;4264;M. Colombo Claude;Championnat de France,D1;/matchs/1992-1993/sochaux-lyon-division-1-22-08-1992/;;;FM_199293.docx
1992-1993;officiel;ok;1992-08-29;FC Metz;FC Sochaux;5-1;10980;M. De Pandis Antoine;Championnat de France,D1;/matchs/1992-1993/metz-sochaux-division-1-29-08-1992/;;;FM_199293.docx
1992-1993;officiel;ok;1992-09-02;FC Sochaux;Toulouse FC;1-0;3555;M. Sars Alain;Championnat de France,D1;/matchs/1992-1993/sochaux-toulouse-division-1-02-09-1992/;;;FM_199293.docx
1992-1993;officiel;desaccord;1992-09-12;Le Havre AC;FC Sochaux;0-0;7127;M. Tellène Claude;Championnat de France,D1;/matchs/1992-1993/le-havre-sochaux-division-1-11-09-1992/;date 1992-09-12 (feuille) ≠ 1992-09-11 (musée);;FM_199293.docx
1992-1993;officiel;ok;1992-09-19;FC Sochaux;AJ Auxerre;0-3;5340;M. Véniel Jean-Marie;Championnat de France,D1;/matchs/1992-1993/sochaux-auxerre-division-1-19-09-1992/;;;FM_199293.docx
1992-1993;officiel;ok;1992-09-25;Nîmes Ol.;FC Sochaux;1-1;10273;M. Ramos Georges;Championnat de France,D1;/matchs/1992-1993/nimes-sochaux-division-1-25-09-1992/;;;FM_199293.docx
1992-1993;officiel;ok;1992-10-03;FC Sochaux;SC Toulon;2-1;2588;M. Chéron Gilles;Championnat de France,D1;/matchs/1992-1993/sochaux-toulon-division-1-03-10-1992/;;;FM_199293.docx
1992-1993;officiel;ok;1992-10-07;RC Lens;FC Sochaux;0-0;10000;M. Léon Serge;Championnat de France,D1;/matchs/1992-1993/lens-sochaux-division-1-07-10-1992/;;;FM_199293.docx
1992-1993;officiel;desaccord;1992-10-17;FC Sochaux;AS Monaco;1-2;4000;M. Zagni G.;Championnat de France,D1;/matchs/1992-1993/sochaux-monaco-division-1-17-10-1992/;affluence 4000 (feuille) ≠ 5200 (musée);;FM_199293.docx
1992-1993;officiel;ok;1992-10-24;Girondins Bordeaux FC;FC Sochaux;3-0;12185;M. Anton Patrick;Championnat de France,D1;/matchs/1992-1993/bordeaux-sochaux-division-1-24-10-1992/;;;FM_199293.docx
1992-1993;officiel;ok;1992-10-30;FC Sochaux;Ol. Marseille;2-2;9489;M. Quiniou Joël;Championnat de France,D1;/matchs/1992-1993/sochaux-marseille-division-1-30-10-1992/;;;FM_199293.docx
1992-1993;officiel;ok;1992-11-07;FC Nantes;FC Sochaux;1-1;23395;M. Lartigot Jean-Marie;Championnat de France,D1;/matchs/1992-1993/nantes-sochaux-division-1-07-11-1992/;;;FM_199293.docx
1992-1993;officiel;ok;1992-11-20;FC Sochaux;AS Saint-Etienne;1-0;5002;M. Lalu Alain;Championnat de France,D1;/matchs/1992-1993/sochaux-saint-etienne-division-1-20-11-1992/;;;FM_199293.docx
1992-1993;officiel;ok;1992-11-28;FC Sochaux;Lille OSC;1-0;2445;M. Ramos Georges;Championnat de France,D1;/matchs/1992-1993/sochaux-lille-division-1-28-11-1992/;;;FM_199293.docx
1992-1993;officiel;ok;1992-12-04;RC Strasbourg;FC Sochaux;6-1;19573;M. Rideau Jean-Louis;Championnat de France,D1- 17ème journée;/matchs/1992-1993/strasbourg-sochaux-division-1-04-12-1992/;;;FM_199293.docx
1992-1993;officiel;ok;1992-12-12;FC Sochaux;SM Caen;1-0;3250;M. Sars Alain;Championnat de France,D1;/matchs/1992-1993/sochaux-caen-division-1-12-12-1992/;;;FM_199293.docx
1992-1993;officiel;ok;1992-12-19;Montpellier HSC;FC Sochaux;1-0;8000;M. Laine Marcel;Championnat de France,D1;/matchs/1992-1993/montpellier-sochaux-division-1-19-12-1992/;;;FM_199293.docx
1992-1993;officiel;ok;1993-01-09;FC Sochaux;Paris SG;1-3;6239;M. Leduc Philippe;Championnat de France,D1;/matchs/1992-1993/sochaux-psg-division-1-09-01-1993/;;;FM_199293.docx
1992-1993;officiel;ok;1993-01-16;Ol. Lyon;FC Sochaux;3-1;13711;M. De Pandis Antoine;Championnat de France,D1;/matchs/1992-1993/lyon-sochaux-division-1-16-01-1993/;;;FM_199293.docx
1992-1993;officiel;desaccord;1993-01-23;FC Sochaux;FC Metz;2-0;1800;M. Poulain Jacques;Championnat de France,D1;/matchs/1992-1993/sochaux-metz-division-1-22-01-1993/;date 1993-01-23 (feuille) ≠ 1993-01-22 (musée);;FM_199293.docx
1992-1993;officiel;desaccord;1993-01-30;Toulouse FC;FC Sochaux;1-0;6221;M. Denis P.;Championnat de France,D1;/matchs/1992-1993/toulouse-sochaux-division-1-30-01-1993/;affluence 6221 (feuille) ≠ 9421 (musée);;FM_199293.docx
1992-1993;officiel;ok;1993-02-06;FC Sochaux;Le Havre AC;3-2;2067;M. Zagni Germain;Championnat de France,D1;/matchs/1992-1993/sochaux-le-havre-division-1-06-02-1993/;;;FM_199293.docx
1992-1993;officiel;desaccord;1993-02-10;AJ Auxerre;FC Sochaux;0-3;5000;M. Harrel Rémy;Championnat de France,D1;/matchs/1992-1993/auxerre-sochaux-division-1-10-02-1993/;affluence 5000 (feuille) ≠ 5600 (musée);;FM_199293.docx
1992-1993;officiel;a_completer;1993-02-21;FC Sochaux;Nîmes Ol.;1-1;3067;M. Colombo Claude;Championnat de France,D1;/matchs/1992-1993/sochaux-nimes-division-1-21-02-1993/;;composition;FM_199293.docx
1992-1993;officiel;ok;1993-02-26;SC Toulon;FC Sochaux;0-4;3000;M. Anton Patrick;Championnat de France,D1;/matchs/1992-1993/toulon-sochaux-division-1-26-02-1993/;;;FM_199293.docx
1992-1993;officiel;desaccord;1993-03-06;FC Sochaux;SCO Angers(D2);4-1;2500;M. Chéron Gilles;Coupe de France;/matchs/1992-1993/sochaux-angers-coupe-de-france-05-03-1993/;date 1993-03-06 (feuille) ≠ 1993-03-05 (musée);;FM_199293.docx
1992-1993;officiel;ok;1993-03-12;FC Sochaux;RC Lens;1-1;2969;M. Batta Marc;Championnat de France,D1;/matchs/1992-1993/sochaux-lens-division-1-12-03-1993/;;;FM_199293.docx
1992-1993;officiel;ok;1993-03-20;AS Monaco;FC Sochaux;1-0;4000;M. Véniel Jean-Marie;Championnat de France,D1;/matchs/1992-1993/monaco-sochaux-division-1-20-03-1993/;;;FM_199293.docx
1992-1993;officiel;desaccord;1993-03-30;GFC Ajaccio(D2);FC Sochaux;1-1;2276;M. Quiniou Joël;Coupe de France;/matchs/1992-1993/gazelec-ajaccio-sochaux-coupe-de-france-30-03-1993/;affluence 2276 (feuille) ≠ 3000 (musée);;FM_199293.docx
1992-1993;officiel;desaccord;1993-04-02;FC Sochaux;Girondins Bordeaux FC;0-1;3626;M. Saules Bernard;Championnat de France,D1;/matchs/1992-1993/sochaux-bordeaux-division-1-02-04-1993/;affluence 3626 (feuille) ≠ 4166 (musée);;FM_199293.docx
1992-1993;officiel;ok;1993-04-10;Ol. Marseille;FC Sochaux;2-0;15000;M. Lalu Alain;Championnat de France,D1;/matchs/1992-1993/marseille-sochaux-division-1-10-04-1993/;;;FM_199293.docx
1992-1993;officiel;desaccord;1993-04-15;FC Sochaux;FC Nantes;0-1;5040;M. Lainé Marcel;Championnat de France,D1;/matchs/1992-1993/sochaux-nantes-division-1-15-04-1993/;affluence 5040 (feuille) ≠ 5640 (musée);;FM_199293.docx
1992-1993;officiel;ok;1993-05-01;AS Saint-Etienne;FC Sochaux;2-0;12621;M. Veissière Gilles;Championnat de France,D1;/matchs/1992-1993/saint-etienne-sochaux-division-1-01-05-1993/;;;FM_199293.docx
1992-1993;officiel;ok;1993-05-08;Lille OSC;FC Sochaux;0-0;5868;M. Harrel Rémy;Championnat de France,D1;/matchs/1992-1993/lille-sochaux-division-1-08-05-1993/;;;FM_199293.docx
1992-1993;officiel;desaccord;1993-05-15;FC Sochaux;RC Strasbourg;0-0;4099;M. Pauchard Didier;Championnat de France,D1;/matchs/1992-1993/sochaux-strasbourg-division-1-15-05-1993/;affluence 4099 (feuille) ≠ 4673 (musée);;FM_199293.docx
1992-1993;officiel;ok;1993-05-22;SM Caen;FC Sochaux;2-0;7410;M. De Pandis Antoine;Championnat de France,D1;/matchs/1992-1993/caen-sochaux-division-1-22-05-1993/;;;FM_199293.docx
1992-1993;officiel;desaccord;1993-05-29;FC Sochaux;Montpellier HSC;1-1;1970;M. Quiniou Joël;Championnat de France,D1;/matchs/1992-1993/sochaux-montpellier-division-1-29-05-1993/;affluence 1970 (feuille) ≠ 2600 (musée);;FM_199293.docx
1992-1993;officiel;ok;1993-06-02;US Valenciennes;FC Sochaux;1-0;6012;M. Harrel Rémy;Championnat de France,D1;/matchs/1992-1993/valenciennes-sochaux-division-1-02-06-1993/;;;FM_199293.docx
1993-1994;amical;ok;1993-07-03;FC Sochaux;Délemont;2-0;;;03/07/1993;/matchs/1993-1994/sochaux-delemont-amical-03-07-1993/;;;AM_199394.doc
1993-1994;amical;ok;1993-07-17;FC Sochaux;Universitae Craiova;2-0;;;17/07/1993;/matchs/1993-1994/sochaux-craiova-amical-17-07-1993/;;;AM_199394.doc
1993-1994;officiel;ok;1993-07-24;FC Sochaux;SCO Angers;4-1;5015;M. Flosi Marc;Championnat de France,D1;/matchs/1993-1994/sochaux-angers-division-1-24-07-1993/;;;FM_199394.docx
1993-1994;officiel;desaccord;1993-07-31;FC Martigues;FC Sochaux;1-1;5000;M. Veniel Jean-Marie;Championnat de France,D1;/matchs/1993-1994/martigues-sochaux-division-1-31-07-1993/;affluence 5000 (feuille) ≠ 3470 (musée);;FM_199394.docx
1993-1994;officiel;ok;1993-08-07;FC Sochaux;FC Metz;2-1;6000;M. Veissière Gilles;Championnat de France,D1;/matchs/1993-1994/sochaux-metz-division-1-07-08-1993/;;;FM_199394.docx
1993-1994;officiel;ok;1993-08-11;Paris SG;FC Sochaux;1-0;18000;M. Colombo Claude;Championnat de France,D1;/matchs/1993-1994/psg-sochaux-division-1-11-08-1993/;;;FM_199394.docx
1993-1994;officiel;ok;1993-08-14;FC Sochaux;Ol. Lyon;0-1;7136;M. Tellène Claude;Championnat de France,D1;/matchs/1993-1994/sochaux-lyon-division-1-14-08-1993/;;;FM_199394.docx
1993-1994;officiel;ok;1993-08-28;AS Cannes;FC Sochaux;1-1;7000;M. Saules Bernard;Championnat de France,D1;/matchs/1993-1994/cannes-sochaux-division-1-28-08-1993/;;;FM_199394.docx
1993-1994;officiel;ok;1993-09-01;FC Sochaux;AJ Auxerre;1-0;7865;M. Batta Marc;Championnat de France,D1;/matchs/1993-1994/sochaux-auxerre-division-1-01-09-1993/;;;FM_199394.docx
1993-1994;officiel;ok;1993-09-11;AS Saint-Etienne;FC Sochaux;0-0;11700;M. Leduc Philippe;Championnat de France,D1;/matchs/1993-1994/saint-etienne-sochaux-division-1-11-09-1993/;;;FM_199394.docx
1993-1994;officiel;desaccord;1993-09-18;FC Sochaux;AS Monaco;2-0;7100;M. Puyalt Jean-Claude;Championnat de France,D1;/matchs/1993-1994/sochaux-monaco-division-1-18-09-1993/;affluence 7100 (feuille) ≠ 8328 (musée);;FM_199394.docx
1993-1994;officiel;ok;1993-09-24;Le Havre AC;FC Sochaux;0-0;5422;M. Colombo Claude;Championnat de France,D1;/matchs/1993-1994/le-havre-sochaux-division-1-24-09-1993/;;;FM_199394.docx
1993-1994;officiel;desaccord;1993-10-02;FC Sochaux;RC Lens;1-1;4976;M. Veniel Jean-Marie;Championnat de France,D1;/matchs/1993-1994/sochaux-lens-division-1-02-10-1993/;affluence 4976 (feuille) ≠ 6500 (musée);;FM_199394.docx
1993-1994;officiel;ok;1993-10-06;Lille OSC;FC Sochaux;3-1;4926;M. Flosi Marc;Championnat de France,D1;/matchs/1993-1994/lille-sochaux-division-1-06-10-1993/;;;FM_199394.docx
1993-1994;officiel;desaccord;1993-10-17;FC Sochaux;FC Nantes;1-1;3500;M. Zagni Germain;Championnat de France,D1;/matchs/1993-1994/sochaux-nantes-division-1-17-10-1993/;affluence 3500 (feuille) ≠ 5027 (musée);;FM_199394.docx
1993-1994;officiel;ok;1993-10-23;Ol. Marseille;FC Sochaux;1-1;20000;M. Lainé Marcel;Championnat de France,D1;/matchs/1993-1994/marseille-sochaux-division-1-23-10-1993/;;;FM_199394.docx
1993-1994;officiel;desaccord;1993-10-29;FC Sochaux;Girondins Bordeaux FC;2-2;6983;M. Poulain Jacques;Championnat de France,D1;/matchs/1993-1994/sochaux-bordeaux-division-1-29-10-1993/;affluence 6983 (feuille) ≠ 8083 (musée);;FM_199394.docx
1993-1994;officiel;ok;1993-11-06;RC Strasbourg;FC Sochaux;2-0;11527;M. Anton Patrick;Championnat de France,D1;/matchs/1993-1994/strasbourg-sochaux-division-1-06-11-1993/;;;FM_199394.docx
1993-1994;officiel;ok;1993-11-10;FC Sochaux;Toulouse FC;0-0;4500;M. Quiniou Joël;Championnat de France,D1;/matchs/1993-1994/sochaux-toulouse-division-1-10-11-1993/;;;FM_199394.docx
1993-1994;officiel;ok;1993-11-20;SM Caen;FC Sochaux;2-1;12931;M. Veissière Gilles;Championnat de France,D1;/matchs/1993-1994/caen-sochaux-division-1-20-11-1993/;;;FM_199394.docx
1993-1994;officiel;ok;1993-11-27;FC Sochaux;Montpellier HSC;2-1;2823;M. Harrel Rémy;Championnat de France,D1;/matchs/1993-1994/sochaux-montpellier-division-1-27-11-1993/;;;FM_199394.docx
1993-1994;officiel;ok;1993-12-03;FC Sochaux;FC Martigues;1-0;3000;M. De Pandis Antoine;Championnat de France,D1;/matchs/1993-1994/sochaux-martigues-division-1-03-12-1993/;;;FM_199394.docx
1993-1994;officiel;ok;1993-12-11;FC Metz;FC Sochaux;1-1;5434;M. Chéron Gilles;Championnat de France,D1;/matchs/1993-1994/metz-sochaux-division-1-11-12-1993/;;;FM_199394.docx
1993-1994;officiel;desaccord;1993-12-18;FC Sochaux;Paris SG;1-2;9153;M. Batta Marc;Championnat de France,D1;/matchs/1993-1994/sochaux-psg-division-1-18-12-1993/;affluence 9153 (feuille) ≠ 10625 (musée);;FM_199394.docx
1993-1994;officiel;ok;1994-01-15;OL. Lyon;FC Sochaux;1-0;12000;M. Colombo Claude;Championnat de France,D1;/matchs/1993-1994/lyon-sochaux-division-1-15-01-1994/;;;FM_199394.docx
1993-1994;officiel;ok;1994-01-23;SAS Epinal(N1);FC Sochaux;1-2;3038;M. Léon Serge;Coupe de France;/matchs/1993-1994/epinal-sochaux-coupe-de-france-23-01-1994/;;;FM_199394.docx
1993-1994;officiel;desaccord;1994-01-29;FC Sochaux;AS Cannes;1-1;3500;M. Tellène Claude;Championnat de France,D1;/matchs/1993-1994/sochaux-cannes-division-1-29-01-1994/;affluence 3500 (feuille) ≠ 4567 (musée);;FM_199394.docx
1993-1994;officiel;ok;1994-02-05;AJ Auxerre;FC Sochaux;1-0;8000;M. Veissière Gilles;Championnat de France,D1;/matchs/1993-1994/auxerre-sochaux-division-1-05-02-1994/;;;FM_199394.docx
1993-1994;officiel;desaccord;1994-02-09;FC Sochaux;AS Saint-Etienne;3-2;5000;M. Sars Alain;Championnat de France,D1;/matchs/1993-1994/sochaux-saint-etienne-division-1-09-02-1994/;affluence 5000 (feuille) ≠ 4087 (musée);;FM_199394.docx
1993-1994;officiel;desaccord;1994-02-12;FC Sochaux;Ol. Marseille(D1);0-1;8387;M. De Pandis Antoine;Coupe de France;/matchs/1993-1994/sochaux-marseille-coupe-de-france-12-02-1994/;affluence 8387 (feuille) ≠ 12000 (musée);;FM_199394.docx
1993-1994;officiel;ok;1994-02-19;AS Monaco;FC Sochaux;2-0;2500;M. Poulain J.;Championnat de France,D1;/matchs/1993-1994/monaco-sochaux-division-1-19-02-1994/;;;FM_199394.docx
1993-1994;officiel;ok;1994-02-25;FC Sochaux;Le Havre AC;4-2;3000;M. Ramos Georges;Championnat de France,D1;/matchs/1993-1994/sochaux-le-havre-division-1-25-02-1994/;;;FM_199394.docx
1993-1994;officiel;ok;1994-03-05;RC Lens;FC Sochaux;2-0;16462;M. Leduc Philippe;Championnat de France,D1;/matchs/1993-1994/lens-sochaux-division-1-05-03-1994/;;;FM_199394.docx
1993-1994;officiel;desaccord;1994-03-11;FC Sochaux;Lille OSC;1-0;3339;M. Garibian Pascal;Championnat de France,D1;/matchs/1993-1994/sochaux-lille-division-1-12-03-1994/;date 1994-03-11 (feuille) ≠ 1994-03-12 (musée);;FM_199394.docx
1993-1994;officiel;ok;1994-03-26;FC Nantes;FC Sochaux;2-0;11678;M. Colombo Claude;Championnat de France,D1;/matchs/1993-1994/nantes-sochaux-division-1-26-03-1994/;;;FM_199394.docx
1993-1994;officiel;desaccord;1994-04-02;FC Sochaux;Ol. Marseille;1-1;7845;M. Veniel Jean-Marie;Championnat de France,D1;/matchs/1993-1994/sochaux-marseille-division-1-02-04-1994/;affluence 7845 (feuille) ≠ 8845 (musée);;FM_199394.docx
1993-1994;officiel;ok;1994-04-05;Girondins Bordeaux FC;FC Sochaux;4-1;10000;M. Harrel Rémy;Championnat de France,D1;/matchs/1993-1994/bordeaux-sochaux-division-1-05-04-1994/;;;FM_199394.docx
1993-1994;officiel;ok;1994-04-09;FC Sochaux;RC Strasbourg;1-3;2500;M. Saules Bernard;Championnat de France,D1;/matchs/1993-1994/sochaux-strasbourg-division-1-09-04-1994/;;;FM_199394.docx
1993-1994;officiel;desaccord;1994-04-26;Toulouse FC;FC Sochaux;3-2;8435;M. Colombo Claude;Championnat de France,D1;/matchs/1993-1994/toulouse-sochaux-division-1-27-04-1994/;date 1994-04-26 (feuille) ≠ 1994-04-27 (musée);;FM_199394.docx
1993-1994;officiel;desaccord;1994-04-30;FC Sochaux;SM Caen;0-0;2583;M. Puyalt Jean-Claude;Championnat de France,D1;/matchs/1993-1994/sochaux-caen-division-1-30-04-1994/;affluence 2583 (feuille) ≠ 3369 (musée);;FM_199394.docx
1993-1994;officiel;ok;1994-05-07;Montpellier HSC;FC Sochaux;1-0;8000;M. Poulain Jacques;Championnat de France,D1;/matchs/1993-1994/montpellier-sochaux-division-1-07-05-1994/;;;FM_199394.docx
1993-1994;officiel;ok;1994-05-21;SCO Angers;FC Sochaux;1-2;3006;M. Anton Patrick;Championnat de France,D1;/matchs/1993-1994/angers-sochaux-division-1-21-05-1994/;;;FM_199394.docx
1993-1994;officiel;ok;1994-05-28;FC Sochaux;RC Strasbourg(D1);3-4;;;Coupe de la Ligue;/matchs/1993-1994/sochaux-strasbourg-coupe-de-la-ligue-28-05-1994/;;;FM_199394.docx
1994-1995;officiel;ok;1994-07-29;FC Sochaux;SM Caen;2-0;6000;M. Bré Stéphane;Championnat de France,D1;/matchs/1994-1995/sochaux-caen-division-1-29-07-1994/;;;FM_199495.docx
1994-1995;officiel;ok;1994-08-02;OGC Nice;FC Sochaux;1-0;7968;M. Anton Patrick;Championnat de France,D1;/matchs/1994-1995/nice-sochaux-division-1-02-08-1994/;;;FM_199495.docx
1994-1995;officiel;ok;1994-08-05;FC Sochaux;Lille OSC;3-0;4312;M. Chéron Gilles;Championnat de France,D1;/matchs/1994-1995/sochaux-lille-division-1-05-08-1994/;;;FM_199495.docx
1994-1995;officiel;ok;1994-08-13;Paris SG;FC Sochaux;1-1;24095;M. Ramos Georges;Championnat de France,D1;/matchs/1994-1995/paris-sg-sochaux-division-1-13-08-1994/;;;FM_199495.docx
1994-1995;officiel;desaccord;1994-08-20;FC Sochaux;Stade Rennes FC;1-3;1935;M. Leduc Philippe;Championnat de France,D1;/matchs/1994-1995/sochaux-rennes-division-1-20-08-1994/;affluence 1935 (feuille) ≠ 6091 (musée);;FM_199495.docx
1994-1995;officiel;desaccord;1994-08-27;FC Martigues;FC Sochaux;2-0;5000;M. Sars Alain;Championnat de France,D1;/matchs/1994-1995/martigues-sochaux-division-1-27-08-1994/;affluence 5000 (feuille) ≠ 4000 (musée);;FM_199495.docx
1994-1995;officiel;ok;1994-08-31;FC Sochaux;Montpellier HSC;2-0;3903;M. Puyalt Jean-Claude puis M. Mossé à la 46e;Championnat de France,D1;/matchs/1994-1995/sochaux-montpellier-division-1-31-08-1994/;;;FM_199495.docx
1994-1995;officiel;ok;1994-09-10;AS Saint-Etienne;FC Sochaux;4-0;23555;M. Kalt Philippe;Championnat de France,D1;/matchs/1994-1995/saint-etienne-sochaux-division-1-10-09-1994/;;;FM_199495.docx
1994-1995;officiel;desaccord;1994-09-17;FC Sochaux;Girondins Bordeaux FC;1-4;4355;M. Saules Bernard;Championnat de France,D1;/matchs/1994-1995/sochaux-bordeaux-division-1-17-09-1994/;affluence 4355 (feuille) ≠ 6000 (musée);;FM_199495.docx
1994-1995;officiel;ok;1994-09-23;Le Havre AC;FC Sochaux;2-0;7822;M. Harrel Rémy;Championnat de France,D1;/matchs/1994-1995/le-havre-sochaux-division-1-23-09-1994/;;;FM_199495.docx
1994-1995;officiel;desaccord;1994-10-01;FC Sochaux;RC Lens;1-1;3278;M. Pauchard Didier;Championnat de France,D1;/matchs/1994-1995/sochaux-lens-division-1-01-10-1994/;affluence 3278 (feuille) ≠ 4143 (musée);;FM_199495.docx
1994-1995;officiel;ok;1994-10-11;FC Sochaux;AS Cannes;2-1;5961;M. Anton Patrick;Championnat de France,D1;/matchs/1994-1995/sochaux-cannes-division-1-11-10-1994/;;;FM_199495.docx
1994-1995;officiel;ok;1994-10-14;RC Strasbourg;FC Sochaux;3-2;16493;M. Colombo Claude;Championnat de France,D1;/matchs/1994-1995/strasbourg-sochaux-division-1-14-10-1994/;;;FM_199495.docx
1994-1995;officiel;ok;1994-10-22;FC Sochaux;FC Nantes;0-0;7985;M. Quiniou Joël;Championnat de France,D1;/matchs/1994-1995/sochaux-nantes-division-1-22-10-1994/;;;FM_199495.docx
1994-1995;officiel;desaccord;1994-10-28;AS Monaco;FC Sochaux;3-1;2000;M. Chéron Gilles;Championnat de France,D1;/matchs/1994-1995/monaco-sochaux-division-1-29-10-1994/;date 1994-10-28 (feuille) ≠ 1994-10-29 (musée);;FM_199495.docx
1994-1995;officiel;desaccord;1994-11-05;FC Sochaux;SC Bastia;1-3;3235;M. Glochon Franck;Championnat de France,D1;/matchs/1994-1995/sochaux-bastia-division-1-05-11-1994/;affluence 3235 (feuille) ≠ 4000 (musée);;FM_199495.docx
1994-1995;officiel;ok;1994-11-09;Ol. Lyon;FC Sochaux;4-0;14632;M. Bré Stéphane;Championnat de France,D1;/matchs/1994-1995/lyon-sochaux-division-1-09-11-1994/;;;FM_199495.docx
1994-1995;officiel;desaccord;1994-11-19;FC Sochaux;FC Metz;4-2;3113;M. Tellène Claude;Championnat de France,D1;/matchs/1994-1995/sochaux-metz-division-1-19-11-1994/;affluence 3113 (feuille) ≠ 4000 (musée);;FM_199495.docx
1994-1995;officiel;ok;1994-11-26;AJ Auxerre;FC Sochaux;4-0;8000;M. Pauchard Didier;Championnat de France,D1;/matchs/1994-1995/auxerre-sochaux-division-1-26-11-1994/;;;FM_199495.docx
1994-1995;officiel;desaccord;1994-12-02;FC Sochaux;OGC Nice;0-1;3050;M. Léon Serge;Championnat de France,D1;/matchs/1994-1995/sochaux-nice-division-1-03-12-1994/;"date 1994-12-02 (feuille) ≠ 1994-12-03 (musée) ; affluence 3050 (feuille) ≠ 2500 (musée)";;FM_199495.docx
1994-1995;officiel;desaccord;1994-12-18;Lille OSC;FC Sochaux;1-0;13563;M. Harrel Rémy;Championnat de France,D1;/matchs/1994-1995/lille-sochaux-division-1-17-12-1994/;date 1994-12-18 (feuille) ≠ 1994-12-17 (musée);;FM_199495.docx
1994-1995;amical;desaccord;1994-12-31;ASOA Valence;FC Sochaux;3-3;;;Entre le 26 et le 31/12/1994, stage dans le gard;/matchs/1994-1995/valence-sochaux-amical-30-12-1994/;date 1994-12-31 (feuille) ≠ 1994-12-30 (musée);;AM_199495.docx
1994-1995;officiel;ok;1995-01-03;Toulouse FC(D2);FC Sochaux;2-1;3000;M. Veissiere Gilles;Coupe de la Ligue;/matchs/1994-1995/toulouse-sochaux-coupe-de-la-ligue-03-01-1995/;;;FM_199495.docx
1994-1995;officiel;ok;1995-01-14;FC Sochaux;Ol. Marseille(D2);0-0;6000;M. Tellène Claude;Coupe de France;/matchs/1994-1995/sochaux-marseille-coupe-de-france-14-01-1995/;;;FM_199495.docx
1994-1995;officiel;ok;1995-01-28;FC Sochaux;FC Martigues;1-1;4516;M. Garibian Pascal;Championnat de France,D1;/matchs/1994-1995/sochaux-martigues-division-1-28-01-1995/;;;FM_199495.docx
1994-1995;officiel;desaccord;1995-02-01;FC Sochaux;Paris SG;1-2;5041;M. Puyalt Jean-Claude;Championnat de France,D1;/matchs/1994-1995/sochaux-paris-sg-division-1-01-02-1995/;affluence 5041 (feuille) ≠ 6500 (musée);;FM_199495.docx
1994-1995;officiel;ok;1995-02-04;Stade Rennes FC;FC Sochaux;2-1;6631;M. De Pandis Antoine;Championnat de France,D1;/matchs/1994-1995/rennes-sochaux-division-1-04-02-1995/;;;FM_199495.docx
1994-1995;officiel;ok;1995-02-08;Montpellier HSC;FC Sochaux;1-0;7874;M. Batta Marc;Championnat de France,D1;/matchs/1994-1995/montpellier-sochaux-division-1-08-02-1995/;;;FM_199495.docx
1994-1995;officiel;desaccord;1995-02-11;FC Sochaux;AS Saint-Etienne;2-0;2097;M. Colombo Claude;Championnat de France,D1;/matchs/1994-1995/sochaux-saint-etienne-division-1-11-02-1995/;affluence 2097 (feuille) ≠ 4000 (musée);;FM_199495.docx
1994-1995;officiel;ok;1995-02-24;Girondins Bordeaux FC;FC Sochaux;2-1;7000;M. Chéron Gilles;Championnat de France,D1;/matchs/1994-1995/bordeaux-sochaux-division-1-24-02-1995/;;;FM_199495.docx
1994-1995;officiel;desaccord;1995-03-04;FC Sochaux;Le Havre AC;0-1;3145;M. Sars Alain;Championnat de France,D1;/matchs/1994-1995/sochaux-le-havre-division-1-04-03-1995/;affluence 3145 (feuille) ≠ 2500 (musée);;FM_199495.docx
1994-1995;officiel;ok;1995-03-10;RC Lens;FC Sochaux;1-0;26106;M. Glochon Franck;Championnat de France,D1;/matchs/1994-1995/lens-sochaux-division-1-10-03-1995/;;;FM_199495.docx
1994-1995;officiel;ok;1995-03-22;AS Cannes;FC Sochaux;0-0;4000;M. Lainé Marcel;Championnat de France,D1;/matchs/1994-1995/cannes-sochaux-division-1-22-03-1995/;;;FM_199495.docx
1994-1995;officiel;ok;1995-04-01;FC Sochaux;RC Strasbourg;0-1;2773;M. Chéron Gilles;Championnat de France,D1;/matchs/1994-1995/sochaux-strasbourg-division-1-01-04-1995/;;;FM_199495.docx
1994-1995;officiel;ok;1995-04-08;FC Nantes;FC Sochaux;2-0;23720;M. De Pandis Antoine;Championnat de France,D1;/matchs/1994-1995/nantes-sochaux-division-1-08-04-1995/;;;FM_199495.docx
1994-1995;officiel;desaccord;1995-04-15;FC Sochaux;AS Monaco;0-5;3207;M. Pauchard Didier;Championnat de France,D1;/matchs/1994-1995/sochaux-monaco-division-1-15-04-1995/;affluence 3207 (feuille) ≠ 2500 (musée);;FM_199495.docx
1994-1995;officiel;desaccord;1995-04-28;SC Bastia;FC Sochaux;1-0;4500;M. Tellène Claude;Championnat de France,D1;/matchs/1994-1995/bastia-sochaux-division-1-29-04-1995/;date 1995-04-28 (feuille) ≠ 1995-04-29 (musée);;FM_199495.docx
1994-1995;officiel;ok;1995-05-06;FC Sochaux;Ol. Lyon;1-2;3204;M. Veissière Gilles;Championnat de France,D1;/matchs/1994-1995/sochaux-lyon-division-1-06-05-1995/;;;FM_199495.docx
1994-1995;officiel;ok;1995-05-20;FC Metz;FC Sochaux;3-0;9881;M. Anton Patrick;Championnat de France,D1;/matchs/1994-1995/metz-sochaux-division-1-20-05-1995/;;;FM_199495.docx
1994-1995;officiel;ok;1995-05-27;FC Sochaux;AJ Auxerre;0-1;2108;M. Colombo Claude;Championnat de France,D1;/matchs/1994-1995/sochaux-auxerre-division-1-27-05-1995/;;;FM_199495.docx
1994-1995;officiel;ok;1995-05-31;SM Caen;FC Sochaux;3-1;11268;M. Bré Stéphane;Championnat de France,D1;/matchs/1994-1995/caen-sochaux-division-1-31-05-1995/;;;FM_199495.docx
1994-1995;amical;ok;1995-06-28;FC Sochaux;CS Louhans-Cuiseaux;1-1;;;28/06/1995 à Vittel;/matchs/1995-1996/sochaux-louhans-cuiseaux-amical-28-06-1995/;;;AM_199596.docx
1995-1996;amical;ok;1995-07-02;Sochaux;Auxerre;1-3;;;02/07/1995 à Barr;/matchs/1995-1996/sochaux-auxerre-amical-02-07-1995/;;;AM_199596.docx
1995-1996;officiel;ok;1995-07-19;Red Star 93;FC Sochaux;0-0;2988;M. Chéron Gilles;Championnat de France,D2;/matchs/1995-1996/red-star-sochaux-division-2-19-07-1995/;;;FM_199596.docx
1995-1996;officiel;desaccord;1995-07-26;FC Sochaux;Chamois Niort FC;0-0;3214;M. Ugolini Attilio;Championnat de France,D2;/matchs/1995-1996/sochaux-niort-division-2-26-07-1995/;affluence 3214 (feuille) ≠ 2500 (musée);;FM_199596.docx
1995-1996;officiel;ok;1995-07-29;ASOA Valence;FC Sochaux;1-0;3763;M. Poulat Eric;Championnat de France,D2;/matchs/1995-1996/valence-sochaux-division-2-29-07-1995/;;;FM_199596.docx
1995-1996;officiel;ok;1995-08-05;FC Sochaux;Ol. Charleville;4-0;2914;M. Saules Bernard;Championnat de France,D2;/matchs/1995-1996/sochaux-charleville-division-2-05-08-1995/;;;FM_199596.docx
1995-1996;officiel;ok;1995-08-09;LB Châteauroux;FC Sochaux;1-1;4641;M. Tellène Claude;Championnat de France,D2;/matchs/1995-1996/chateauroux-sochaux-division-2-09-08-1995/;;;FM_199596.docx
1995-1996;officiel;ok;1995-08-12;Le Mans UC;FC Sochaux;1-0;3375;M. Legrain Jacky;Championnat de France,D2;/matchs/1995-1996/le-mans-sochaux-division-2-12-08-1995/;;;FM_199596.docx
1995-1996;officiel;ok;1995-08-19;FC Sochaux;SAS Epinal;3-0;3845;M. Coué Bruno;Championnat de France,D2;/matchs/1995-1996/sochaux-epinal-division-2-19-08-1995/;;;FM_199596.docx
1995-1996;officiel;ok;1995-08-26;SCO Angers;FC Sochaux;0-0;5024;M. Leduc Philippe;Championnat de France,D2;/matchs/1995-1996/angers-sochaux-division-2-26-08-1995/;;;FM_199596.docx
1995-1996;officiel;ok;1995-09-02;FC Sochaux;CS Louhans-Cuiseaux;2-0;4024;M. Kalt Philippe;Championnat de France,D2;/matchs/1995-1996/sochaux-louhans-cuiseaux-division-2-02-09-1995/;;;FM_199596.docx
1995-1996;officiel;ok;1995-09-09;Amiens SCF;FC Sochaux;0-1;3691;M. Chéron Gilles;Championnat de France,D2;/matchs/1995-1996/amiens-sochaux-division-2-09-09-1995/;;;FM_199596.docx
1995-1996;officiel;ok;1995-09-16;FC Sochaux;Perpignan FC;4-4;4076;M. Harrel Rémy;Championnat de France,D2;/matchs/1995-1996/sochaux-perpignan-division-2-16-09-1995/;;;FM_199596.docx
1995-1996;officiel;ok;1995-09-23;USL Dunkerque;FC Sochaux;0-1;2335;M. Lalu Alain;Championnat de France,D2;/matchs/1995-1996/dunkerque-sochaux-division-2-23-09-1995/;;;FM_199596.docx
1995-1996;officiel;desaccord;1995-09-30;FC Sochaux;SM Caen;4-2;7000;M. Batta Marc;Championnat de France,D2;/matchs/1995-1996/sochaux-caen-division-2-29-09-1995/;date 1995-09-30 (feuille) ≠ 1995-09-29 (musée);;FM_199596.docx
1995-1996;officiel;desaccord;1995-10-05;Toulouse FC;FC Sochaux;1-0;12078;M. Veissière Gilles;Championnat de France,D2;/matchs/1995-1996/toulouse-sochaux-division-2-04-10-1995/;date 1995-10-05 (feuille) ≠ 1995-10-04 (musée);;FM_199596.docx
1995-1996;officiel;desaccord;1995-10-14;FC Sochaux;FC Mulhouse;1-0;4685;M. Leduc Philippe;Championnat de France,D2;/matchs/1995-1996/sochaux-mulhouse-division-2-14-10-1995/;affluence 4685 (feuille) ≠ 6000 (musée);;FM_199596.docx
1995-1996;officiel;ok;1995-10-20;Stade Laval;FC Sochaux;2-0;6538;M. Garibian Pascal;Championnat de France,D2;/matchs/1995-1996/laval-sochaux-division-2-20-10-1995/;;;FM_199596.docx
1995-1996;officiel;ok;1995-10-24;FC Sochaux;CS Louhans-Cuiseaux(D2);3-4;1500;;Coupe de la ligue;/matchs/1995-1996/sochaux-louhans-cuiseaux-coupe-de-la-ligue-24-10-1995/;;;FM_199596.docx
1995-1996;officiel;ok;1995-10-28;FC Sochaux;Ol. Alès;2-0;3580;M. Legrain Jacky;Championnat de France,D2;/matchs/1995-1996/sochaux-ales-division-2-28-10-1995/;;;FM_199596.docx
1995-1996;officiel;desaccord;1995-11-04;FC Lorient;FC Sochaux;0-3;6961;M. Bonnichon Michel;Championnat de France,D2;/matchs/1995-1996/lorient-sochaux-division-2-04-11-1995/;affluence 6961 (feuille) ≠ 8000 (musée);;FM_199596.docx
1995-1996;officiel;desaccord;1995-11-10;FC Sochaux;AS Nancy;1-1;4391;M. Veissière Gilles;Championnat de France,D2;/matchs/1995-1996/sochaux-nancy-division-2-10-11-1995/;affluence 4391 (feuille) ≠ 8000 (musée);;FM_199596.docx
1995-1996;officiel;ok;1995-11-18;Poitiers PEPP;FC Sochaux;2-0;3135;M. Gonon Jean-Marc;Championnat de France,D2;/matchs/1995-1996/poitiers-sochaux-division-2-18-11-1995/;;;FM_199596.docx
1995-1996;officiel;desaccord;1995-11-25;FC Sochaux;Ol. Marseille;1-0;9500;M. Bré Stéphane;Championnat de France,D2;/matchs/1995-1996/sochaux-marseille-division-2-24-11-1995/;date 1995-11-25 (feuille) ≠ 1995-11-24 (musée);;FM_199596.docx
1995-1996;officiel;ok;1995-12-09;Chamois Niort FC;FC Sochaux;2-2;3200;M. Sars Alain;Championnat de France,D2;/matchs/1995-1996/niort-sochaux-division-2-09-12-1995/;;;FM_199596.docx
1995-1996;officiel;a_creer;1995-12-11;FC Champagnole(PL);FC Sochaux;0-1;3000;;Coupe de France;;;;FM_199596.docx
1995-1996;officiel;ok;1995-12-17;ASPTT Laon(DH);FC Sochaux;0-5;;;Coupe de France;/matchs/1995-1996/laon-sochaux-coupe-de-france-17-12-1995/;;;FM_199596.docx
1995-1996;officiel;desaccord;1996-01-10;FC Sochaux;ASOA Valence;2-1;3741;M. Duhamel Laurent;Championnat de France,D2;/matchs/1995-1996/sochaux-valence-division-2-10-01-1996/;affluence 3741 (feuille) ≠ 2741 (musée);;FM_199596.docx
1995-1996;officiel;ok;1996-01-13;USL Dunkerque(D2);FC Sochaux;1-3;930;Derrien Bruno;Coupe de France;/matchs/1995-1996/dunkerque-sochaux-coupe-de-france-13-01-1996/;;;FM_199596.docx
1995-1996;officiel;desaccord;1996-01-20;Ol. Charleville;FC Sochaux;1-0;6769;M. Glochon Franck;Championnat de France,D2;/matchs/1995-1996/charleville-sochaux-division-2-20-01-1996/;affluence 6769 (feuille) ≠ 1769 (musée);;FM_199596.docx
1995-1996;officiel;ok;1996-01-27;FC Sochaux;LB Châteauroux;0-0;2302;M. Fraise Dominique;Championnat de France,D2;/matchs/1995-1996/sochaux-chateauroux-division-2-27-01-1996/;;;FM_199596.docx
1995-1996;officiel;ok;1996-02-03;AS Cannes(D1);FC Sochaux;0-1;2000;M. Tellène Claude;Coupe de France;/matchs/1995-1996/cannes-sochaux-coupe-de-france-03-02-1996/;;;FM_199596.docx
1995-1996;officiel;desaccord;1996-02-07;FC Sochaux;Le Mans UC;0-0;2135;M. Anton Patrick;Championnat de France,D2;/matchs/1995-1996/sochaux-le-mans-division-2-07-02-1996/;affluence 2135 (feuille) ≠ 1500 (musée);;FM_199596.docx
1995-1996;officiel;ok;1996-02-17;FC Sochaux;SCO Angers;4-1;2424;M. Coué Bruno;Championnat de France,D2;/matchs/1995-1996/sochaux-angers-d2-championnat-17-02-1996/;;;FM_199596.docx
1995-1996;officiel;ok;1996-02-28;SM Caen(D2);FC Sochaux -;5-0;12585;M. Poulat Eric;Coupe de France;/matchs/1995-1996/caen-sochaux-coupe-de-france-28-02-1996/;;;FM_199596.docx
1995-1996;officiel;ok;1996-03-02;FC Sochaux;Amiens SCF;0-0;1985;M. Auriac Thierry;Championnat de France,D2;/matchs/1995-1996/sochaux-amiens-division-2-02-03-1996/;;;FM_199596.docx
1995-1996;officiel;ok;1996-03-09;Perpignan FC;FC Sochaux;2-4;2049;M. Saules Bernard;Championnat de France,D2;/matchs/1995-1996/perpignan-sochaux-division-2-09-03-1996/;;;FM_199596.docx
1995-1996;officiel;desaccord;1996-03-13;FC Sochaux;USL Dunkerque;2-0;2175;M. Duhamel Laurent;Championnat de France,D2;/matchs/1995-1996/sochaux-dunkerque-division-2-13-03-1996/;affluence 2175 (feuille) ≠ 1500 (musée);;FM_199596.docx
1995-1996;officiel;desaccord;1996-03-23;SM Caen;FC Sochaux -;1-0;10897;M. Garibian Pascal;Championnat de France,D2;/matchs/1995-1996/caen-sochaux-division-2-22-03-1996/;date 1996-03-23 (feuille) ≠ 1996-03-22 (musée);;FM_199596.docx
1995-1996;officiel;desaccord;1996-03-30;FC Sochaux;Toulouse FC;0-1;34690;M.Batta Marc;Championnat de France,D2;/matchs/1995-1996/sochaux-toulouse-division-2-30-03-1996/;affluence 34690 (feuille) ≠ 3469 (musée);;FM_199596.docx
1995-1996;officiel;ok;1996-04-05;SAS Epinal;FC Sochaux;0-0;2074;M. Bonnichon Jean-Marie;Championnat de France,D2;/matchs/1995-1996/epinal-sochaux-division-2-05-04-1996/;;;FM_199596.docx
1995-1996;officiel;ok;1996-04-09;FC Mulhouse;FC Sochaux -;1-0;4015;M. Tellène Claude;Championnat de France,D2;/matchs/1995-1996/mulhouse-sochaux-division-2-09-04-1996/;;;FM_199596.docx
1995-1996;officiel;ok;1996-04-13;CS Louhans-Cuiseaux;FC Sochaux -;4-0;1430;M. Kalt Philippe;Championnat de France,D2;/matchs/1995-1996/louhans-cuiseaux-sochaux-division-2-13-04-1996/;;;FM_199596.docx
1995-1996;officiel;ok;1996-04-20;FC Sochaux;Stade Laval FC;2-2;1947;M. Veissière Gilles;Championnat de France,D2;/matchs/1995-1996/sochaux-laval-division-2-20-04-1996/;;;FM_199596.docx
1995-1996;officiel;ok;1996-04-24;Ol. Alès;FC Sochaux -;1-3;350;M. Duhamel Laurent;Championnat de France,D2;/matchs/1995-1996/ales-sochaux-division-2-24-04-1996/;;;FM_199596.docx
1995-1996;officiel;desaccord;1996-04-27;FC Sochaux;FC Lorient;1-1;2252;M. Saules Bernard;Championnat de France,D2;/matchs/1995-1996/sochaux-lorient-division-2-27-04-1996/;affluence 2252 (feuille) ≠ 1500 (musée);;FM_199596.docx
1995-1996;officiel;ok;1996-05-03;AS Nancy-Lorraine;FC Sochaux -;2-0;8540;M. Poulat Eric;Championnat de France,D2;/matchs/1995-1996/nancy-sochaux-division-2-03-05-1996/;;;FM_199596.docx
1995-1996;officiel;ok;1996-05-10;FC Sochaux;Poitiers PEPP;0-0;1458;M. Chéron Gilles;Championnat de France,D2;/matchs/1995-1996/sochaux-poitiers-division-2-10-05-1996/;;;FM_199596.docx
1995-1996;officiel;ok;1996-05-17;Ol. Marseille;FC Sochaux;4-1;27000;M. Derrien Bruno;Championnat de France,D2;/matchs/1995-1996/marseille-sochaux-division-2-17-05-1996/;;;FM_199596.docx
1995-1996;officiel;ok;1996-05-21;FC Sochaux;Red Star 93;0-1;1729;M. Kalt Philippe;Championnat de France,D2;/matchs/1995-1996/sochaux-red-star-division-2-21-05-1996/;;;FM_199596.docx
1996-1997;amical;desaccord;1996-07-12;FC Mulhouse(D2);FC Sochaux;0-1;;;Amical;/matchs/1996-1997/sochaux-mulhouse-amical-12-07-1996/;lieu inversé (domicile/extérieur);;AM_199697.doc
1996-1997;amical;desaccord;1996-07-28;FC Sochaux;SC Fribourg(All.);3-3;750;;Amical;/matchs/1996-1997/sochaux-sc-fribourg-amical-27-07-1996/;date 1996-07-28 (feuille) ≠ 1996-07-27 (musée);;AM_199697.doc
1996-1997;amical;ok;1996-08-03;FC Sochaux;Dinamo Zagreb(Cro.);3-2;;;Amical;/matchs/1996-1997/sochaux-nk-zagreb-amical-03-08-1996/;;;AM_199697.doc
1996-1997;officiel;ok;1996-08-10;FC Sochaux;Stade Laval;2-0;4000;M. Veissière Gilles;Championnat de France,D2;/matchs/1996-1997/sochaux-laval-division-2-10-08-1996/;;;FM_199697.docx
1996-1997;officiel;ok;1996-08-16;FC Gueugnon;FC Sochaux;1-0;4539;M. Legrain Jacky;Championnat de France,D2;/matchs/1996-1997/gueugnon-sochaux-division-2-16-08-1996/;;;FM_199697.docx
1996-1997;officiel;ok;1996-08-20;FC Sochaux;AS Saint-Etienne;4-1;8000;M. Puyalt Jean-Claude;Championnat de France,D2;/matchs/1996-1997/sochaux-saint-etienne-division-2-20-08-1996/;;;FM_199697.docx
1996-1997;officiel;ok;1996-08-24;Perpignan FC;FC Sochaux;0-0;4585;M. Batta Marc;Championnat de France,D2;/matchs/1996-1997/perpignan-sochaux-division-2-24-08-1996/;;;FM_199697.docx
1996-1997;officiel;desaccord;1996-08-30;FC Sochaux;AS Beauvais;4-1;5000;M. Bonnichon Michel;Championnat de France,D2;/matchs/1996-1997/sochaux-beauvais-division-2-28-08-1996/;date 1996-08-30 (feuille) ≠ 1996-08-28 (musée);;FM_199697.docx
1996-1997;officiel;ok;1996-09-04;Amiens SCF;FC Sochaux;1-2;3212;M. Duhamel Laurent;Championnat de France,D2;/matchs/1996-1997/amiens-sochaux-division-2-04-09-1996/;;;FM_199697.docx
1996-1997;officiel;ok;1996-09-07;FC Sochaux;FC Lorient;0-1;5505;M. Lhermite Patrick;Championnat de France,D2;/matchs/1996-1997/sochaux-lorient-division-2-07-09-1996/;;;FM_199697.docx
1996-1997;officiel;desaccord;1996-09-14;Saint-Brieuc CA;FC Sochaux;1-2;3754;M. Glochon Franck;Championnat de France,D2;/matchs/1996-1997/saint-brieuc-sochaux-division-2-13-09-1996/;date 1996-09-14 (feuille) ≠ 1996-09-13 (musée);;FM_199697.docx
1996-1997;officiel;ok;1996-09-18;FC Sochaux;Chamois Niort FC;0-0;6500;M. Colombo Claude;Championnat de France,D2;/matchs/1996-1997/sochaux-niort-division-2-18-09-1996/;;;FM_199697.docx
1996-1997;officiel;ok;1996-09-21;FC Mulhouse;FC Sochaux;0-0;3756;M. Legrain Jacky;Championnat de France,D2;/matchs/1996-1997/mulhouse-sochaux-division-2-21-09-1996/;;;FM_199697.docx
1996-1997;officiel;ok;1996-09-27;FC Sochaux;Toulouse FC;0-0;7500;M. Poulat Eric;Championnat de France,D2;/matchs/1996-1997/sochaux-toulouse-division-2-27-09-1996/;;;FM_199697.docx
1996-1997;officiel;ok;1996-10-02;Red Star 93;FC Sochaux;7-2;2879;M. Leduc Philippe;Championnat de France,D2;/matchs/1996-1997/red-star-sochaux-division-2-02-10-1996/;;;FM_199697.docx
1996-1997;officiel;ok;1996-10-05;FC Sochaux;Le Mans UC;1-1;3800;M. Bayet Hervé;Championnat de France,D2;/matchs/1996-1997/sochaux-le-mans-division-2-05-10-1996/;;;FM_199697.docx
1996-1997;officiel;desaccord;1996-10-12;LB Châteauroux;FC Sochaux;1-0;5925;M. Bré Stephane;Championnat de France,D2;/matchs/1996-1997/chateauroux-sochaux-division-2-12-10-1996/;affluence 5925 (feuille) ≠ 7500 (musée);;FM_199697.docx
1996-1997;officiel;desaccord;1996-10-19;FC Sochaux;SC Toulon;7-2;3500;M. Derrien Bruno;Championnat de France,D2;/matchs/1996-1997/sochaux-toulon-division-2-19-10-1996/;affluence 3500 (feuille) ≠ 2500 (musée);;FM_199697.docx
1996-1997;officiel;ok;1996-10-23;Troyes AC(D2);FC Sochaux;2-0;7000;;Coupe de la ligue;/matchs/1996-1997/troyes-sochaux-coupe-de-la-ligue-23-10-1996/;;;FM_199697.docx
1996-1997;officiel;ok;1996-10-26;OL. Charleville;FC Sochaux;1-1;1905;M. Colombo Claude;Championnat de France,D2;/matchs/1996-1997/charleville-mezieres-sochaux-division-2-26-10-1996/;;;FM_199697.docx
1996-1997;officiel;ok;1996-11-02;FC Sochaux;FC Martigues;0-0;5000;M. Lalu Alain;Championnat de France,D2;/matchs/1996-1997/sochaux-martigues-division-2-02-11-1996/;;;FM_199697.docx
1996-1997;officiel;ok;1996-11-06;ASOA Valence;FC Sochaux;3-0;700;M. Ruffray Bruno;Championnat de France,D2;/matchs/1996-1997/valence-sochaux-division-2-06-11-1996/;;;FM_199697.docx
1996-1997;officiel;ok;1996-11-13;FC Sochaux;SAS Epinal;0-0;2000;M. Garibian Pascal;Championnat de France,D2;/matchs/1996-1997/sochaux-epinal-division-2-13-11-1996/;;;FM_199697.docx
1996-1997;officiel;ok;1996-11-16;Troyes AC;FC Sochaux;0-0;4869;M. Veissière Gilles;Championnat de France,D2;/matchs/1996-1997/troyes-sochaux-division-2-16-11-1996/;;;FM_199697.docx
1996-1997;officiel;desaccord;1996-11-23;FC Sochaux;CS Louhans-Cuiseaux;2-1;2907;M. Kalt Philippe;Championnat de France,D2;/matchs/1996-1997/sochaux-louhans-cuiseaux-division-2-23-11-1996/;affluence 2907 (feuille) ≠ 1500 (musée);;FM_199697.docx
1996-1997;officiel;ok;1996-11-30;USFC Vesoul(N3);FC Sochaux;0-1;1600;M. Ugolini Attilio;Coupe de France;/matchs/1996-1997/chs-vesoul-sochaux-coupe-de-france-30-11-1996/;;;FM_199697.docx
1996-1997;officiel;ok;1996-12-07;FC Sochaux;FC Gueugnon;2-2;3000;M. Léon Serge;Championnat de France,D2;/matchs/1996-1997/sochaux-gueugnon-division-2-07-12-1996/;;;FM_199697.docx
1996-1997;officiel;ok;1996-12-14;AS Saint-Etienne;FC Sochaux;1-1;5000;M. Garibian Pascal;Championnat de France,D2;/matchs/1996-1997/saint-etienne-sochaux-division-2-14-12-1996/;;;FM_199697.docx
1996-1997;officiel;ok;1996-12-21;AS Saint-Priest(N1);FC Sochaux;0-2;1000;M. Coué Bruno;Coupe de France;/matchs/1996-1997/saint-priest-sochaux-coupe-de-france-21-12-1996/;;;FM_199697.docx
1996-1997;officiel;ok;1997-01-18;FC Sochaux;AS Nancy(D1);3-1;3256;M. Harrel Rémy;Coupe de France;/matchs/1996-1997/sochaux-nancy-coupe-de-france-18-01-1997/;;;FM_199697.docx
1996-1997;officiel;ok;1997-01-25;FC Sochaux;Perpignan FC;3-0;3500;M. Tellene Claude;Championnat de France,D2;/matchs/1996-1997/sochaux-perpignan-division-2-25-01-1997/;;;FM_199697.docx
1996-1997;officiel;desaccord;1997-02-01;AS Beauvais;FC Sochaux;1-0;1800;Leduc Philippe;Championnat de France,D2;/matchs/1996-1997/beauvais-sochaux-division-2-02-02-1997/;date 1997-02-01 (feuille) ≠ 1997-02-02 (musée);;FM_199697.docx
1996-1997;officiel;ok;1997-02-09;Montpellier-Hérault SC(D1);FC Sochaux;2-0;5337;Chéron Gilles;Coupe de France;/matchs/1996-1997/montpellier-sochaux-coupe-de-france-09-02-1997/;;;FM_199697.docx
1996-1997;officiel;ok;1997-02-15;FC Sochaux;Amiens SCF;2-0;3000;M. Philippi Roger(Lux.);Championnat de France,D2;/matchs/1996-1997/sochaux-amiens-division-2-15-02-1997/;;;FM_199697.docx
1996-1997;officiel;ok;1997-02-22;FC Lorient;FC Sochaux;2-2;3187;M. Brizou Yves;Championnat de France,D2;/matchs/1996-1997/lorient-sochaux-division-2-22-02-1997/;;;FM_199697.docx
1996-1997;officiel;ok;1997-03-08;FC Sochaux;Saint-Brieuc CA;1-1;3500;M. Harrel Rémy;Championnat de France,D2;/matchs/1996-1997/sochaux-saint-brieuc-division-2-08-03-1997/;;;FM_199697.docx
1996-1997;officiel;a_creer;1997-03-10;ASOA Valence;FC Sochaux;1-2;2686;M. Champet Régis;Championnat de France,D2;;;;FM_199798.docx
1996-1997;officiel;ok;1997-03-12;Chamois Niort FC;FC Sochaux;2-1;3500;M. Legrain Jacky;Championnat de France,D2;/matchs/1996-1997/niort-sochaux-division-2-12-03-1997/;;;FM_199697.docx
1996-1997;officiel;desaccord;1997-03-15;FC Sochaux;FC Mulhouse;3-0;6684;M. Khendek Améziane;Championnat de France,D2;/matchs/1996-1997/sochaux-mulhouse-division-2-15-03-1997/;affluence 6684 (feuille) ≠ 6000 (musée);;FM_199697.docx
1996-1997;officiel;ok;1997-03-22;Toulouse FC;FC Sochaux;2-0;10000;M. Poulat Eric;Championnat de France,D2;/matchs/1996-1997/toulouse-sochaux-division-2-22-03-1997/;;;FM_199697.docx
1996-1997;officiel;ok;1997-03-26;FC Sochaux;Red Star 93;1-1;2500;M. Sars Alain;Championnat de France,D2;/matchs/1996-1997/sochaux-red-star-division-2-26-03-1997/;;;FM_199697.docx
1996-1997;officiel;ok;1997-04-01;Le Mans UC;FC Sochaux;2-1;2000;M. Champet Régis;Championnat de France,D2;/matchs/1996-1997/le-mans-sochaux-division-2-01-04-1997/;;;FM_199697.docx
1996-1997;officiel;ok;1997-04-05;FC Sochaux;LB Châteauroux;1-1;2000;M. Puyalt Jean-Claude;Championnat de France,D2;/matchs/1996-1997/sochaux-chateauroux-division-2-05-04-1997/;;;FM_199697.docx
1996-1997;officiel;ok;1997-04-11;SC Toulon;FC Sochaux;2-1;2500;M. Anton Patrick;Championnat de France,D2;/matchs/1996-1997/toulon-sochaux-division-2-11-04-1997/;;;FM_199697.docx
1996-1997;officiel;ok;1997-04-16;FC Sochaux;Ol. Charleville;3-0;2000;M. Brizou Yves;Championnat de France,D2;/matchs/1996-1997/sochaux-charleville-mezieres-division-2-16-04-1997/;;;FM_199697.docx
1996-1997;officiel;ok;1997-04-26;FC Martigues;FC Sochaux;0-1;3038;M. Garibian Pascal;Championnat de France,D2;/matchs/1996-1997/martigues-sochaux-division-2-26-04-1997/;;;FM_199697.docx
1996-1997;officiel;ok;1997-04-30;FC Sochaux;ASOA Valence;0-1;3284;M. Legrain Jacky;Championnat de France,D2;/matchs/1996-1997/sochaux-valence-division-2-30-04-1997/;;;FM_199697.docx
1996-1997;officiel;ok;1997-05-03;SAS Epinal;FC Sochaux;0-1;1489;M. Derrien Bruno;Championnat de France,D2;/matchs/1996-1997/epinal-sochaux-division-2-03-05-1997/;;;FM_199697.docx
1996-1997;officiel;desaccord;1997-05-09;FC Sochaux;Troyes AC;2-1;2000;M. Leduc Philippe;Championnat de France,D2;/matchs/1996-1997/sochaux-troyes-division-2-10-05-1997/;date 1997-05-09 (feuille) ≠ 1997-05-10 (musée);;FM_199697.docx
1996-1997;officiel;desaccord;1997-05-17;CS Louhans-Cuiseaux;FC Sochaux;2-0;3500;M. Duhamel Laurent;Championnat de France,D2;/matchs/1996-1997/louhans-cuiseaux-sochaux-division-2-17-05-1997/;affluence 3500 (feuille) ≠ 2000 (musée);;FM_199697.docx
1996-1997;officiel;ok;1997-05-24;Stade Laval;FC Sochaux;4-1;6513;M. Puyalt Jean-Claude;Championnat de France,D2;/matchs/1996-1997/laval-sochaux-division-2-24-05-1997/;;;FM_199697.docx
1997-1998;amical;ok;1997-07-12;FC Mulhouse(D2);FC Sochaux;2-1;1000;;Amical;/matchs/1997-1998/mulhouse-sochaux-amical-12-07-1997/;;;AM_199798.doc
1997-1998;amical;ok;1997-07-16;RCFC Besançon;FC Sochaux;0-4;1200;M. Goulut;Amical;/matchs/1997-1998/besancon-rc-sochaux-amical-16-07-1997/;;;AM_199798.doc
1997-1998;amical;desaccord;1997-07-22;FC Sochaux;FC Gueugnon(D2);3-2;600;M. Goulut;Amical;/matchs/1997-1998/sochaux-gueugnon-amical-23-07-1997/;date 1997-07-22 (feuille) ≠ 1997-07-23 (musée);;AM_199798.doc
1997-1998;amical;ok;1997-07-26;FC Sochaux;Inter Bratislava(Slq);1-0;1000;M. Goulut;Amical;/matchs/1997-1998/sochaux-inter-bratislava-amical-26-07-1997/;;;AM_199798.doc
1997-1998;officiel;desaccord;1997-08-03;FC Sochaux;FC Martigues;4-1;4416;M. Chéron Gilles;Championnat de France,D2;/matchs/1997-1998/sochaux-martigues-division-2-02-08-1997/;date 1997-08-03 (feuille) ≠ 1997-08-02 (musée);;FM_199798.docx
1997-1998;officiel;desaccord;1997-08-17;FC Sochaux;Lille OSC;0-0;6464;M. Bré Stéphane;Championnat de France,D2;/matchs/1997-1998/sochaux-lille-division-2-16-08-1997/;date 1997-08-17 (feuille) ≠ 1997-08-16 (musée);;FM_199798.docx
1997-1998;officiel;ok;1997-08-20;FC Lorient;FC Sochaux;2-1;7452;M. Brocas Eric;Championnat de France,D2;/matchs/1997-1998/lorient-sochaux-division-2-20-08-1997/;;;FM_199798.docx
1997-1998;officiel;desaccord;1997-08-24;FC Sochaux;Nîmes Ol.;1-0;4586;M. Lalu Alain;Championnat de France,D2;/matchs/1997-1998/sochaux-nimes-division-2-23-08-1997/;"date 1997-08-24 (feuille) ≠ 1997-08-23 (musée) ; affluence 4586 (feuille) ≠ 5500 (musée)";;FM_199798.docx
1997-1998;officiel;desaccord;1997-08-31;SM Caen;FC Sochaux;2-1;8952;M. Allart Thierry;Championnat de France,D2;/matchs/1997-1998/caen-sochaux-division-2-30-08-1997/;date 1997-08-31 (feuille) ≠ 1997-08-30 (musée);;FM_199798.docx
1997-1998;officiel;ok;1997-09-03;FC Sochaux;Le Mans UC;0-2;3500;M. Glochon Franck;Championnat de France,D2;/matchs/1997-1998/sochaux-le-mans-division-2-03-09-1997/;;;FM_199798.docx
1997-1998;officiel;desaccord;1997-09-07;Stade Laval;FC Sochaux;0-1;4864;M. Legrain Jacky;Championnat de France,D2;/matchs/1997-1998/laval-sochaux-division-2-06-09-1997/;date 1997-09-07 (feuille) ≠ 1997-09-06 (musée);;FM_199798.docx
1997-1998;officiel;desaccord;1997-09-14;FC Sochaux;Red Star 93;1-1;3872;M. Fidri Serge;Championnat de France,D2;/matchs/1997-1998/sochaux-red-star-division-2-13-09-1997/;date 1997-09-14 (feuille) ≠ 1997-09-13 (musée);;FM_199798.docx
1997-1998;officiel;desaccord;1997-09-21;Chamois Niort FC;FC Sochaux;0-0;3998;M. Batta Marc;Championnat de France,D2;/matchs/1997-1998/niort-sochaux-division-2-20-09-1997/;date 1997-09-21 (feuille) ≠ 1997-09-20 (musée);;FM_199798.docx
1997-1998;officiel;ok;1997-09-24;FC Sochaux;ES Wasquehal;2-1;4000;M. Coué Bruno;Championnat de France,D2;/matchs/1997-1998/sochaux-wasquehal-division-2-24-09-1997/;;;FM_199798.docx
1997-1998;officiel;desaccord;1997-09-28;SC Toulon;FC Sochaux;0-0;3037;M. Ruffray Bruno;Championnat de France,D2;/matchs/1997-1998/toulon-sochaux-division-2-27-09-1997/;"date 1997-09-28 (feuille) ≠ 1997-09-27 (musée) ; affluence 3037 (feuille) ≠ 2500 (musée)";;FM_199798.docx
1997-1998;officiel;ok;1997-10-04;FC Sochaux;Troyes AC;4-0;6500;M. Derrien Bruno;Championnat de France,D2;/matchs/1997-1998/sochaux-troyes-division-2-04-10-1997/;;;FM_199798.docx
1997-1998;officiel;ok;1997-10-09;AS Nancy;FC Sochaux;2-0;6500;M. Bonnichon Michel;Championnat de France,D2;/matchs/1997-1998/nancy-sochaux-division-2-09-10-1997/;;;FM_199798.docx
1997-1998;officiel;ok;1997-10-15;FC Sochaux;FC Gueugnon;2-0;3000;M. Duhamel Laurent;Championnat de France,D2;/matchs/1997-1998/sochaux-gueugnon-division-2-15-10-1997/;;;FM_199798.docx
1997-1998;officiel;desaccord;1997-10-19;CS Louhans-Cuiseaux;FC Sochaux;0-1;2452;M. Anton Patrick;Championnat de France,D2;/matchs/1997-1998/louhans-cuiseaux-sochaux-division-2-18-10-1997/;date 1997-10-19 (feuille) ≠ 1997-10-18 (musée);;FM_199798.docx
1997-1998;officiel;ok;1997-10-25;FC Sochaux;Amiens SC;3-1;4444;M. Viléo Pascal;Championnat de France,D2;/matchs/1997-1998/sochaux-amiens-division-2-25-10-1997/;;;FM_199798.docx
1997-1998;officiel;desaccord;1997-10-31;AS Beauvais;FC Sochaux;1-1;2964;M. Fidri Serge;Championnat de France,D2;/matchs/1997-1998/beauvais-sochaux-division-2-30-10-1997/;date 1997-10-31 (feuille) ≠ 1997-10-30 (musée);;FM_199798.docx
1997-1998;officiel;ok;1997-11-08;FC Sochaux;FC Mulhouse;3-0;5064;M. Saules Bernard;Championnat de France,D2;/matchs/1997-1998/sochaux-mulhouse-division-2-08-11-1997/;;;FM_199798.docx
1997-1998;officiel;ok;1997-11-15;AS Saint-Etienne;FC Sochaux;3-2;7144;M. Coué Bruno;Championnat de France,D2;/matchs/1997-1998/saint-etienne-sochaux-division-2-15-11-1997/;;;FM_199798.docx
1997-1998;officiel;desaccord;1997-11-18;FC Sochaux;OGC Nice;1-1;3500;M. Khendek Améziane;Championnat de France,D2;/matchs/1997-1998/sochaux-nice-division-2-19-11-1997/;date 1997-11-18 (feuille) ≠ 1997-11-19 (musée);;FM_199798.docx
1997-1998;officiel;ok;1997-11-22;FC Sochaux;ASOA Valence;1-0;3979;M. Auriac Thierry;Championnat de France,D2;/matchs/1997-1998/sochaux-valence-division-2-22-11-1997/;;;FM_199798.docx
1997-1998;officiel;a_completer;1997-11-29;Jura Sud Foot(CFA2);FC Sochaux;1-3;2000;M. Badet Jacques;Coupe de France;/matchs/1997-1998/jura-sud-foot-sochaux-coupe-de-france-29-11-1997/;;affluence;FM_199798.docx
1997-1998;officiel;ok;1997-12-02;Lille OSC;FC Sochaux;0-0;7439;M. Batta Marc;Championnat de France,D2;/matchs/1997-1998/lille-sochaux-division-2-02-12-1997/;;;FM_199798.docx
1997-1998;officiel;ok;1997-12-06;FC Sochaux;FC Lorient;0-1;4581;M. Ledentu Damien;Championnat de France,D2;/matchs/1997-1998/sochaux-lorient-division-2-06-12-1997/;;;FM_199798.docx
1997-1998;officiel;ok;1997-12-13;Nîmes Ol.;FC Sochaux;2-1;3351;M. Garibian Pascal;Championnat de France,D2;/matchs/1997-1998/nimes-sochaux-division-2-13-12-1997/;;;FM_199798.docx
1997-1998;officiel;ok;1997-12-21;Passy Mont-Blanc(HR);FC Sochaux;0-4;;M. Sars Alain (M. Bensimon,46e);Coupe de France;/matchs/1997-1998/passy-mont-blanc-sochaux-coupe-de-france-21-12-1997/;;;FM_199798.docx
1997-1998;officiel;ok;1998-01-05;AS Saint-Etienne(D2);FC Sochaux;1-1;4297;;Coupe de la ligue;/matchs/1997-1998/saint-etienne-sochaux-coupe-de-la-ligue-05-01-1998/;;;FM_199798.docx
1997-1998;officiel;ok;1998-01-10;FC Sochaux;SM Caen;2-0;3974;M. Poulat Eric;Championnat de France,D2;/matchs/1997-1998/sochaux-caen-division-2-10-01-1998/;;;FM_199798.docx
1997-1998;officiel;ok;1998-01-17;SO Châtellerault(CFA);FC Sochaux;1-2;1200;M. Allart Thierry;Coupe de France;/matchs/1997-1998/chatellerault-sochaux-coupe-de-france-17-01-1998/;;;FM_199798.docx
1997-1998;officiel;ok;1998-01-21;Le Mans UC;FC Sochaux;0-0;2820;M. Layec Bertrand;Championnat de France,D2;/matchs/1997-1998/le-mans-sochaux-division-2-21-01-1998/;;;FM_199798.docx
1997-1998;officiel;ok;1998-01-24;FC Sochaux;Stade Laval;1-1;3576;M. Bré Stéphane;Championnat de France,D2;/matchs/1997-1998/sochaux-laval-division-2-24-01-1998/;;;FM_199798.docx
1997-1998;officiel;desaccord;1998-01-30;FC Sochaux;AS Cannes(D1);1-0;4000;;Coupe de la Ligue;/matchs/1997-1998/sochaux-cannes-coupe-de-la-ligue-31-01-1998/;date 1998-01-30 (feuille) ≠ 1998-01-31 (musée);;FM_199798.docx
1997-1998;officiel;ok;1998-02-04;Red Star 93;FC Sochaux;2-0;1478;M. Léon Serge;Championnat de France,D2;/matchs/1997-1998/red-star-sochaux-division-2-04-02-1998/;;;FM_199798.docx
1997-1998;officiel;ok;1998-02-07;FC Trélissac(CFA);FC Sochaux;1-2;4000;M. Glochon Franck;Coupe de France;/matchs/1997-1998/trelissac-sochaux-coupe-de-france-07-02-1998/;;;FM_199798.docx
1997-1998;officiel;ok;1998-02-11;FC Sochaux;Chamois Niort FC;1-1;3800;M. Champet Règis;Championnat de France,D2;/matchs/1997-1998/sochaux-niort-division-2-11-02-1998/;;;FM_199798.docx
1997-1998;officiel;ok;1998-02-14;ES Wasquehal;FC Sochaux;1-1;2342;M. Piccirillo Hervé;Championnat de France,D2;/matchs/1997-1998/wasquehal-sochaux-division-2-14-02-1998/;;;FM_199798.docx
1997-1998;officiel;ok;1998-02-18;FC Sochaux;RC Lens(D1);1-4;6000;;Coupe de la ligue;/matchs/1997-1998/sochaux-lens-coupe-de-la-ligue-18-02-1998/;;;FM_199798.docx
1997-1998;officiel;ok;1998-02-21;FC Sochaux;SC Toulon;4-1;3500;M. Hamer Alain(Lux.);Championnat de France,D2;/matchs/1997-1998/sochaux-toulon-division-2-21-02-1998/;;;FM_199798.docx
1997-1998;officiel;ok;1998-02-27;FC Sochaux;SM Caen(D2);2-2;4000;M. Harrel Rémy;Coupe de France;/matchs/1997-1998/sochaux-caen-coupe-de-france-27-02-1998/;;;FM_199798.docx
1997-1998;officiel;ok;1998-03-07;Troyes AC;FC Sochaux;0-1;7948;M. Legrain Jacky;Championnat de France,D2;/matchs/1997-1998/troyes-sochaux-division-2-07-03-1998/;;;FM_199798.docx
1997-1998;officiel;ok;1998-03-14;FC Sochaux;AS Nancy;0-1;5849;M. Chéron Gilles;Championnat de France,D2;/matchs/1997-1998/sochaux-nancy-division-2-14-03-1998/;;;FM_199798.docx
1997-1998;officiel;ok;1998-03-24;FC Gueugnon;FC Sochaux;3-1;2602;M. Veissière Gilles;Championnat de France,D2;/matchs/1997-1998/gueugnon-sochaux-division-2-24-03-1998/;;;FM_199798.docx
1997-1998;officiel;ok;1998-03-28;FC Sochaux;CS Louhans-Cuiseaux;0-1;3692;M. Fraise Dominique;Championnat de France,D2;/matchs/1997-1998/sochaux-louhans-cuiseaux-division-2-28-03-1998/;;;FM_199798.docx
1997-1998;officiel;desaccord;1998-04-04;Amiens SC;FC Sochaux;0-2;3831;M. Ugolini Attilio;Championnat de France,D2;/matchs/1997-1998/amiens-sochaux-division-2-07-04-1998/;date 1998-04-04 (feuille) ≠ 1998-04-07 (musée);;FM_199798.docx
1997-1998;officiel;desaccord;1998-04-18;FC Sochaux;AS Beauvais;2-0;3400;M. Allart Thierry;Championnat de France,D2;/matchs/1997-1998/sochaux-beauvais-division-2-18-04-1998/;affluence 3400 (feuille) ≠ 2000 (musée);;FM_199798.docx
1997-1998;officiel;ok;1998-04-24;FC Mulhouse;FC Sochaux;2-2;6216;M. Ledentu Damien;Championnat de France,D2;/matchs/1997-1998/mulhouse-sochaux-division-2-24-04-1998/;;;FM_199798.docx
1997-1998;officiel;ok;1998-04-29;FC Sochaux;AS Saint-Etienne;4-0;6500;M. Layec Bertrand;Championnat de France,D2;/matchs/1997-1998/sochaux-saint-etienne-division-2-29-04-1998/;;;FM_199798.docx
1997-1998;officiel;ok;1998-05-05;OGC Nice;FC Sochaux;2-1;4397;M. Kalt Philippe;Championnat de France,D2;/matchs/1997-1998/nice-sochaux-division-2-05-05-1998/;;;FM_199798.docx
1997-1998;officiel;ok;1998-05-08;FC Martigue;FC Sochaux;1-2;2128;M. Duhamel Laurent;Championnat de France,D2;/matchs/1997-1998/martigues-sochaux-division-2-08-05-1998/;;;FM_199798.docx
1998-1999;amical;ok;1998-08-01;FC Sochaux;Wimbledon FC(Ang.);1-1;;;Tournoi du centenaire de Portsmouth;/matchs/1998-1999/sochaux-wimbledon-fc-amical-01-08-1998/;;;AM_199899.doc
1998-1999;amical;desaccord;1998-08-02;FC Sochaux;Genoa 1896(Ita.);2-1;500;M. Wilkes(Ang.);Tournoi du centenaire de Portsmouth;/matchs/1998-1999/sochaux-genoa-amical-03-08-1998/;"date 1998-08-02 (feuille) ≠ 1998-08-03 (musée) ; affluence 500 (feuille) ≠ 1950 (musée)";;AM_199899.doc
1998-1999;officiel;desaccord;1998-08-08;AS Nancy;FC Sochaux;1-1;9175;M. Colombo Claude;Championnat de France,D1;/matchs/1998-1999/nancy-sochaux-division-1-08-08-1998/;affluence 9175 (feuille) ≠ 11000 (musée);;FM_199899.doc
1998-1999;officiel;desaccord;1998-08-15;AS Monaco;FC Sochaux;4-1;12500;M. Lhermite Patrick;Championnat de France,D1;/matchs/1998-1999/monaco-sochaux-division-1-15-08-1998/;affluence 12500 (feuille) ≠ 11000 (musée);;FM_199899.doc
1998-1999;officiel;ok;1998-08-23;FC Sochaux;RC Lens;0-4;7101;M. Veissière Gilles;Championnat de France,D1;/matchs/1998-1999/sochaux-lens-championnat-23-08-1998/;;;FM_199899.doc
1998-1999;officiel;ok;1998-08-29;FC Nantes;FC Sochaux;2-0;18560;M. Duhamel Laurent;Championnat de France,D1;/matchs/1998-1999/nantes-sochaux-championnat-29-08-1998/;;;FM_199899.doc
1998-1999;officiel;desaccord;1998-09-11;FC Sochaux;Ol. Lyon;1-2;6500;M. Kalt Philippe;Championnat de France,D1;/matchs/1998-1999/sochaux-lyon-championnat-12-09-1998/;date 1998-09-11 (feuille) ≠ 1998-09-12 (musée);;FM_199899.doc
1998-1999;officiel;ok;1998-09-19;AJ Auxerre;FC Sochaux;3-1;6000;M. Layec Bertrand;Championnat de France,D1;/matchs/1998-1999/auxerre-sochaux-championnat-19-09-1998/;;;FM_199899.doc
1998-1999;officiel;ok;1998-09-25;FC Sochaux;Paris SG;1-0;9000;M. Coué Bruno;Championnat de France,D1;/matchs/1998-1999/sochaux-paris-sg-division-1-25-09-1998/;;;FM_199899.doc
1998-1999;officiel;ok;1998-10-03;Le Havre AC;FC Sochaux;3-0;8933;M. Derrien Bruno;Championnat de France,D1;/matchs/1998-1999/le-havre-sochaux-division-1-03-10-1998/;;;FM_199899.doc
1998-1999;officiel;ok;1998-10-17;FC Sochaux;FC Metz;1-1;6500;M. Glochon Franck;Championnat de France,D1;/matchs/1998-1999/sochaux-metz-division-1-17-10-1998/;;;FM_199899.doc
1998-1999;officiel;ok;1998-10-24;Ol. Marseille;FC Sochaux;4-0;49364;M. Chéron Gilles;Championnat de France,D1;/matchs/1998-1999/marseille-sochaux-division-1-24-10-1998/;;;FM_199899.doc
1998-1999;officiel;ok;1998-10-31;FC Sochaux;Montpellier HSC;4-0;8500;M. Ruffray Bruno;Championnat de France,D1;/matchs/1998-1999/sochaux-montpellier-division-1-31-10-1998/;;;FM_199899.doc
1998-1999;officiel;ok;1998-11-07;Stade Rennes FC;FC Sochaux;4-0;13411;M. Kalt Philippe;Championnat de France,D1;/matchs/1998-1999/rennes-sochaux-division-1-07-11-1998/;;;FM_199899.doc
1998-1999;officiel;ok;1998-11-11;FC Sochaux;SC Bastia;2-1;7591;M. Colombo Claude;Championnat de France,D1;/matchs/1998-1999/sochaux-bastia-division-1-11-11-1998/;;;FM_199899.doc
1998-1999;officiel;ok;1998-11-14;Girondins Bordeaux FC;FC Sochaux;0-0;18000;M. Poulat Eric;Championnat de France,D1;/matchs/1998-1999/bordeaux-sochaux-division-1-14-11-1998/;;;FM_199899.doc
1998-1999;officiel;ok;1998-11-20;FC Sochaux;RC Strasbourg;1-1;8500;M. Garibian Pascal;Championnat de France,D1;/matchs/1998-1999/sochaux-strasbourg-division-1-20-11-1998/;;;FM_199899.doc
1998-1999;officiel;desaccord;1998-11-28;Toulouse FC;FC Sochaux;1-1;10638;M. Glochon Franck;Championnat de France,D1;/matchs/1998-1999/toulouse-sochaux-division-1-28-11-1998/;affluence 10638 (feuille) ≠ 5000 (musée);;FM_199899.doc
1998-1999;officiel;a_creer;1998-12-04;FC Sochaux;FC Lorient;0-1;6487;M. Anton Patrick;Championnat de France,D1;;;;FM_199899.doc
1998-1999;officiel;ok;1998-12-16;RC Lens;FC Sochaux;1-1;30641;M. Ledentu Damien;Championnat de France,D1;/matchs/1998-1999/lens-sochaux-division-1-16-12-1998/;;;FM_199899.doc
1998-1999;officiel;ok;1998-12-19;FC Sochaux;FC Nantes;1-1;7500;M. Layec Bertrand;Championnat de France,D1;/matchs/1998-1999/sochaux-nantes-division-1-19-12-1998/;;;FM_199899.doc
1998-1999;officiel;ok;1999-01-09;FC Sochaux;SC Bastia(D1);1-0;6000;M. Harrel Rémy;Coupe de la Ligue;/matchs/1998-1999/sochaux-bastia-coupe-de-la-ligue-09-01-1999/;;;FM_199899.doc
1998-1999;officiel;ok;1999-01-23;FC Sochaux;AS Beauvais(D2);3-1;4000;M. Sars Alain;Coupe de France;/matchs/1998-1999/sochaux-beauvais-coupe-de-france-23-01-1999/;;;FM_199899.doc
1998-1999;officiel;ok;1999-01-30;FC Sochaux;AJ Auxerre;1-1;6000;M. Lhermite Patrick;Championnat de France,D1;/matchs/1998-1999/sochaux-auxerre-division-1-30-01-1999/;;;FM_199899.doc
1998-1999;officiel;ok;1999-02-02;FC Sochaux;AS Nancy(D1);2-1;2500;Veissière Gilles;Coupe de la Ligue;/matchs/1998-1999/sochaux-nancy-coupe-de-la-ligue-02-02-1999/;;;FM_199899.doc
1998-1999;officiel;ok;1999-02-06;Paris SG;FC Sochaux;2-1;36473;M. Colombo Claude;Championnat de France,D1;/matchs/1998-1999/paris-sg-sochaux-division-1-06-02-1999/;;;FM_199899.doc
1998-1999;officiel;desaccord;1999-02-19;US Saint-Georges les Ancizes(CFA2);FC Sochaux;1-0;7000;M. Puyalt Jean-Claude;Coupe de France;/matchs/1998-1999/saint-georges-les-ancizes-sochaux-coupe-de-france-19-02-1999/;affluence 7000 (feuille) ≠ 6000 (musée);;FM_199899.doc
1998-1999;officiel;ok;1999-02-26;FC Metz;FC Sochaux;1-1;15663;M. Coué Bruno;Championnat de France,D1;/matchs/1998-1999/metz-sochaux-division-1-26-02-1999/;;;FM_199899.doc
1998-1999;officiel;desaccord;1999-03-05;AJ Auxerre(D1);FC Sochaux;0-1;10000;M. Batta Marc;Coupe de la Ligue;/matchs/1998-1999/auxerre-sochaux-coupe-de-la-ligue-05-03-1999/;affluence 10000 (feuille) ≠ 12000 (musée);;FM_199899.doc
1998-1999;officiel;desaccord;1999-03-09;FC Sochaux;Ol. Marseille;0-0;8889;M. Poulat Eric;Championnat de France,D1;/matchs/1998-1999/sochaux-marseille-division-1-10-03-1999/;date 1999-03-09 (feuille) ≠ 1999-03-10 (musée);;FM_199899.doc
1998-1999;officiel;desaccord;1999-03-14;FC Sochaux;AS Monaco;1-1;10850;M. Ledentu Damien;Championnat de France,D1;/matchs/1998-1999/sochaux-monaco-division-1-14-03-1999/;affluence 10850 (feuille) ≠ 9000 (musée);;FM_199899.doc
1998-1999;officiel;ok;1999-03-20;Montpellier HSC;FC Sochaux;0-0;11312;M. Bré Stéphane;Championnat de France,D1;/matchs/1998-1999/montpellier-sochaux-division-1-20-03-1999/;;;FM_199899.doc
1998-1999;officiel;ok;1999-04-02;FC Sochaux;Stade Rennes FC;0-3;8500;M. Sars Alain;Championnat de France,D1;/matchs/1998-1999/sochaux-rennes-division-1-02-04-1999/;;;FM_199899.doc
1998-1999;officiel;ok;1999-04-08;Ol. Lyon;FC Sochaux;4-1;26728;M. Ruffray Bruno;Championnat de France,D1;/matchs/1998-1999/lyon-sochaux-division-1-08-04-1999/;;;FM_199899.doc
1998-1999;officiel;desaccord;1999-04-13;SC Bastia;FC Sochaux;1-1;3000;M. Glochon Franck;Championnat de France,D1;/matchs/1998-1999/bastia-sochaux-division-1-13-04-1999/;affluence 3000 (feuille) ≠ 2000 (musée);;FM_199899.doc
1998-1999;officiel;ok;1999-04-17;RC Lens(D1);FC Sochaux;2-0;35836;Bré Stéphane;Coupe de la Ligue;/matchs/1998-1999/lens-sochaux-coupe-de-la-ligue-17-04-1999/;;;FM_199899.doc
1998-1999;officiel;ok;1999-04-24;FC Sochaux;Girondins Bordeaux FC;2-0;8900;M. Veissière Gilles;Championnat de France,D1;/matchs/1998-1999/sochaux-bordeaux-division-1-24-04-1999/;;;FM_199899.doc
1998-1999;officiel;ok;1999-05-01;RC Strasbourg;FC Sochaux;1-1;17785;M. Harrel Rémy;Championnat de France,D1;/matchs/1998-1999/strasbourg-sochaux-division-1-01-05-1999/;;;FM_199899.doc
1998-1999;officiel;ok;1999-05-05;FC Sochaux;Toulouse FC;2-1;7000;M. Puyalt Jean-Claude;Championnat de France,D1;/matchs/1998-1999/sochaux-toulouse-division-1-05-05-1999/;;;FM_199899.doc
1998-1999;officiel;ok;1999-05-14;FC Sochaux;Le Havre AC;1-0;8000;M. Ledentu Damien;Championnat de France,D1;/matchs/1998-1999/sochaux-le-havre-division-1-14-05-1999/;;;FM_199899.doc
1998-1999;officiel;desaccord;1999-05-22;FC Lorient;FC Sochaux;4-1;11000;M. Sars Alain;Championnat de France,D1;/matchs/1998-1999/lorient-sochaux-division-1-22-05-1999/;affluence 11000 (feuille) ≠ 12500 (musée);;FM_199899.doc
1998-1999;officiel;ok;1999-05-29;FC Sochaux;AS Nancy;1-1;7000;M. Layec Bertrand;Championnat de France,D1;/matchs/1998-1999/sochaux-nancy-division-1-29-05-1999/;;;FM_199899.doc
1999-2000;amical;desaccord;1999-07-10;FC Sochaux;Lech Poznan(Pol.);2-0;;;10/07/1999 à Bethoncourt;/matchs/1999-2000/sochaux-lech-poznan-amical-11-07-1999/;date 1999-07-10 (feuille) ≠ 1999-07-11 (musée);;AM_199900.doc
1999-2000;amical;desaccord;1999-07-18;FC Sochaux;FC Mulhouse;5-0;;;Amical;/matchs/1999-2000/sochaux-mulhouse-amical-17-07-1999/;date 1999-07-18 (feuille) ≠ 1999-07-17 (musée);;AM_199900.doc
1999-2000;officiel;ok;1999-07-31;Nîmes Ol.;FC Sochaux;2-1;5500;M. Chéron Gilles;Championnat de France,D2;/matchs/1999-2000/nimes-sochaux-division-2-31-07-1999/;;;FM_199900.doc
1999-2000;officiel;ok;1999-08-07;FC Sochaux;OGC Nice;2-1;8000;M. Ledentu Damien;Championnat de France,D2;/matchs/1999-2000/sochaux-nice-division-2-07-08-1999/;;;FM_199900.doc
1999-2000;officiel;desaccord;1999-08-13;AC Ajaccio;FC Sochaux;0-2;3500;M. Derrien Bruno;Championnat de France,D2;/matchs/1999-2000/ac-ajaccio-sochaux-division-2-13-08-1999/;affluence 3500 (feuille) ≠ 1688 (musée);;FM_199900.doc
1999-2000;officiel;ok;1999-08-17;FC Sochaux;LB Châteauroux;1-2;8000;M. Brizou Yves;Championnat de France,D2;/matchs/1999-2000/sochaux-chateauroux-division-2-17-08-1999/;;;FM_199900.doc
1999-2000;officiel;desaccord;1999-08-20;CS Louhans-Cuiseaux;FC Sochaux;2-2;3274;M. Coué Bruno;Championnat de France,D2;/matchs/1999-2000/louhans-cuiseaux-sochaux-division-2-21-08-1999/;date 1999-08-20 (feuille) ≠ 1999-08-21 (musée);;FM_199900.doc
1999-2000;officiel;ok;1999-08-28;FC Sochaux;Toulouse FC;0-2;7500;M. Legrain Jacky;Championnat de France,D2;/matchs/1999-2000/sochaux-toulouse-division-2-28-08-1999/;;;FM_199900.doc
1999-2000;officiel;ok;1999-09-03;ES Wasquehal;FC Sochaux;0-0;1777;M. Veissière Gilles;Championnat de France,D2;/matchs/1999-2000/wasquehal-sochaux-division-2-03-09-1999/;;;FM_199900.doc
1999-2000;officiel;ok;1999-09-07;FC Sochaux;Chamois Niort FC;1-0;7500;M. Khendek Améziane;Championnat de France,D2;/matchs/1999-2000/sochaux-niort-division-2-07-09-1999/;;;FM_199900.doc
1999-2000;officiel;ok;1999-09-11;Le Mans UC;FC Sochaux;2-1;5477;M. Fraise Dominique;Championnat de France,D2;/matchs/1999-2000/le-mans-sochaux-division-2-11-09-1999/;;;FM_199900.doc
1999-2000;officiel;ok;1999-09-18;FC Sochaux;SM Caen;1-2;6500;M. Bré Stéphane;Championnat de France,D2;/matchs/1999-2000/sochaux-caen-division-2-18-09-1999/;;;FM_199900.doc
1999-2000;officiel;ok;1999-09-25;AS Cannes;FC Sochaux;1-3;3026;M. Ruffray Bruno;Championnat de France,D2;/matchs/1999-2000/cannes-sochaux-division-2-25-09-1999/;;;FM_199900.doc
1999-2000;officiel;ok;1999-10-01;FC Sochaux;ASOA Valence;2-0;6000;M. Fautrel Fredy;Championnat de France,D2;/matchs/1999-2000/sochaux-valence-division-2-01-10-1999/;;;FM_199900.doc
1999-2000;officiel;ok;1999-10-07;FC Lorient;FC Sochaux;0-0;6460;M. Auriac Thierry;Championnat de France,D2;/matchs/1999-2000/lorient-sochaux-division-2-07-10-1999/;;;FM_199900.doc
1999-2000;officiel;desaccord;1999-10-16;FC Sochaux;FC Gueugnon;0-1;6500;M. Hamer Alain(Lux.);Championnat de France,D2;/matchs/1999-2000/sochaux-gueugnon-division-2-16-10-1999/;affluence 6500 (feuille) ≠ 7287 (musée);;FM_199900.doc
1999-2000;officiel;ok;1999-10-23;US Créteil;FC Sochaux;0-0;2500;M. Viléo Pascal;Championnat de France,D2;/matchs/1999-2000/creteil-sochaux-division-2-23-10-1999/;;;FM_199900.doc
1999-2000;officiel;ok;1999-10-30;Lille OSC;FC Sochaux;0-1;13553;M. Sars Alain;Championnat de France,D2;/matchs/1999-2000/lille-sochaux-division-2-30-10-1999/;;;FM_199900.doc
1999-2000;officiel;ok;1999-11-06;FC Sochaux;Amiens SCF;3-2;6000;M. Launay Joël;Championnat de France,D2;/matchs/1999-2000/sochaux-amiens-division-2-06-11-1999/;;;FM_199900.doc
1999-2000;officiel;ok;1999-11-09;EA Guingamp;FC Sochaux;1-2;8000;M. Poulat Eric;Championnat de France,D2;/matchs/1999-2000/guingamp-sochaux-division-2-09-11-1999/;;;FM_199900.doc
1999-2000;officiel;ok;1999-11-12;FC Sochaux;Stade Laval;0-2;7000;M. Colombo Claude;Championnat de France,D2;/matchs/1999-2000/sochaux-laval-division-2-12-11-1999/;;;FM_199900.doc
1999-2000;officiel;ok;1999-11-16;FC Sochaux;AC Ajaccio(D2);3-0;3000;M. Fautrel Fredy;Coupe de la Ligue;/matchs/1999-2000/sochaux-ac-ajaccio-coupe-de-la-ligue-16-11-1999/;;;FM_199900.doc
1999-2000;officiel;ok;1999-11-20;OGC Nice;FC Sochaux;2-1;4410;M. Lhermite Patrick;Championnat de France,D2;/matchs/1999-2000/nice-sochaux-division-2-20-11-1999/;;;FM_199900.doc
1999-2000;officiel;ok;1999-11-27;FC Sarrebourg(CFA2);FC Sochaux;0-2;1500;M. Rodolphe Jean-Marc;Coupe de France;/matchs/1999-2000/sarrebourg-sochaux-coupe-de-france-27-11-1999/;;;FM_199900.doc
1999-2000;officiel;ok;1999-12-04;FC Sochaux;Ajaccio AC;1-2;3500;M. Champet Régis;Championnat de France,D2;/matchs/1999-2000/sochaux-ac-ajaccio-division-2-04-12-1999/;;;FM_199900.doc
1999-2000;officiel;ok;1999-12-11;LB Châteauroux;FC Sochaux;1-1;6000;M. Bayet Hervé;Championnat de France,D2;/matchs/1999-2000/chateauroux-sochaux-division-2-11-12-1999/;;;FM_199900.doc
1999-2000;officiel;desaccord;1999-12-19;Le Mée(DH);FC Sochaux;2-4;3000;M. Launay Joël;Coupe de France;/matchs/1999-2000/le-mee-sochaux-coupe-de-france-18-12-1999/;"date 1999-12-19 (feuille) ≠ 1999-12-18 (musée) ; affluence 3000 (feuille) ≠ 1462 (musée)";;FM_199900.doc
1999-2000;officiel;desaccord;2000-01-08;FC Sochaux;Stade Rennes FC(D1);2-0;6669;M. Fraise Dominique;Coupe de la Ligue;/matchs/1999-2000/sochaux-rennes-coupe-de-la-ligue-08-01-2000/;affluence 6669 (feuille) ≠ 5000 (musée);;FM_199900.doc
1999-2000;officiel;ok;2000-01-15;FC Sochaux;CS Louhans-Cuiseaux;1-1;4500;M. Auriac Thierry;Championnat de France,D2;/matchs/1999-2000/sochaux-louhans-cuiseaux-division-2-15-01-2000/;;;FM_199900.doc
1999-2000;officiel;ok;2000-01-22;FC Sochaux;Le Havre AC(D1);2-2;4000;M. Colombo Claude;Coupe de France;/matchs/1999-2000/sochaux-le-havre-coupe-de-france-22-01-2000/;;;FM_199900.doc
1999-2000;officiel;ok;2000-01-26;Toulouse FC;FC Sochaux;3-0;10117;M. Garibian Pascal;Championnat de France,D2;/matchs/1999-2000/toulouse-sochaux-division-2-26-01-2000/;;;FM_199900.doc
1999-2000;officiel;ok;2000-02-02;FC Sochaux;ES Wasquehal;2-1;3000;M. Brocas Eric;Championnat de France,D2;/matchs/1999-2000/sochaux-wasquehal-division-2-02-02-2000/;;;FM_199900.doc
1999-2000;officiel;ok;2000-02-05;Chamois Niort FC;FC Sochaux;2-1;2800;Bonnin Jean-Marie;Championnat de France,D2;/matchs/1999-2000/niort-sochaux-division-2-05-02-2000/;;;FM_199900.doc
1999-2000;officiel;ok;2000-02-10;AS Nancy(D1);FC Sochaux;2-1;6203;M. Coué Bruno;Coupe de la Ligue;/matchs/1999-2000/nancy-sochaux-coupe-de-la-ligue-10-02-2000/;;;FM_199900.doc
1999-2000;officiel;ok;2000-02-16;FC Sochaux;Le Mans UC;3-1;3000;M. Layec Bertrand;Championnat de France,D2;/matchs/1999-2000/sochaux-le-mans-division-2-16-02-2000/;;;FM_199900.doc
1999-2000;officiel;ok;2000-02-24;SM Caen;FC Sochaux;1-2;14000;M. Auriac Thierry;Championnat de France,D2;/matchs/1999-2000/caen-sochaux-division-2-24-02-2000/;;;FM_199900.doc
1999-2000;officiel;ok;2000-03-11;FC Sochaux;AS Cannes;1-0;5000;M. Lalu Alain;Championnat de France,D2;/matchs/1999-2000/sochaux-cannes-division-2-11-03-2000/;;;FM_199900.doc
1999-2000;officiel;ok;2000-03-24;ASOA Valence;FC Sochaux;2-1;2852;M. Feuillade Daniel;Championnat de France,D2;/matchs/1999-2000/valence-sochaux-division-2-24-03-2000/;;;FM_199900.doc
1999-2000;officiel;ok;2000-03-31;FC Sochaux;FC Lorient;1-1;4000;M. Viléo Pascal;Championnat de France,D2;/matchs/1999-2000/sochaux-lorient-division-2-31-03-2000/;;;FM_199900.doc
1999-2000;officiel;ok;2000-04-08;FC Gueugnon;FC Sochaux;1-2;5017;M. Ledentu Damien;Championnat de France,D2;/matchs/1999-2000/gueugnon-sochaux-division-2-08-04-2000/;;;FM_199900.doc
1999-2000;officiel;ok;2000-04-15;FC Sochaux;US Créteil;5-1;4500;M. Desessart Thierry;Championnat de France,D2;/matchs/1999-2000/sochaux-creteil-division-2-15-04-2000/;;;FM_199900.doc
1999-2000;officiel;ok;2000-04-21;FC Sochaux;Lille OSC;2-0;11076;M. Glochon Franck;Championnat de France,D2;/matchs/1999-2000/sochaux-lille-division-2-21-04-2000/;;;FM_199900.doc
1999-2000;officiel;ok;2000-04-27;Amiens SCF;FC Sochaux;0-2;7090;M. Brocas Eric;Championnat de France,D2;/matchs/1999-2000/amiens-sochaux-division-2-27-04-2000/;;;FM_199900.doc
1999-2000;officiel;desaccord;2000-05-05;FC Sochaux;EA Guingamp;1-1;11370;M. Ruffray Bruno;Championnat de France,D2;/matchs/1999-2000/sochaux-guingamp-division-2-05-05-2000/;affluence 11370 (feuille) ≠ 13370 (musée);;FM_199900.doc
1999-2000;officiel;ok;2000-05-12;Stade Laval;FC Sochaux;1-2;4540;M. Piccirillo Hervé;Championnat de France,D2;/matchs/1999-2000/laval-sochaux-division-2-12-05-2000/;;;FM_199900.doc
1999-2000;officiel;ok;2000-05-20;FC Sochaux;Nîmes Ol.;2-0;9124;M. Bré Stéphane;Championnat de France,D2;/matchs/1999-2000/sochaux-nimes-division-2-20-05-2000/;;;FM_199900.doc
1999-2000;amical;ok;2000-06-30;FC Sochaux;FC Zürich(Sui.);2-1;250;M. Reinhold;Amical;/matchs/2000-2001/sochaux-fc-zurich-amical-30-06-2000/;;;AM_200001.doc
2000-2001;amical;ok;2000-07-05;Port-sur-Saône(DH);FC Sochaux;0-9;847;M. Pretot;Amical;/matchs/2000-2001/selection-de-franche-comte-sochaux-amical-05-07-2000/;;;AM_200001.doc
2000-2001;amical;ok;2000-07-09;RC Strasbourg(D1);FC Sochaux;0-2;2500;M. Kalt Philippe;Amical;/matchs/2000-2001/strasbourg-sochaux-amical-09-07-2000/;;;AM_200001.doc
2000-2001;amical;ok;2000-07-12;FC Sochaux;SR Delémont(Sui.);1-0;500;M. Goulut;Amical;/matchs/2000-2001/sochaux-delemont-amical-12-07-2000/;;;AM_200001.doc
2000-2001;amical;desaccord;2000-07-14;FC Sochaux;Dinamo Zagreb(Cro.);0-3;3000;;Amical;/matchs/2000-2001/sochaux-dinamo-zagreb-amical-14-07-2000/;affluence 3000 (feuille) ≠ 2000 (musée);;AM_200001.doc
2000-2001;amical;ok;2000-07-21;FC Sochaux;ES Sahel(Tun.);1-1;;;Amical;/matchs/2000-2001/sochaux-etoile-du-sahel-de-sousse-amical-21-07-2000/;;;AM_200001.doc
2000-2001;officiel;ok;2000-07-29;Nîmes Ol.;FC Sochaux;3-3;4704;M. Lhermite Patrick;Championnat de France,D2;/matchs/2000-2001/nimes-sochaux-division-2-29-07-2000/;;;FM_200001.doc
2000-2001;officiel;ok;2000-08-05;FC Sochaux;LB Châteauroux;5-0;9004;M. Khendek Ameziane;Championnat de France,D2;/matchs/2000-2001/sochaux-chateauroux-division-2-05-08-2000/;;;FM_200001.doc
2000-2001;officiel;ok;2000-08-12;SM Caen;FC Sochaux;1-3;9901;M. Ledentu Damien;Championnat de France,D2;/matchs/2000-2001/caen-sochaux-division-2-12-08-2000/;;;FM_200001.doc
2000-2001;officiel;ok;2000-08-19;FC Sochaux;AC Ajaccio;2-0;12695;M. Layec Bertrand;Championnat de France,D2;/matchs/2000-2001/sochaux-ac-ajaccio-division-2-19-08-2000/;;;FM_200001.doc
2000-2001;officiel;ok;2000-08-26;Chamois Niort FC;FC Sochaux;1-0;4000;M. Bonnichon Michel;Championnat de France,D2;/matchs/2000-2001/niort-sochaux-division-2-26-08-2000/;;;FM_200001.doc
2000-2001;officiel;ok;2000-08-29;FC Sochaux;Le Mans UC;2-0;12300;M. Fautrel Fredy;Championnat de France,D2;/matchs/2000-2001/sochaux-le-mans-division-2-29-08-2000/;;;FM_200001.doc
2000-2001;officiel;ok;2000-09-01;FC Martigues;FC Sochaux;2-0;2000;M. Champet Régis;Championnat de France,D2;/matchs/2000-2001/martigues-sochaux-division-2-01-09-2000/;;;FM_200001.doc
2000-2001;officiel;ok;2000-09-06;FC Sochaux;AS Cannes;1-0;9438;M. Viléo Pascal;Championnat de France,D2;/matchs/2000-2001/sochaux-cannes-division-2-06-09-2000/;;;FM_200001.doc
2000-2001;officiel;ok;2000-09-09;SCO Angers;FC Sochaux;2-0;4816;M. Rodolphe Jean-Marc;Championnat de France,D2;/matchs/2000-2001/angers-sochaux-division-2-09-09-2000/;;;FM_200001.doc
2000-2001;officiel;ok;2000-09-16;Montpellier HSC;FC Sochaux;0-2;11447;M. Ruffray Bruno;Championnat de France,D2;/matchs/2000-2001/montpellier-sochaux-division-2-16-09-2000/;;;FM_200001.doc
2000-2001;officiel;ok;2000-09-23;FC Sochaux;Le Havre AC;3-0;15780;M. Ledentu Damien;Championnat de France,D2;/matchs/2000-2001/sochaux-le-havre-division-2-23-09-2000/;;;FM_200001.doc
2000-2001;officiel;ok;2000-09-30;FC Lorient;FC Sochaux;1-1;6492;M. Bonnichon Michel;Championnat de France,D2;/matchs/2000-2001/lorient-sochaux-division-2-30-09-2000/;;;FM_200001.doc
2000-2001;officiel;ok;2000-10-06;FC Sochaux;ES Wasquehal;1-1;10289;M. Broca Eric;Championnat de France,D2;/matchs/2000-2001/sochaux-wasquehal-division-2-06-10-2000/;;;FM_200001.doc
2000-2001;officiel;ok;2000-10-10;AS Nancy;FC Sochaux;1-2;5175;M. Chéron Gilles;Championnat de France,D2;/matchs/2000-2001/nancy-sochaux-division-2-10-10-2000/;;;FM_200001.doc
2000-2001;officiel;ok;2000-10-14;FC Sochaux;FC Gueugnon;3-0;10929;M. Brizou Yves;Championnat de France,D2;/matchs/2000-2001/sochaux-gueugnon-division-2-14-10-2000/;;;FM_200001.doc
2000-2001;officiel;ok;2000-10-20;Stade Laval;FC Sochaux;0-0;9007;M. Glochon Franck;Championnat de France,D2;/matchs/2000-2001/laval-sochaux-division-2-20-10-2000/;;;FM_200001.doc
2000-2001;officiel;ok;2000-10-28;FC Sochaux;US Créteil;3-0;12093;M. Malige Philippe;Championnat de France,D2;/matchs/2000-2001/sochaux-creteil-division-2-28-10-2000/;;;FM_200001.doc
2000-2001;officiel;ok;2000-11-01;AS Nancy(D2);FC Sochaux;1-0;5548;M. Coué Bruno;Coupe de la Ligue;/matchs/2000-2001/nancy-sochaux-coupe-de-la-ligue-01-11-2000/;;;FM_200001.doc
2000-2001;officiel;ok;2000-11-04;OGC Nice;FC Sochaux;2-2;3165;M. Kalt Philippe;Championnat de France,D2;/matchs/2000-2001/nice-sochaux-division-2-04-11-2000/;;;FM_200001.doc
2000-2001;officiel;ok;2000-11-11;FC Sochaux;AS Beauvais;2-0;11716;M. Lhermite Patrick;Championnat de France,D2;/matchs/2000-2001/sochaux-beauvais-division-2-11-11-2000/;;;FM_200001.doc
2000-2001;officiel;ok;2000-11-17;LB Châteauroux;FC Sochaux;1-1;7207;M. Chéron Gilles;Championnat de France,D2;/matchs/2000-2001/chateauroux-sochaux-division-2-17-11-2000/;;;FM_200001.doc
2000-2001;officiel;desaccord;2000-11-25;US Pont-de-Roide(DH);FC Sochaux;2-3;2200;M. Castro Alexandre;Coupe de France;/matchs/2000-2001/pont-de-roide-sochaux-coupe-de-france-25-11-2000/;affluence 2200 (feuille) ≠ 2800 (musée);;FM_200001.doc
2000-2001;officiel;ok;2000-11-29;FC Sochaux;SM Caen;3-0;9591;M. Bonnin Jean-Marc;Championnat de France,D2;/matchs/2000-2001/sochaux-caen-division-2-29-11-2000/;;;FM_200001.doc
2000-2001;officiel;ok;2000-12-02;AC Ajaccio;FC Sochaux;0-0;1200;M. Bonnichon Michel;Championnat de France,D2;/matchs/2000-2001/ac-ajaccio-sochaux-division-2-02-12-2000/;;;FM_200001.doc
2000-2001;officiel;ok;2000-12-08;FC Sochaux;Chamois Niort FC;3-0;11427;M. Poulat Eric;Championnat de France,D2;/matchs/2000-2001/sochaux-niort-division-2-08-12-2000/;;;FM_200001.doc
2000-2001;officiel;ok;2000-12-16;Cluses-Scionzier(DH);FC Sochaux;0-4;1500;M. Champet Régis;Coupe de France;/matchs/2000-2001/cluses-scionzier-sochaux-coupe-de-france-16-12-2000/;;;FM_200001.doc
2000-2001;officiel;desaccord;2000-12-20;Le Mans UC;FC Sochaux;0-0;5000;M. Layec Bertrand;Championnat de France,D2;/matchs/2000-2001/le-mans-sochaux-division-2-20-12-2000/;affluence 5000 (feuille) ≠ 5943 (musée);;FM_200001.doc
2000-2001;amical;ok;2001-01-03;AS Monaco(D1);FC Sochaux;2-1;1000;M. Djouzi;Amical;/matchs/2000-2001/monaco-sochaux-amical-03-01-2001/;;;AM_200001.doc
2000-2001;amical;ok;2001-01-06;Draguignan(CFA);FC Sochaux;0-5;;;Amical;/matchs/2000-2001/draguignan-sochaux-amical-06-01-2001/;;;AM_200001.doc
2000-2001;officiel;ok;2001-01-13;FC Sochaux;FC Martigues;1-0;9883;M. Rodolphe Jean-Marc;Championnat de France,D2;/matchs/2000-2001/sochaux-martigues-division-2-13-01-2001/;;;FM_200001.doc
2000-2001;officiel;ok;2001-01-20;Clermont Foot(N);FC Sochaux;2-2;9200;M. Feuillade Daniel;Coupe de France;/matchs/2000-2001/clermont-foot-sochaux-coupe-de-france-20-01-2001/;;;FM_200001.doc
2000-2001;officiel;desaccord;2001-01-27;AS Cannes;FC Sochaux;2-2;3000;M. Chéron Gilles;Championnat de France,D2;/matchs/2000-2001/cannes-sochaux-division-2-26-01-2001/;"date 2001-01-27 (feuille) ≠ 2001-01-26 (musée) ; affluence 3000 (feuille) ≠ 2244 (musée)";;FM_200001.doc
2000-2001;officiel;ok;2001-02-03;FC Sochaux;SCO Angers;2-0;9085;M. Champet Régis;Championnat de France,D2;/matchs/2000-2001/sochaux-angers-division-2-03-02-2001/;;;FM_200001.doc
2000-2001;officiel;ok;2001-02-08;FC Sochaux;Montpellier HSC;1-0;17414;M. Piccirillo Hervé;Championnat de France,D2;/matchs/2000-2001/sochaux-montpellier-division-2-08-02-2001/;;;FM_200001.doc
2000-2001;officiel;ok;2001-02-16;Le Havre AC;FC Sochaux;2-3;10817;M. Garibian Pascal;Championnat de France,D2;/matchs/2000-2001/le-havre-sochaux-division-2-16-02-2001/;;;FM_200001.doc
2000-2001;officiel;ok;2001-03-02;FC Sochaux;FC Lorient;0-1;13540;M. Colombo Claude;Championnat de France,D2;/matchs/2000-2001/sochaux-lorient-division-2-02-03-2001/;;;FM_200001.doc
2000-2001;amical;ok;2001-03-08;AS Saint-Etienne(D1);FC Sochaux;1-1;1000;M. Champet R.;Amical;/matchs/2000-2001/saint-etienne-sochaux-amical-08-03-2001/;;;AM_200001.doc
2000-2001;officiel;ok;2001-03-16;ES Wasquehal;FC Sochaux;1-1;1980;M. Glochon Franck;Championnat de France,D2;/matchs/2000-2001/wasquehal-sochaux-division-2-16-03-2001/;;;FM_200001.doc
2000-2001;officiel;ok;2001-03-21;FC Sochaux;AS Nancy;1-1;11884;M. Malige Philippe;Championnat de France,D2;/matchs/2000-2001/sochaux-nancy-division-2-21-03-2001/;;;FM_200001.doc
2000-2001;officiel;ok;2001-03-27;FC Gueugnon;FC Sochaux;1-1;3970;M. Sars Alain;Championnat de France,D2;/matchs/2000-2001/gueugnon-sochaux-division-2-27-03-2001/;;;FM_200001.doc
2000-2001;officiel;ok;2001-04-08;FC Sochaux;Stade Laval;2-0;14557;M. Hamer Alain;Championnat de France,D2;/matchs/2000-2001/sochaux-laval-division-2-08-04-2001/;;;FM_200001.doc
2000-2001;officiel;ok;2001-04-14;US Créteil;FC Sochaux;1-0;3000;M. Medam Claude;Championnat de France,D2;/matchs/2000-2001/creteil-sochaux-division-2-14-04-2001/;;;FM_200001.doc
2000-2001;amical;ok;2001-04-20;FC Sochaux;Paris SG(D1);3-2;;;Amical;/matchs/2000-2001/sochaux-paris-sg-amical-20-04-2001/;;;AM_200001.doc
2000-2001;officiel;ok;2001-04-28;FC Sochaux;OGC Nice;5-1;14230;M. Fraise Dominique;Championnat de France,D2;/matchs/2000-2001/sochaux-nice-division-2-28-04-2001/;;;FM_200001.doc
2000-2001;amical;ok;2001-05-04;AJ Auxerre(D1);FC Sochaux;1-0;1000;M. Badet;Amical;/matchs/2000-2001/auxerre-sochaux-amical-04-05-2001/;;;AM_200001.doc
2000-2001;officiel;desaccord;2001-05-11;AS Beauvais;FC Sochaux;1-2;5000;M. Ledentu Damien;Championnat de France,D2;/matchs/2000-2001/beauvais-sochaux-division-2-11-05-2001/;affluence 5000 (feuille) ≠ 3758 (musée);;FM_200001.doc
2000-2001;officiel;ok;2001-05-18;FC Sochaux;Nîmes Ol.;4-1;19345;M. Chéron Gilles;Championnat de France,D2;/matchs/2000-2001/sochaux-nimes-division-2-18-05-2001/;;;FM_200001.doc
2000-2001;amical;ok;2001-06-30;FC Dudelange 91(Lux.);FC Sochaux;0-0;100;M. Sommer;Amical;/matchs/2001-2002/fc-dudelange-91-sochaux-amical-30-06-2001/;;;AM_200102.docx
2001-2002;amical;ok;2001-07-03;FC Sochaux;Servette Genève(Sui.);4-1;2000;M. Gannart;Amical;/matchs/2001-2002/sochaux-servette-geneve-amical-03-07-2001/;;;AM_200102.docx
2001-2002;amical;ok;2001-07-07;FC Sochaux;AS Nancy;1-0;1500;M. Vincent;Amical;/matchs/2001-2002/sochaux-nancy-amical-07-07-2001/;;;AM_200102.docx
2001-2002;amical;ok;2001-07-11;FC Sochaux;FC Gueugnon;0-2;1000;;Amical;/matchs/2001-2002/sochaux-gueugnon-amical-11-07-2001/;;;AM_200102.docx
2001-2002;amical;desaccord;2001-07-14;FC Sochaux;CS Sedan;2-1;1000;;Amical;/matchs/2001-2002/sochaux-sedan-amical-14-07-2001/;affluence 1000 (feuille) ≠ 1800 (musée);;AM_200102.docx
2001-2002;amical;desaccord;2001-07-20;FC Sochaux;SC Fribourg(All.);2-3;1000;;Amical;/matchs/2001-2002/sochaux-sc-fribourg-amical-20-07-2001/;affluence 1000 (feuille) ≠ 2000 (musée);;AM_200102.docx
2001-2002;officiel;desaccord;2001-07-28;AS Monaco;FC Sochaux;0-1;7000;M. Glochon Franck;Championnat de France,D1;/matchs/2001-2002/monaco-sochaux-division-1-28-07-2001/;affluence 7000 (feuille) ≠ 9858 (musée);;FM_200102.doc
2001-2002;officiel;ok;2001-08-04;FC Sochaux;Stade de Rennes FC;4-3;15000;M. Bonnin Jean-Marc;Championnat de France,D1;/matchs/2001-2002/sochaux-rennes-division-1-04-08-2001/;;;FM_200102.doc
2001-2002;officiel;ok;2001-08-11;Paris SG;FC Sochaux;1-0;40577;M. Ledentu Damien;Championnat de France,D1;/matchs/2001-2002/paris-sg-sochaux-division-1-11-08-2001/;;;FM_200102.doc
2001-2002;officiel;ok;2001-08-18;FC Sochaux;FC Lorient;2-2;15223;M. Auriac Thierry;Championnat de France,D1;/matchs/2001-2002/sochaux-lorient-division-1-18-08-2001/;;;FM_200102.doc
2001-2002;officiel;ok;2001-08-25;Montpellier HSC;FC Sochaux;0-0;12560;M. Piccirillo Hervé;Championnat de France,D1;/matchs/2001-2002/montpellier-sochaux-division-1-25-08-2001/;;;FM_200102.doc
2001-2002;amical;ok;2001-09-01;FC Sochaux;FC Lucerne(Sui.);2-0;;M. Ugolini;Amical;/matchs/2001-2002/sochaux-lucerne-amical-01-09-2001/;;;AM_200102.docx
2001-2002;officiel;ok;2001-09-09;FC Sochaux;Girondins Bordeaux FC;2-0;18124;M. Coué Bruno;Championnat de France,D1;/matchs/2001-2002/sochaux-bordeaux-division-1-09-09-2001/;;;FM_200102.doc
2001-2002;officiel;ok;2001-09-15;RC Lens;FC Sochaux;3-0;33141;M. Kalt Philippe;Championnat de France,D1;/matchs/2001-2002/lens-sochaux-division-1-15-09-2001/;;;FM_200102.doc
2001-2002;officiel;ok;2001-09-23;FC Sochaux;CS Sedan;3-0;13385;M. Viléo Pascal;Championnat de France,D1;/matchs/2001-2002/sochaux-sedan-division-1-23-09-2001/;;;FM_200102.doc
2001-2002;officiel;desaccord;2001-09-30;Troyes AC;FC Sochaux;2-2;14500;M. Sars Alain;Championnat de France,D1;/matchs/2001-2002/troyes-sochaux-division-1-30-09-2001/;affluence 14500 (feuille) ≠ 13090 (musée);;FM_200102.doc
2001-2002;amical;desaccord;2001-10-05;FC Sochaux;Young Boys Berne(Sui.);0-1;;;Amical;/matchs/2001-2002/young-boys-berne-sochaux-amical-05-10-2001/;lieu inversé (domicile/extérieur);;AM_200102.docx
2001-2002;officiel;ok;2001-10-13;FC Sochaux;SC Bastia;4-1;16090;M. Khendek Ameziane;Championnat de France,D1;/matchs/2001-2002/sochaux-bastia-division-1-13-10-2001/;;;FM_200102.doc
2001-2002;officiel;desaccord;2001-10-20;Ol. Lyon;FC Sochaux;1-1;30000;M. Lhermite Patrick;Championnat de France,D1;/matchs/2001-2002/lyon-sochaux-division-1-20-10-2001/;affluence 30000 (feuille) ≠ 35075 (musée);;FM_200102.doc
2001-2002;officiel;ok;2001-10-27;FC Sochaux;FC Nantes;0-1;19425;M. Duhamel Laurent;Championnat de France,D1;/matchs/2001-2002/sochaux-nantes-division-1-27-10-2001/;;;FM_200102.doc
2001-2002;officiel;ok;2001-11-03;EA Guingamp;FC Sochaux;0-0;8420;M. Garibian Pascal;Championnat de France,D1;/matchs/2001-2002/guingamp-sochaux-division-1-03-11-2001/;;;FM_200102.doc
2001-2002;amical;ok;2001-11-09;FC Sochaux;Fulham FC(Ang.);2-0;3462;M. Kalt Philippe;Amical;/matchs/2001-2002/sochaux-fulham-amical-09-11-2001/;;;AM_200102.docx
2001-2002;officiel;ok;2001-11-17;FC Sochaux;FC Metz;2-0;14693;M. Auriac Thierry;Championnat de France,D1;/matchs/2001-2002/sochaux-metz-division-1-17-11-2001/;;;FM_200102.doc
2001-2002;officiel;ok;2001-11-24;Ol. Marseille;FC Sochaux;4-2;45000;M. Viléo Pascal;Championnat de France,D1;/matchs/2001-2002/marseille-sochaux-division-1-24-11-2001/;;;FM_200102.doc
2001-2002;officiel;ok;2001-11-28;FC Sochaux;AJ Auxerre;1-2;18500;M. Ledentu Damien;Championnat de France,D1;/matchs/2001-2002/sochaux-auxerre-division-1-28-11-2001/;;;FM_200102.doc
2001-2002;officiel;ok;2001-12-01;Ol. Lyon(D1);FC Sochaux;1-1;22270;M. Colombo Claude;Coupe de la Ligue;/matchs/2001-2002/lyon-sochaux-coupe-de-la-ligue-01-12-2001/;;;FM_200102.doc
2001-2002;officiel;desaccord;2001-12-09;Lille OSC;FC Sochaux;1-2;18500;M Derrien Bruno;Championnat de France,D1;/matchs/2001-2002/lille-sochaux-division-1-09-12-2001/;affluence 18500 (feuille) ≠ 16491 (musée);;FM_200102.doc
2001-2002;officiel;ok;2001-12-15;US Boulogne-sur-Mer(N);FC Sochaux;1-5;7131;;Coupe de France;/matchs/2001-2002/boulogne-sur-mer-sochaux-coupe-de-france-15-12-2001/;;;FM_200102.doc
2001-2002;officiel;desaccord;2001-12-19;Stade Rennes FC;FC Sochaux;1-1;15332;M. Duhamel Laurent;Championnat de France,D1;/matchs/2001-2002/rennes-sochaux-division-1-19-12-2001/;affluence 15332 (feuille) ≠ 28020 (musée);;FM_200102.doc
2001-2002;officiel;ok;2001-12-22;FC Sochaux;Paris SG;0-2;19213;M. Kalt Philippe;Championnat de France,D1;/matchs/2001-2002/sochaux-paris-sg-division-1-22-12-2001/;;;FM_200102.doc
2001-2002;officiel;ok;2002-01-05;FC Lorient;FC Sochaux;1-1;9000;M. Sars Alain;Championnat de France,D1;/matchs/2001-2002/lorient-sochaux-division-1-05-01-2002/;;;FM_200102.doc
2001-2002;officiel;ok;2002-01-12;FC Sochaux;Montpellier HSC;0-1;11694;M. Glochon Franck;Championnat de France,D1;/matchs/2001-2002/sochaux-montpellier-division-1-12-01-2002/;;;FM_200102.doc
2001-2002;officiel;desaccord;2002-01-19;SC Bastia(D1);FC Sochaux;2-1;3000;;Coupe de France;/matchs/2001-2002/bastia-sochaux-coupe-de-france-19-01-2002/;affluence 3000 (feuille) ≠ 3670 (musée);;FM_200102.doc
2001-2002;officiel;ok;2002-01-23;Girondins Bordeaux FC;FC Sochaux;0-1;22374;M. Derrien Bruno;Championnat de France,D1;/matchs/2001-2002/bordeaux-sochaux-division-1-23-01-2002/;;;FM_200102.doc
2001-2002;officiel;ok;2002-01-30;FC Sochaux;RC Lens;0-2;16474;M. Veissière Gilles;Championnat de France,D1;/matchs/2001-2002/sochaux-lens-division-1-30-01-2002/;;;FM_200102.doc
2001-2002;officiel;desaccord;2002-02-02;CS Sedan;FC Sochaux;2-1;12000;M. Duhamel Laurent;Championnat de France,D1;/matchs/2001-2002/sedan-sochaux-division-1-02-02-2002/;affluence 12000 (feuille) ≠ 13641 (musée);;FM_200102.doc
2001-2002;officiel;ok;2002-02-06;FC Sochaux;Troyes AC;2-2;12581;;Championnat de France,D1;/matchs/2001-2002/sochaux-troyes-division-1-06-02-2002/;;;FM_200102.doc
2001-2002;officiel;ok;2002-02-16;SC Bastia;FC Sochaux;3-0;5596;M. Lhermite Patrick;Championnat de France,D1;/matchs/2001-2002/bastia-sochaux-division-1-16-02-2002/;;;FM_200102.doc
2001-2002;officiel;ok;2002-02-24;FC Sochaux;Ol. Lyon;2-1;17927;M. Garibian Pascal puis M. Rodolphe Jean-Marc(46e);Championnat de France,D1;/matchs/2001-2002/sochaux-lyon-division-1-24-02-2002/;;;FM_200102.doc
2001-2002;officiel;ok;2002-03-06;FC Nantes;FC Sochaux;0-0;33000;M. Fraise Dominique;Championnat de France,D1;/matchs/2001-2002/nantes-sochaux-division-1-06-03-2002/;;;FM_200102.doc
2001-2002;officiel;ok;2002-03-16;FC Sochaux;EA Guingamp;1-0;14610;M. Bonnin Jean-Marc;Championnat de France,D1;/matchs/2001-2002/sochaux-guingamp-division-1-16-03-2002/;;;FM_200102.doc
2001-2002;officiel;ok;2002-03-23;FC Metz;FC Sochaux;2-0;15679;M. Ledentu Damien;Championnat de France,D1;/matchs/2001-2002/metz-sochaux-division-1-23-03-2002/;;;FM_200102.doc
2001-2002;amical;desaccord;2002-03-29;RC Lens;FC Sochaux;2-2;;M. Badet;Amical;/matchs/2001-2002/sochaux-lens-amical-29-03-2002/;lieu inversé (domicile/extérieur);;AM_200102.docx
2001-2002;officiel;ok;2002-04-06;FC Sochaux;Ol. Marseille;3-0;19907;M. Khendek Ameziane;Championnat de France,D1;/matchs/2001-2002/sochaux-marseille-championnat-06-04-2002/;;;FM_200102.doc
2001-2002;officiel;desaccord;2002-04-13;AJ Auxerre;FC Sochaux;2-0;9000;M. Fraise Dominique;Championnat de France,D1;/matchs/2001-2002/auxerre-sochaux-championnat-13-04-2002/;affluence 9000 (feuille) ≠ 13297 (musée);;FM_200102.doc
2001-2002;officiel;ok;2002-04-27;FC Sochaux;Lille OSC;0-0;17596;;Championnat de France,D1;/matchs/2001-2002/sochaux-lille-championnat-27-04-2002/;;;FM_200102.doc
2001-2002;officiel;ok;2002-05-04;FC Sochaux;AS Monaco;3-0;19482;;Championnat de France,D1;/matchs/2001-2002/sochaux-monaco-championnat-04-05-2002/;;;FM_200102.doc
2001-2002;amical;a_creer;2002-06-29;Neutchâtel Xamax(Sui.);FC Sochaux;2-0;150;M. Adam;Amical;;;;AM_200203.doc
2002-2003;amical;a_creer;2002-07-02;AS Nancy;FC Sochaux;1-0;500;M. Kalt Philippe;Amical;;;;AM_200203.doc
2002-2003;officiel;ok;2002-07-06;FC Sochaux;FK Zalgiris Vilnius(Lit.);2-0;7576;M. Sipailo Andrejs(Let.);Coupe Intertoto;/matchs/2002-2003/sochaux-zalgiris-vilnius-coupe-d-europe-06-07-2002/;;;FM_200203.doc
2002-2003;amical;a_creer;2002-07-10;FC Sochaux;Besiktas Istanbul(Tur.);2-3;1500;M. Moreira;Amical;;;;AM_200203.doc
2002-2003;officiel;a_creer;2002-07-14;FK Zalgiris Vilnius(Lit.);FC Sochaux;1-2;1000;M. Maric Goran(Cro.);Coupe Intertoto;;;;FM_200203.doc
2002-2003;officiel;desaccord;2002-07-21;FC Synot Stare Mesto(RTc);FC Sochaux;0-3;3000;M. Shmolik Sergey(Blr);Coupe Intertoto;/matchs/2002-2003/fc-synot-sochaux-coupe-d-europe-21-07-2002/;affluence 3000 (feuille) ≠ 2100 (musée);;FM_200203.doc
2002-2003;amical;a_creer;2002-07-22;RC Besançon;FC Sochaux;1-0;1000;;Amical;;;;AM_200203.doc
2002-2003;officiel;a_creer;2002-07-27;FC Sochaux;FC Synot Stare Mesto(RTc);0-0;8843;M. Rennie Uriah(Ang.);Coupe Intertoto;;;;FM_200203.doc
2002-2003;officiel;a_creer;2002-07-31;Fulham FC(Ang.);FC Sochaux;1-0;4717;M. Corpodean Sorin(Rou.);Coupe Intertoto;;;;FM_200203.doc
2002-2003;officiel;a_creer;2002-08-03;CS Sedan;FC Sochaux;0-0;12000;M. Piccirillo Hervè;Championnat de France,L1;;;;FM_200203.doc
2002-2003;officiel;a_creer;2002-08-07;FC Sochaux;Fulham FC(Ang.);0-2;9130;M. Wack Franz-Xavier(All.);Coupe Intertoto;;;;FM_200203.doc
2002-2003;officiel;a_creer;2002-08-10;RC Lens;FC Sochaux;1-1;38000;M. Ledentu Damien;Championnat de France,L1;;;;FM_200203.doc
2002-2003;officiel;a_creer;2002-08-17;FC Sochaux;FC Nantes;4-2;14431;M. Garibian Pascal;Championnat de France,L1;;;;FM_200203.doc
2002-2003;officiel;a_creer;2002-08-24;AS Monaco;FC Sochaux;1-0;8000;M. Lhermite Patrick;Championnat de France,L1;;;;FM_200203.doc
2002-2003;officiel;a_creer;2002-08-31;FC Sochaux;Lyon Ol.;2-1;18442;M. Veissière Gilles;Championnat de France,L1;;;;FM_200203.doc
2002-2003;officiel;a_creer;2002-09-11;Stade Rennes FC;FC Sochaux;2-2;15856;M. Lannoy Stéphane;Championnat de France,L1;;;;FM_200203.doc
2002-2003;officiel;a_creer;2002-09-14;FC Sochaux;AJ Auxerre;1-1;18353;M. Colombo Claude;Championnat de France,L1;;;;FM_200203.doc
2002-2003;officiel;a_creer;2002-09-21;AC Ajaccio;FC Sochaux;0-1;7500;M. Derrien Bruno;Championnat de France,L1;;;;FM_200203.doc
2002-2003;officiel;a_creer;2002-09-28;FC Sochaux;OGC Nice;1-0;15457;M. Kalt Philippe;Championnat de France,L1;;;;FM_200203.doc
2002-2003;officiel;a_creer;2002-10-05;Le Havre AC;FC Sochaux;1-0;8779;M. Khendek Améziane;Championnat de France, L1;;;;FM_200203.doc
2002-2003;amical;a_creer;2002-10-11;SR Delémont(Sui.);FC Sochaux;0-1;400;;Amical;;;;AM_200203.doc
2002-2003;officiel;a_creer;2002-10-19;FC Sochaux;Girondins Bordeaux FC;2-0;19082;M. Duhamel Laurent;Championnat de France, L1;;;;FM_200203.doc
2002-2003;officiel;a_creer;2002-10-26;LilleOSC;FC Sochaux;1-0;14981;M. Veissière Gilles;Championnat de France, L1;;;;FM_200203.doc
2002-2003;officiel;a_creer;2002-11-02;FC Sochaux;RC Strasbourg;2-0;18555;M. Lhermite Patrick;Championnat de France, L1;;;;FM_200203.doc
2002-2003;officiel;a_creer;2002-11-09;Paris SG;FC Sochaux;1-1;40992;M. Layec Bertrand;Championnat de France, L1;;;;FM_200203.doc
2002-2003;officiel;a_creer;2002-11-16;FC Sochaux;Montpellier HSC;0-0;12788;M. Auriac Thierry;Championnat de France, L1;;;;FM_200203.doc
2002-2003;officiel;a_creer;2002-11-23;EA Guingamp;FC Sochaux;2-0;14325;M. Derrien Bruno;Championnat de France, L1;;;;FM_200203.doc
2002-2003;officiel;a_creer;2002-11-30;FC Sochaux;Troyes AC;1-0;12160;M. Bonnin Jean-Marc;Championnat de France, L1;;;;FM_200203.doc
2002-2003;officiel;a_creer;2002-12-04;Ol. Marseille;FC Sochaux;1-0;45293;M. Lhermite Patrick;Championnat de France, L1;;;;FM_200203.doc
2002-2003;officiel;a_creer;2002-12-07;FC Sochaux;AC Ajaccio(L1);3-0;10121;M. Kalt Philippe;Coupe de la Ligue;;;;FM_200203.doc
2002-2003;officiel;a_creer;2002-12-14;FC Sochaux;SC Bastia;2-0;10934;M. Veissière Gilles;Championnat de France, L1;;;;FM_200203.doc
2002-2003;officiel;a_creer;2002-12-20;FC Sochaux;Lens;3-0;12686;M. Ruffray Bruno;Championnat de France, L1;;;;FM_200203.doc
2002-2003;officiel;a_creer;2003-01-04;Grenoble Foot 38(L2);FC Sochaux;2-1;11000;M. Viléo Pascal;Coupe de France;;;;FM_200203.doc
2002-2003;amical;a_creer;2003-01-10;Nîmes Ol.;FC Sochaux;0-2;200;;Amical;;;;AM_200203.doc
2002-2003;officiel;a_creer;2003-01-15;FC Sochaux;AS Monaco;0-0;11655;M. Poulat Eric;Championnat de France, L1;;;;FM_200203.doc
2002-2003;officiel;a_creer;2003-01-18;FC Sochaux;Ol. Lyon(L1);3-3;12486;M. Bré Stéphane;Coupe de la Ligue;;;;FM_200203.doc
2002-2003;officiel;a_creer;2003-01-22;Ol. Lyon;FC Sochaux;4-1;30662;M. Garibian Pascal;Championnat de France, L1;;;;FM_200203.doc
2002-2003;officiel;a_creer;2003-01-29;FC Sochaux;Stade Rennes FC;1-0;10471;M. Ledentu Damien;Championnat de France, L1;;;;FM_200203.doc
2002-2003;officiel;a_creer;2003-02-01;AJ Auxerre;FC Sochaux;2-0;6000;M. Veissière Gilles;Championnat de France, L1;;;;FM_200203.doc
2002-2003;officiel;a_creer;2003-02-08;OGC Nice;FC Sochaux;2-2;14078;M. Duhamel Laurent;Championnat de France, L1;;;;FM_200203.doc
2002-2003;officiel;a_creer;2003-02-15;FC Nantes;FC Sochaux;0-1;29670;M. Sars Alain;Championnat de France, L1;;;;FM_200203.doc
2002-2003;officiel;a_creer;2003-02-22;FC Sochaux;Le Havre AC;1-0;12418;M. Garibian Pascal;Championnat de France, L1;;;;FM_200203.doc
2002-2003;officiel;a_creer;2003-02-26;FC Sochaux;Inter Milan FC(Ita.);2-2;19561;M. Medina Cantalejo Luis(Esp.);Coupe de l'UEFA;;;;FM_200304.doc
2002-2003;officiel;a_creer;2003-03-01;Girondins Bordeaux FC;FC Sochaux;2-0;25368;M. Lhermite Patrick;Championnat de France, L1;;;;FM_200203.doc
2002-2003;officiel;a_creer;2003-03-03;Inter Milan FC(Ita.);FC Sochaux;0-0;30000;M. Bennett Steve(Ang.);Coupe de l'UEFA;;;;FM_200304.doc
2002-2003;officiel;a_creer;2003-03-05;FC Sochaux;Lille OSC(L1);1-0;16124;M. Poulat Eric;Coupe de la Ligue;;;;FM_200203.doc
2002-2003;officiel;a_creer;2003-03-08;FC Sochaux;Lille OSC;2-2;12818;M. Sars Alain;Championnat de France, L1;;;;FM_200203.doc
2002-2003;officiel;a_creer;2003-03-14;FC Sochaux;AC Ajaccio;1-1;13343;M. Khendek Améziane;Championnat de France, L1;;;;FM_200203.doc
2002-2003;officiel;a_creer;2003-03-22;RC Strasbourg;FC Sochaux;1-3;12590;M. Bré Stéphane;Championnat de France, L1;;;;FM_200203.doc
2002-2003;officiel;a_creer;2003-04-05;FC Sochaux;Paris SG;0-0;19682;M. Colombo Claude;Championnat de France, L1;;;;FM_200203.doc
2002-2003;officiel;a_creer;2003-04-12;Montpellier HSC;FC Sochaux;0-2;12177;M. Kalt Philippe;Championnat de France, L1;;;;FM_200203.doc
2002-2003;officiel;a_creer;2003-04-15;FC Sochaux;FC Metz(L2);3-2;19331;M. Duhamel Laurent;Coupe de la Ligue;;;;FM_200203.doc
2002-2003;officiel;a_creer;2003-04-19;FC Sochaux;EA Guingamp;0-0;19682;M. Colombo Claude;Championnat de France, L1;;;;FM_200203.doc
2002-2003;officiel;a_creer;2003-05-03;Troyes AC;FC Sochaux;0-2;11597;M. Auriac Thierry;Championnat de France, L1;;;;FM_200203.doc
2002-2003;officiel;a_creer;2003-05-10;FC Sochaux;Ol. Marseille;3-0;19910;M. Hamer Alain(Lux.);Championnat de France, L1;;;;FM_200203.doc
2002-2003;officiel;a_creer;2003-05-17;AS Monaco(L1);FC Sochaux;4-1;75379;M. Ledentu Damien;Coupe de la Ligue;;;;FM_200203.doc
2002-2003;officiel;a_creer;2003-05-20;SC Bastia;FC Sochaux;2-2;7943;M. Garibian Pascal;Championnat de France, L1;;;;FM_200203.doc
2002-2003;officiel;a_creer;2003-05-24;FC Sochaux;CS Sedan;2-1;19078;M. Poulat Eric;Championnat de France, L1;;;;FM_200203.doc
2003-2004;amical;a_creer;2003-07-05;Neutchâtel Xamax(Sui.);FC Sochaux;2-4;1200;M. Circhetta;Amical;;;;AM_200304.doc
2003-2004;amical;a_creer;2003-07-09;FC Sochaux;Servette Genève(Sui.);0-0;2000;;Amical;;;;AM_200304.doc
2003-2004;amical;a_creer;2003-07-09;FC Sochaux;Dinamo Zagreb(Cro.);1-0;500;M. Ugolini;Amical;;;;AM_200304.doc
2003-2004;amical;a_creer;2003-07-15;FC Sochaux;Rapid Bucarest(Cro.);3-0;1500;M. Moreira;Amical;;;;AM_200304.doc
2003-2004;amical;a_creer;2003-07-20;FC Sochaux;RC Strasbourg;1-1;2500;M. Kalt Philippe;Amical;;;;AM_200304.doc
2003-2004;amical;a_creer;2003-07-23;FC Sochaux;RCFC Besançon;1-0;2500;M. Ugolini;Amical;;;;AM_200304.doc
2003-2004;amical;a_creer;2003-07-26;FC Sochaux;Panathinaïkos Athènes(Grè.);1-1;2000;M. Desprez;Amical;;;;AM_200304.doc
2003-2004;officiel;a_creer;2003-08-02;FC Sochaux;FC Nantes;2-1;16243;M. Ruffray Bruno;Championnat de France,L1;;;;FM_200304.doc
2003-2004;officiel;a_creer;2003-08-09;OGC Nice;FC Sochaux;1-0;13946;M. Viléo Pascal;Championnat de France,L1;;;;FM_200304.doc
2003-2004;officiel;a_creer;2003-08-16;FC Sochaux;Stade Rennes;1-1;14069;M. Piccirillo Hervé;Championnat de France,L1;;;;FM_200304.doc
2003-2004;officiel;a_creer;2003-08-23;Ol. Marseille;FC Sochaux;2-0;55782;M. Veissière Gilles;Championnat de France,L1;;;;FM_200304.doc
2003-2004;officiel;a_creer;2003-08-30;FC Sochaux;Lille OSC;2-1;14643;M. Layec Bertrand;Championnat de France,L1;;;;FM_200304.doc
2003-2004;amical;a_creer;2003-09-06;FC Sochaux;FC Will(Sui.);1-0;400;M. Ugolini;Amical;;;;AM_200304.doc
2003-2004;officiel;a_creer;2003-09-13;Girondins Bordeaux;FC Sochaux;1-3;22208;M. Bonnin Jean-Marc;Championnat de France,L1;;;;FM_200304.doc
2003-2004;officiel;a_creer;2003-09-20;FC Sochaux;RC Strasbourg;3-0;16729;M. Garibian Pascal;Championnat de France,L1;;;;FM_200304.doc
2003-2004;officiel;a_creer;2003-09-24;MyPa-47 Anjalankoski(Fin.);FC Sochaux;0-1;2500;M. Weiner Michael(All.);Coupe de l'UEFA;;;;FM_200304.doc
2003-2004;officiel;a_creer;2003-09-27;SC Bastia;FC Sochaux;2-0;5844;M. Thual Olivier;Championnat de France,L1;;;;FM_200304.doc
2003-2004;officiel;a_creer;2003-10-04;FC Sochaux;Paris SG;0-1;19561;M. Ledentu Damien;Championnat de France,L1;;;;FM_200304.doc
2003-2004;officiel;a_creer;2003-10-15;FC Sochaux;MyPa-47 Anjalankoski(Fin.);2-0;8885;M. Dereli Selcuk(Tur.);Coupe de l'UEFA;;;;FM_200304.doc
2003-2004;officiel;a_creer;2003-10-18;Ol. Lyon;FC Sochaux;1-1;37029;M. Colombo Claude;Championnat de France,L1;;;;FM_200304.doc
2003-2004;officiel;a_creer;2003-10-26;FC Sochaux;AS Monaco;1-1;19232;M. Auriac Thierry;Championnat de France,L1;;;;FM_200304.doc
2003-2004;officiel;a_creer;2003-10-29;FC Sochaux;ASOA Valence(L2);3-2;9131;M. Ruffray Bruno;Coupe de la Ligue;;;;FM_200304.doc
2003-2004;officiel;a_creer;2003-11-01;FC Metz;FC Sochaux;0-1;16834;M. Layec Bertrand;Championnat de France,L1;;;;FM_200304.doc
2003-2004;officiel;a_creer;2003-11-06;Borussia Dortmund(All.);FC Sochaux;2-2;40500;M. Hrinak Vladimir(Slq);Coupe de l'UEFA;;;;FM_200304.doc
2003-2004;officiel;a_creer;2003-11-09;FC Sochaux;Toulouse FC;3-1;15425;M. Thual Olivier;Championnat de France,L1;;;;FM_200304.doc
2003-2004;amical;a_creer;2003-11-14;FC Sochaux;Young Boys Berne(Sui.);3-1;500;M. Kalt Philippe;Amical;;;;AM_200304.doc
2003-2004;officiel;a_creer;2003-11-22;EA Guingamp;FC Sochaux;1-2;14458;M. Poulat Eric;Championnat de France,L1;;;;FM_200304.doc
2003-2004;officiel;a_creer;2003-11-27;FC Sochaux;Borussia Dortmund(All.);4-0;18584;M. Baskakov Iouri(Rus.);Coupe de l'UEFA;;;;FM_200304.doc
2003-2004;officiel;a_creer;2003-11-30;FC Sochaux;AJ Auxerre;3-2;17796;M. Veissière Gilles;Championnat de France,L1;;;;FM_200304.doc
2003-2004;officiel;a_creer;2003-12-06;RC Lens;FC Sochaux;0-3;34340;M. Sars Alain;Championnat de France,L1;;;;FM_200304.doc
2003-2004;officiel;a_creer;2003-12-13;FC Sochaux;AC Ajaccio;2-0;13699;M. Viléo Pascal;Championnat de France,L1;;;;FM_200304.doc
2003-2004;officiel;a_creer;2003-12-17;FC Sochaux;Ol. Marseille(L1);1-0;19510;M. Layec Bertrand;Coupe de la Ligue;;;;FM_200304.doc
2003-2004;officiel;a_creer;2003-12-20;Le Mans UC;FC Sochaux;2-2;12579;M. Garibian Pascal;Championnat de France,L1;;;;FM_200304.doc
2003-2004;officiel;a_creer;2004-01-03;AJ Auxerre(L1);FC Sochaux;2-0;8000;M. Auriac Thierry;Coupe de France;;;;FM_200304.doc
2003-2004;officiel;a_creer;2004-01-10;FC Sochaux;OGC Nice;0-0;12728;M. Poulat Eric;Championnat de France,L1;;;;FM_200304.doc
2003-2004;officiel;a_creer;2004-01-13;RC Lens(L1);FC Sochaux;0-4;20947;M. Colombo Claude;Coupe de la Ligue;;;;FM_200304.doc
2003-2004;officiel;a_creer;2004-01-17;Stade Rennes;FC Sochaux;4-0;15225;M. Sars Alain;Championnat de France,L1;;;;FM_200304.doc
2003-2004;officiel;a_creer;2004-01-22;Montpellier HSC;FC Sochaux;1-3;10755;M. Duhamel Laurent;Championnat de France,L1;;;;FM_200304.doc
2003-2004;officiel;a_creer;2004-01-31;FC Sochaux;Ol. Marseille;2-1;19754;M. Bré Stéphane;Championnat de France,L1;;;;FM_200304.doc
2003-2004;officiel;a_creer;2004-02-04;AS Saint-Etienne(L2);FC Sochaux;2-3;33665;M. Layec Bertrand;Coupe de la Ligue;;;;FM_200304.doc
2003-2004;officiel;a_creer;2004-02-07;Lille OSC;FC Sochaux;2-0;14426;M. Kalt Philippe;Championnat de France,L1;;;;FM_200304.doc
2003-2004;officiel;a_creer;2004-02-14;FC Sochaux;Girondins Bordeaux;1-1;15276;M. Garibian Stéphane;Championnat de France,L1;;;;FM_200304.doc
2003-2004;officiel;a_creer;2004-02-21;RC Strasbourg;FC Sochaux;0-2;18019;M. Derrien Bruno;Championnat de France,L1;;;;FM_200304.doc
2003-2004;officiel;a_creer;2004-02-29;FC Sochaux;SC Bastia;2-1;15930;M. Duhamel Laurent;Championnat de France,L1;;;;FM_200304.doc
2003-2004;officiel;a_creer;2004-03-06;Paris SG;FC Sochaux;1-1;41544;M. Sars Alain;Championnat de France,L1;;;;FM_200304.doc
2003-2004;officiel;a_creer;2004-03-13;FC Sochaux;Ol. Lyon;1-2;19495;M. Veissière Gilles;Championnat de France,L1;;;;FM_200304.doc
2003-2004;officiel;a_creer;2004-03-20;AS Monaco;FC Sochaux;1-1;8000;M. Derrien Bruno;Championnat de France,L1;;;;FM_200304.doc
2003-2004;officiel;a_creer;2004-03-27;FC Sochaux;FC Metz;2-0;14373;M. Colombo Claude;Championnat de France,L1;;;;FM_200304.doc
2003-2004;officiel;a_creer;2004-04-03;Toulouse FC;FC Sochaux;0-0;21120;M. Fraise Dominique;Championnat de France,L1;;;;FM_200304.doc
2003-2004;officiel;a_creer;2004-04-10;FC Sochaux;EA Guingamp;2-0;15144;M. Thual Olivier;Championnat de France,L1;;;;FM_200304.doc
2003-2004;officiel;a_creer;2004-04-17;FC Nantes(L1);FC Sochaux;1-1;78341;M. Garibian Pascal;Coupe de la Ligue;;;;FM_200304.doc
2003-2004;officiel;a_creer;2004-04-24;AJ Auxerre;FC Sochaux;2-1;18491;M. Hamer Alain(Lux.);Championnat de France,L1;;;;FM_200304.doc
2003-2004;officiel;a_creer;2004-05-01;FC Sochaux;Montpellier HSC;3-1;16352;M. Piccirillo Hervé;Championnat de France,L1;;;;FM_200304.doc
2003-2004;officiel;a_creer;2004-05-08;FC Sochaux;RC Lens;0-3;19791;M. Viléo Pascal;Championnat de France,L1;;;;FM_200304.doc
2003-2004;officiel;a_creer;2004-05-12;AC Ajaccio;FC Sochaux;1-0;4500;M. Duhamel Laurent;Championnat de France,L1;;;;FM_200304.doc
2003-2004;officiel;a_creer;2004-05-15;FC Sochaux;Le Mans UC;3-0;17387;M. Veissière Gilles;Championnat de France,L1;;;;FM_200304.doc
2003-2004;officiel;a_creer;2004-05-23;FC Nantes;FC Sochaux;3-1;28506;M. Lannoy Stéphane;Championnat de France,L1;;;;FM_200304.doc
2004-2005;amical;a_creer;2004-07-10;AS Nancy;FC Sochaux;0-1;400;M. Ugolini;Amical;;;;AM_200405.doc
2004-2005;amical;a_creer;2004-07-13;FC Bâle(Sui.);FC Sochaux;1-4;2600;Mme Petignat Nicole;Amical;;;;AM_200405.doc
2004-2005;amical;a_creer;2004-07-17;RC Strasbourg;FC Sochaux;1-2;3200;M. Kalt Philippe;Amical;;;;AM_200405.doc
2004-2005;amical;a_creer;2004-07-22;Troyes AC;FC Sochaux;2-1;2000;M. Vincent;Amical;;;;AM_200405.doc
2004-2005;amical;a_creer;2004-07-24;FC Sochaux;Rapid Bucarest;1-0;1700;M. Buttefey Jean-Luc;Amical;;;;AM_200405.doc
2004-2005;amical;a_creer;2004-07-28;FC Sochaux;Besançon RCF;1-0;1400;M. Ugolini;Amical;;;;AM_200405.doc
2004-2005;amical;a_creer;2004-07-31;SC Fribourg(All.);FC Sochaux;0-0;2000;M. Kempter;Amical;;;;AM_200405.doc
2004-2005;officiel;a_creer;2004-08-07;FC Sochaux;AC Ajaccio;1-0;13662;M. Viléo Pascal;Championnat de France, L1;;;;FM_200405.doc
2004-2005;officiel;a_creer;2004-08-14;Ol. Lyon;FC Sochaux;1-1;38042;M. Kalt Philippe;Championnat de France, L1;;;;FM_200405.doc
2004-2005;officiel;a_creer;2004-08-21;FC Sochaux;AJ Auxerre;1-2;16345;M. Layec Bertrand;Championnat de France, L1;;;;FM_200405.doc
2004-2005;officiel;a_creer;2004-08-28;Girondins Bordeaux;FC Sochaux;2-0;22351;M. Derrien Bruno;Championnat de France, L1;;;;FM_200405.doc
2004-2005;amical;a_creer;2004-09-03;Young Boys Berne(Sui.);FC Sochaux;0-2;1500;M. Rutshi;Amical;;;;AM_200405.doc
2004-2005;amical;a_creer;2004-09-08;Neuchâtel Xamax(Sui.);FC Sochaux;1-1;955;M. Zimmermann;Amical;;;;AM_200405.doc
2004-2005;officiel;a_creer;2004-09-12;FC Sochaux;Ol. Marseille;2-0;19931;M. Vessière Gilles;Championnat de France, L1;;;;FM_200405.doc
2004-2005;officiel;a_creer;2004-09-16;FC Sochaux;Stabaek IF(Nor.);4-0;10671;M. Yefet Alon(Isr.);Coupe de l’UEFA;;;;FM_200405.doc
2004-2005;officiel;a_creer;2004-09-19;OGC Nice;FC Sochaux;2-1;10094;M. Kalt Philippe;Championnat de France, L1;;;;FM_200405.doc
2004-2005;officiel;a_creer;2004-09-22;FC Sochaux;Lille OSC;0-2;11905;M. Malige Philippe;Championnat de France, L1;;;;FM_200405.doc
2004-2005;officiel;a_creer;2004-09-25;FC Sochaux;AS Saint-Etienne;2-1;18963;M. Sars Alain;Championnat de France, L1;;;;FM_200405.doc
2004-2005;officiel;a_creer;2004-09-30;Stabaek IF(Nor.);FC Sochaux;0-5;1000;M. Bossen Ruud(PB);Coupe de l’UEFA;;;;FM_200405.doc
2004-2005;officiel;a_creer;2004-10-03;FC Metz;FC Sochaux;0-0;16937;M. Layec Bertrand;Championnat de France, L1;;;;FM_200405.doc
2004-2005;officiel;a_creer;2004-10-16;FC Sochaux;Stade Rennes FC;3-0;13579;M. Auriac Thierry;Championnat de France, L1;;;;FM_200405.doc
2004-2005;officiel;a_creer;2004-10-21;Dinamo Tbilissi(Géo.);FC Sochaux;0-2;18000;M. Messner Stefan(Aut.);Coupe de l’UEFA;;;;FM_200405.doc
2004-2005;officiel;a_creer;2004-10-24;SC Bastia;FC Sochaux;1-1;4669;M. Garibian Pascal;Championnat de France, L1;;;;FM_200405.doc
2004-2005;officiel;a_creer;2004-10-26;AS Nancy(L1);FC Sochaux;1-0;11693;M. Malige Philippe;Coupe de la Ligue;;;;FM_200506.doc
2004-2005;officiel;a_creer;2004-10-30;FC Sochaux;Toulouse FC;2-0;16006;M. Poulat Eric;Championnat de France, L1;;;;FM_200405.doc
2004-2005;officiel;a_creer;2004-11-06;SM Caen;FC Sochaux;0-2;20524;M. Fraise Dominique;Championnat de France, L1;;;;FM_200405.doc
2004-2005;officiel;a_creer;2004-11-09;Stade Brest 29(L2);FC Sochaux;1-2;9000;M. Lhermitte Patrick;Coupe de la Ligue;;;;FM_200405.doc
2004-2005;officiel;a_creer;2004-11-13;FC Sochaux;Istres SF;1-1;14908;M. Piccirillo Hervé;Championnat de France, L1;;;;FM_200405.doc
2004-2005;officiel;a_creer;2004-11-19;AS Monaco;FC Sochaux;1-3;12897;M. Viléo Pascal;Championnat de France, L1;;;;FM_200405.doc
2004-2005;officiel;a_creer;2004-11-25;FC Sochaux;Newcastle United(Ang.);0-4;15713;M. Davila Carlos Megia(Esp.);Coupe de l’UEFA;;;;FM_200405.doc
2004-2005;officiel;a_creer;2004-11-28;FC Sochaux;RC Lens;1-2;15143;M. Chapron Tony;Championnat de France, L1;;;;FM_200405.doc
2004-2005;officiel;a_creer;2004-12-01;Sporting Portugal(Por.);FC Sochaux;0-1;21349;M. Fleischer Helmut(All.);Coupe de l’UEFA;;;;FM_200405.doc
2004-2005;officiel;a_creer;2004-12-04;RC Strasbourg;FC Sochaux;0-0;20794;M. Colombo Claude;Championnat de France, L1;;;;FM_200405.doc
2004-2005;officiel;a_creer;2004-12-12;FC Sochaux;Paris SG;1-2;17211;M. Bré Stéphane;Championnat de France, L1;;;;FM_200405.doc
2004-2005;officiel;a_creer;2004-12-15;AJ Auxerre;FC Sochaux;2-0;9128;M. Layec Bertrand;Championnat de France, L1;;;;FM_200405.doc
2004-2005;officiel;a_creer;2004-12-16;FC Sochaux;Panionios NFC(Grè.);1-0;10479;M. Van Egmond Dick J.H.(PB);Coupe de l’UEFA;;;;FM_200405.doc
2004-2005;officiel;a_creer;2004-12-19;FC Nantes;FC Sochaux;2-2;28403;M. Coué Bruno;Championnat de France, L1;;;;FM_200405.doc
2004-2005;officiel;a_creer;2004-12-22;FC Sochaux;SM Caen(L1);0-0;16182;M. Derrien Bruno;Coupe de la Ligue;;;;FM_200405.doc
2004-2005;officiel;a_creer;2005-01-08;FC Sochaux;SC Bastia(L1);1-0;6916;M. Fraise Dominique;Coupe de France;;;;FM_200405.doc
2004-2005;officiel;a_creer;2005-01-12;FC Sochaux;Ol. Lyon;0-2;17249;M. Hamer Alain(Lux.);Championnat de France, L1;;;;FM_200405.doc
2004-2005;officiel;a_creer;2005-01-22;FC Sochaux;Girondins Bordeaux;4-0;14585;M. Kalt Philippe;Championnat de France, L1;;;;FM_200405.doc
2004-2005;officiel;a_creer;2005-01-25;Ol. Marseille;FC Sochaux;0-2;48000;M. Garibian Pascal;Championnat de France, L1;;;;FM_200405.doc
2004-2005;officiel;a_creer;2005-01-29;FC Sochaux;OGC Nice;0-0;11912;M. Thual Olivier;Championnat de France, L1;;;;FM_200405.doc
2004-2005;officiel;a_creer;2005-02-05;Lille OSC;FC Sochaux;0-0;11088;M. Sars Alain;Championnat de France, L1;;;;FM_200405.doc
2004-2005;officiel;a_creer;2005-02-13;FC Metz(L1);FC Sochaux;0-1;7202;M. Duhamel Laurent;Coupe de France;;;;FM_200405.doc
2004-2005;officiel;a_creer;2005-02-17;Olympiakos Le Pirée(Gré.);FC Sochaux;1-0;35000;M. Ivanov Nikolay(Rus.);Coupe de l’UEFA;;;;FM_200405.doc
2004-2005;officiel;a_creer;2005-02-20;AS Saint-Etienne;FC Sochaux;1-0;27558;M. Piccirillo Hervé;Championnat de France, L1;;;;FM_200405.doc
2004-2005;officiel;a_creer;2005-02-24;FC Sochaux;Olympiakos Le Pirée(Gré.);0-1;10962;M. Nobs Marcus(Sui.);Coupe de l’UEFA;;;;FM_200405.doc
2004-2005;officiel;a_creer;2005-03-02;US Albi(CFA);FC Sochaux;0-3;10000;M. Fraise Dominique;Coupe de France;;;;FM_200405.doc
2004-2005;officiel;a_creer;2005-03-05;Stade Rennes;FC Sochaux;3-0;23472;M. Veissière Gilles;Championnat de France, L1;;;;FM_200405.doc
2004-2005;officiel;a_creer;2005-03-12;FC Sochaux;SC Bastia;1-0;13127;M. Chapron Tony;Championnat de France, L1;;;;FM_200405.doc
2004-2005;officiel;a_creer;2005-03-16;FC Sochaux;FC Metz;2-1;13013;M. Auriac Thierry;Championnat de France, L1;;;;FM_200405.doc
2004-2005;officiel;a_creer;2005-03-19;Toulouse FC;FC Sochaux;0-0;19162;M. Coué Bruno;Championnat de France, L1;;;;FM_200405.doc
2004-2005;officiel;a_creer;2005-04-02;FC Sochaux;SM Caen;1-0;13755;M. Viléo Pascal;Championnat de France, L1;;;;FM_200405.doc
2004-2005;officiel;a_creer;2005-04-09;Istres SF;FC Sochaux;2-0;7000;M. Fraise Dominique;Championnat de France, L1;;;;FM_200405.doc
2004-2005;officiel;a_creer;2005-04-16;FC Sochaux;AS Monaco;1-1;19696;M. Sars Alain;Championnat de France, L1;;;;FM_200405.doc
2004-2005;officiel;a_creer;2005-04-20;Nîmes Ol.(N);FC Sochaux;4-3;17516;M. Poulat Eric;Coupe de France;;;;FM_200405.doc
2004-2005;officiel;a_creer;2005-04-23;RC Lens;FC Sochaux;3-2;31604;M. Malige Philippe;Championnat de France, L1;;;;FM_200405.doc
2004-2005;amical;a_creer;2005-04-29;FC Sochaux;Dijon;1-0;450;M. Vincent;Amical;;;;AM_200405.doc
2004-2005;officiel;a_creer;2005-05-07;FC Sochaux;RC Strasbourg;1-2;18519;M. Lannoy Stéphane;Championnat de France, L1;;;;FM_200405.doc
2004-2005;officiel;a_creer;2005-05-14;Paris SG;FC Sochaux;2-2;39926;M. Ruffray Bruno;Championnat de France, L1;;;;FM_200405.doc
2004-2005;officiel;a_creer;2005-05-21;FC Sochaux;FC Nantes;1-0;18578;M. Lhermite Patrick;Championnat de France, L1;;;;FM_200405.doc
2004-2005;officiel;a_creer;2005-05-28;AC Ajaccio;FC Sochaux;3-1;4707;M. Layec Bertrand;Championnat de France, L1;;;;FM_200405.doc
2005-2006;amical;a_creer;2005-07-06;Stade Brest(L2);FC Sochaux;1-0;1000;M. Berard;Amical;;;;AM_200506.doc
2005-2006;amical;a_creer;2005-07-09;FC Sochaux;Yverdon Sports FC(Sui.);1-1;1300;;Amical;;;;AM_200506.doc
2005-2006;amical;a_creer;2005-07-12;FC Bâle(Sui.);FC Sochaux;4-2;1700;M. Wildhaber;Amical;;;;AM_200506.doc
2005-2006;amical;a_creer;2005-07-20;FC Sochaux;FC Metz(D1);0-1;1500;M. Duvoid;Amical;;;;AM_200506.doc
2005-2006;amical;a_creer;2005-07-23;FC Sochaux;Sparta Prague(RTc);1-0;1500;M. Ugolini;Amical;;;;AM_200506.doc
2005-2006;officiel;a_creer;2005-07-30;FC Sochaux;Toulouse FC;0-1;13234;M. Coué Bruno;Championnat de France, L1;;;;FM_200506.doc
2005-2006;officiel;a_creer;2005-08-06;FC Sochaux;Paris SG;0-1;17543;M. Duhamel Laurent;Championnat de France, L1;;;;FM_200506.doc
2005-2006;officiel;a_creer;2005-08-13;OGC Nice;FC Sochaux;1-2;13545;M. Lhermite Patrick;Championnat de France, L1;;;;FM_200506.doc
2005-2006;officiel;a_creer;2005-08-20;FC Sochaux;Lille OSC;0-0;13153;M. Ruffray Bruno;Championnat de France, L1;;;;FM_200506.doc
2005-2006;officiel;a_creer;2005-08-27;Saint-Etienne;FC Sochaux;0-0;31322;M. Hamer Alain(Lux.);Championnat de France, L1;;;;FM_200506.doc
2005-2006;amical;a_creer;2005-09-03;Clermont Foot(D2);FC Sochaux;0-0;2000;M. Fraise;Amical;;;;AM_200506.doc
2005-2006;officiel;a_creer;2005-09-11;FC Sochaux;Ol. Marseille;0-0;18493;M. Colombo Claude;Championnat de France, L1;;;;FM_200506.doc
2005-2006;officiel;a_creer;2005-09-17;Le Mans UC;FC Sochaux;2-1;10867;M. Poulat Eric;Championnat de France, L1;;;;FM_200506.doc
2005-2006;officiel;a_creer;2005-09-21;FC Sochaux;FC Nantes;1-0;10690;M. Bré Stéphane;Championnat de France, L1;;;;FM_200506.doc
2005-2006;officiel;a_creer;2005-09-24;AJ Auxerre;FC Sochaux;3-0;8007;M. Garibian Pascal;Championnat de France, L1;;;;FM_200506.doc
2005-2006;officiel;a_creer;2005-10-01;FC Sochaux;AS Nancy;0-2;11732;M. Kalt Philippe;Championnat de France, L1;;;;FM_200506.doc
2005-2006;officiel;a_creer;2005-10-15;Girondins Bordeaux;FC Sochaux;1-1;21895;M. Chapron Tony;Championnat de France, L1;;;;FM_200506.doc
2005-2006;officiel;a_creer;2005-10-23;FC Sochaux;AS Monaco;2-1;15028;M. Lannoy Stéphane;Championnat de France, L1;;;;FM_200506.doc
2005-2006;officiel;a_creer;2005-10-29;Ol. Lyon;FC Sochaux;1-0;40117;M. Thual Olivier;Championnat de France, L1;;;;FM_200506.doc
2005-2006;officiel;a_creer;2005-11-06;FC Sochaux;RC Lens;1-1;14499;M. Chapron Tony;Championnat de France, L1;;;;FM_200506.doc
2005-2006;officiel;a_creer;2005-11-19;AC Ajaccio;FC Sochaux;0-1;4000;M. Poulat Eric;Championnat de France, L1;;;;FM_200506.doc
2005-2006;officiel;a_creer;2005-11-26;FC Sochaux;Stade Rennes FC;1-0;15932;M. Fautrel Fredy;Championnat de France, L1;;;;FM_200506.doc
2005-2006;officiel;a_creer;2005-12-03;RC Strasbourg;FC Sochaux;0-0;21014;M. Duhamel Laurent;Championnat de France, L1;;;;FM_200506.doc
2005-2006;officiel;a_creer;2005-12-10;FC Sochaux;FC Metz;1-1;11813;M. Auriac Thierry;Championnat de France, L1;;;;FM_200506.doc
2005-2006;officiel;a_creer;2005-12-17;Troyes AC;FC Sochaux;2-1;18416;M. Cailleux Jean-Charles;Championnat de France, L1;;;;FM_200506.doc
2005-2006;officiel;a_creer;2006-01-04;Paris SG;FC Sochaux;3-1;36806;M. Chapron Tony;Championnat de France, L1;;;;FM_200506.doc
2005-2006;officiel;a_creer;2006-01-07;CMS Oissel(CFA2);FC Sochaux;1-2;6220;M. Khendek Améziane;Coupe de France;;;;FM_200506.doc
2005-2006;officiel;a_creer;2006-01-11;FC Sochaux;OGC Nice;1-1;11885;M. Poulat Eric;Championnat de France, L1;;;;FM_200506.doc
2005-2006;officiel;a_creer;2006-01-14;Lille OSC;FC Sochaux;3-0;12286;M. Derrien Bruno;Championnat de France, L1;;;;FM_200506.doc
2005-2006;officiel;a_creer;2006-01-21;FC Sochaux;AS Saint-Etienne;4-0;13566;M. Garibian Pascal;Championnat de France, L1;;;;FM_200506.doc
2005-2006;officiel;a_creer;2006-01-28;Ol. Marseille;FC Sochaux;0-0;46090;M. Thual Olivier;Championnat de France, L1;;;;FM_200506.doc
2005-2006;officiel;a_creer;2006-02-04;FC Sochaux;Le Mans UC;0-0;9884;M. Auriac Thierry;Championnat de France, L1;;;;FM_200506.doc
2005-2006;officiel;a_creer;2006-02-11;FC Nantes;FC Sochaux;3-1;24868;M. Derrien Bruno;Championnat de France, L1;;;;FM_200506.doc
2005-2006;officiel;a_creer;2006-02-14;LB Châteauroux(L2);FC Sochaux;1-2;4833;M. Ennjimi Saïd;Coupe de France;;;;FM_200506.doc
2005-2006;officiel;a_creer;2006-02-18;FC Sochaux;AJ Auxerre;1-0;11469;M. Fautrel Fredy;Championnat de France, L1;;;;FM_200506.doc
2005-2006;officiel;a_creer;2006-02-25;AS Nancy;FC Sochaux;0-3;16338;M. Garibian Pascal;Championnat de France, L1;;;;FM_200506.doc
2005-2006;officiel;a_creer;2006-03-11;AS Monaco;FC Sochaux;4-1;9480;M. Cailleux Jean-Charles;Championnat de France, L1;;;;FM_200506.doc
2005-2006;officiel;a_creer;2006-03-18;FC Sochaux;Ol. Lyon;0-4;18770;M. Sars Alain;Championnat de France, L1;;;;FM_200506.doc
2005-2006;officiel;a_creer;2006-03-22;Ol. Marseille(L1);FC Sochaux;2-0;14515;M. Chapron Tony;Coupe de France;;;;FM_200506.doc
2005-2006;officiel;a_creer;2006-03-25;RC Lens;FC Sochaux;2-1;32966;M. Derrien Bruno;Championnat de France, L1;;;;FM_200506.doc
2005-2006;officiel;a_creer;2006-04-01;FC Sochaux;AC Ajaccio;3-1;17288;M. Lannoy Stéphane;Championnat de France, L1;;;;FM_200506.doc
2005-2006;officiel;a_creer;2006-04-09;Stade Rennes FC;FC Sochaux;2-1;23711;M. Fautrel Fredy;Championnat de France, L1;;;;FM_200506.doc
2005-2006;officiel;a_creer;2006-04-15;FC Sochaux;RC Strasbourg;1-1;16877;M. Piccirillo Hervé;Championnat de France, L1;;;;FM_200506.doc
2005-2006;officiel;a_creer;2006-04-23;FC Sochaux;Girondins Bordeaux;0-3;15057;M. Colombo Claude;Championnat de France, L1;;;;FM_200506.doc
2005-2006;officiel;a_creer;2006-04-30;FC Metz;FC Sochaux;0-1;12250;M. Derrien Bruno;Championnat de France, L1;;;;FM_200506.doc
2005-2006;officiel;a_creer;2006-05-06;FC Sochaux;Troyes AC;1-1;13977;M. Duhamel Laurent;Championnat de France, L1;;;;FM_200506.doc
2005-2006;officiel;a_creer;2006-05-13;Toulouse FC;FC Sochaux;1-2;22465;M. Ruffray Bruno;Championnat de France, L1;;;;FM_200506.doc
2006-2007;amical;a_creer;2006-07-08;FC Sion;FC Sochaux;1-1;1000;M. Studer;Amical;;;;AM_200607.doc
2006-2007;amical;a_creer;2006-07-12;FC Sochaux;Dinamo Zagreb(Cro.);1-1;1400;M. Moreira;Amical;;;;AM_200607.doc
2006-2007;amical;a_creer;2006-07-15;FC Sochaux;Panathinaïkos Athènes(Gré.);2-2;100;M. Castro;Amical;;;;AM_200607.doc
2006-2007;amical;a_creer;2006-07-18;FC Sochaux;OGC Nice;1-0;300;M. Bias;Amical;;;;AM_200607.doc
2006-2007;amical;a_creer;2006-07-21;FC Sochaux;Dijon FCO;0-1;150;M. Rebaud;Amical;;;;AM_200607.doc
2006-2007;amical;a_creer;2006-07-26;FC Sochaux;Besiktas Istanbul(Tur.);1-1;1200;M. Kalt Philippe;Amical;;;;AM_200607.doc
2006-2007;amical;a_creer;2006-07-29;FC Sochaux;PAOK Salonique(Gré.);1-1;1800;M. Ducros;Amical;;;;AM_200607.doc
2006-2007;officiel;a_creer;2006-08-05;AS Saint-Etienne;FC Sochaux;1-2;32186;M. Auriac Thierry;Championnat de France, L1;;;;FM_200607.doc
2006-2007;officiel;a_creer;2006-08-12;FC Sochaux;AJ Auxerre;1-1;14759;M. Ruffray Bruno;Championnat de France, L1;;;;FM_200607.doc
2006-2007;officiel;a_creer;2006-08-19;CS Sedan;FC Sochaux;1-1;11227;M. Kalt Philippe;Championnat de France, L1;;;;FM_200607.doc
2006-2007;officiel;a_creer;2006-08-26;FC Sochaux;Paris SG;3-2;16317;M. Chapron Tony;Championnat de France, L1;;;;FM_200607.doc
2006-2007;amical;a_creer;2006-09-01;FC Sochaux;FC Thoune(Sui.);1-1;1000;M. Schneider;Amical;;;;AM_200607.doc
2006-2007;officiel;a_creer;2006-09-09;Stade Rennes FC;FC Sochaux;2-1;21526;M. Castro Alexandre;Championnat de France, L1;;;;FM_200607.doc
2006-2007;officiel;a_creer;2006-09-17;FC Sochaux;RC Lens;0-3;12363;M. Ennjimi Saïd;Championnat de France, L1;;;;FM_200607.doc
2006-2007;officiel;a_creer;2006-09-20;CS Sedan(L1);FC Sochaux;0-1;4584;M. Ruffray Bruno;Coupe de la Ligue;;;;FM_200607.doc
2006-2007;officiel;a_creer;2006-09-23;Le Mans UC;FC Sochaux;2-2;9452;M. Piccirillo Hervé;Championnat de France, L1;;;;FM_200607.doc
2006-2007;officiel;a_creer;2006-09-30;FC Sochaux;Ol. Lyon;0-1;18788;M. Coué Bruno;Championnat de France, L1;;;;FM_200607.doc
2006-2007;officiel;a_creer;2006-10-14;FC Nantes;FC Sochaux;0-2;26904;M. Cailleux Jean-Charles;Championnat de France, L1;;;;FM_200607.doc
2006-2007;officiel;a_creer;2006-10-21;FC Sochaux;Girondins Bordeaux;2-1;13481;M. Lannoy Stéphane;Championnat de France, L1;;;;FM_200607.doc
2006-2007;officiel;a_creer;2006-10-24;FC Sochaux;Dijon FCO(L2);5-0;11648;M. Auriac Thierry;Coupe de la Ligue;;;;FM_200607.doc
2006-2007;officiel;a_creer;2006-10-28;Toulouse FC;FC Sochaux;1-2;19853;M. Layec Bertrand;Championnat de France, L1;;;;FM_200607.doc
2006-2007;officiel;a_creer;2006-11-04;FC Sochaux;Troyes AC;1-0;16740;M. Biton Sandryk;Championnat de France, L1;;;;FM_200607.doc
2006-2007;officiel;a_creer;2006-11-11;OGC Nice;FC Sochaux;0-0;10688;M. Bré Stéphane;Championnat de France, L1;;;;FM_200607.doc
2006-2007;officiel;a_creer;2006-11-18;FC Sochaux;Lille OSC;0-0;12397;M. Malige Philippe;Championnat de France, L1;;;;FM_200607.doc
2006-2007;officiel;a_creer;2006-11-25;FC Lorient;FC Sochaux;1-3;12513;M. Auriac Thierry;Championnat de France, L1;;;;FM_200607.doc
2006-2007;officiel;a_creer;2006-12-03;FC Sochaux;Ol. Marseille;1-0;19990;M. Kalt Philippe;Championnat de France, L1;;;;FM_200607.doc
2006-2007;officiel;a_creer;2006-12-09;FC Valenciennes;FC Sochaux;0-0;12889;M. Cailleux Jean-Charles;Championnat de France, L1;;;;FM_200607.doc
2006-2007;officiel;a_creer;2006-12-16;AS Monaco;FC Sochaux;3-0;11292;M. Lannoy Stéphane;Championnat de France, L1;;;;FM_200607.doc
2006-2007;officiel;a_creer;2006-12-20;FC Sochaux;Le Mans UC(L1);1-2;17437;M. Poulat Eric;Coupe de la Ligue;;;;FM_200607.doc
2006-2007;officiel;a_creer;2006-12-23;FC Sochaux;AS Nancy;2-1;17700;M. Coué Bruno;Championnat de France, L1;;;;FM_200607.doc
2006-2007;officiel;a_creer;2007-01-06;AS Saint-Etienne(L1);FC Sochaux;1-3;17063;M. Bré Stéphane;Coupe de France;;;;FM_200607.doc
2006-2007;officiel;a_creer;2007-01-13;AJ Auxerre;FC Sochaux;1-0;7066;M. Juffrado Lionel;Championnat de France, L1;;;;FM_200607.doc
2006-2007;officiel;a_creer;2007-01-20;FC Sochaux;AS Lyon-La Duchère(CFA2);2-1;9103;M. Malige Philippe;Coupe de France;;;;FM_200607.doc
2006-2007;officiel;a_creer;2007-01-24;FC Sochaux;CS Sedan;1-1;9903;M. Layec Bertrand;Championnat de France, L1;;;;FM_200607.doc
2006-2007;officiel;a_creer;2007-01-27;Paris SG;FC Sochaux;0-0;31119;M. Bré Stéphane;Championnat de France, L1;;;;FM_200607.doc
2006-2007;officiel;a_creer;2007-01-30;AS Monaco(L1);FC Sochaux;0-2;4046;M. Poulat Eric;Coupe de France;;;;FM_200607.doc
2006-2007;officiel;a_creer;2007-02-03;FC Sochaux;Stade Rennes FC;0-0;10477;M. Piccirillo Hervé;Championnat de France, L1;;;;FM_200607.doc
2006-2007;officiel;a_creer;2007-02-11;RC Lens;FC Sochaux;3-1;31122;M. Castro Alexandre;Championnat de France, L1;;;;FM_200607.doc
2006-2007;officiel;a_creer;2007-02-17;FC Sochaux;Le Mans UC;2-0;9996;M. Kalt Philippe;Championnat de France, L1;;;;FM_200607.doc
2006-2007;officiel;a_creer;2007-02-24;Ol. Lyon;FC Sochaux;3-3;40363;M. Layec Bertrand;Championnat de France, L1;;;;FM_200607.doc
2006-2007;officiel;a_creer;2007-02-28;FC Sochaux;Paris SG(L1);2-1;18054;M. Duhamel Laurent;Coupe de France;;;;FM_200607.doc
2006-2007;officiel;a_creer;2007-03-04;FC Sochaux;FC Nantes;1-2;14664;M. Jaffredo Lionel;Championnat de France, L1;;;;FM_200607.doc
2006-2007;officiel;a_creer;2007-03-10;Girondins Bordeaux;FC Sochaux;2-0;25128;M. Coué Bruno;Championnat de France, L1;;;;FM_200607.doc
2006-2007;officiel;a_creer;2007-03-17;FC Sochaux;Toulouse FC;4-2;11485;M. Bré Stéphane;Championnat de France, L1;;;;FM_200607.doc
2006-2007;officiel;a_creer;2007-04-01;Troyes AC;FC Sochaux;0-1;11554;M. Cailleux Jean-Charles;Championnat de France, L1;;;;FM_200607.doc
2006-2007;officiel;a_creer;2007-04-07;FC Sochaux;OGC Nice;1-1;16759;M. Layec Bertrand;Championnat de France, L1;;;;FM_200607.doc
2006-2007;officiel;a_creer;2007-04-14;Lille OSC;FC Sochaux;2-0;15454;M. Biton Sandryk;Championnat de France, L1;;;;FM_200607.doc
2006-2007;officiel;a_creer;2007-04-17;FC Montceau(CFA);FC Sochaux;0-2;15346;M. Auriac Thierry;Coupe de France;;;;FM_200607.doc
2006-2007;officiel;a_creer;2007-04-21;FC Sochaux;FC Lorient;1-1;13952;M. Castro Alexandre;Championnat de France, L1;;;;FM_200607.doc
2006-2007;officiel;a_creer;2007-04-29;Ol. Marseille;FC Sochaux;4-2;53000;M. Duhamel Laurent;Championnat de France, L1;;;;FM_200607.doc
2006-2007;officiel;a_creer;2007-05-05;FC Sochaux;FC Valenciennes;1-0;15657;M. Coué Bruno;Championnat de France, L1;;;;FM_200607.doc
2006-2007;officiel;a_creer;2007-05-09;FC Sochaux;AS Monaco;2-1;13451;M. Piccirillo Hervé;Championnat de France, L1;;;;FM_200607.doc
2006-2007;officiel;a_creer;2007-05-12;Ol. Marseille(L1);FC Sochaux;2-2;79797;M. Poulat Eric;Coupe de France;;;;FM_200607.doc
2006-2007;officiel;a_creer;2007-05-19;AS Nancy;FC Sochaux;5-2;19503;M. Jaffredo Lionel;Championnat de France, L1;;;;FM_200607.doc
2006-2007;officiel;a_creer;2007-05-26;FC Sochaux;AS Saint-Etienne;1-0;19738;M. Fautrel Fredy;Championnat de France, L1;;;;FM_200607.doc
2007-2008;amical;a_creer;2007-07-07;FC Sochaux;FC Shakhtar Donetsk(Ukr.);1-1;1000;M. Moreira;Amical;;;;AM_200708.doc
2007-2008;amical;a_creer;2007-07-11;FC Sochaux;Grenoble Foot;0-0;1700;M. Kalt Philippe;Amical;;;;AM_200708.doc
2007-2008;amical;a_creer;2007-07-14;FC Sochaux;Rapid Bucarest(Rou.);2-1;1200;Mme Petignat Nicole(Sui.);Amical;;;;AM_200708.doc
2007-2008;amical;a_creer;2007-07-20;FC Sochaux;Légia Varsovie(Pol.);0-0;3000;Mme Turpin;Amical;;;;AM_200708.doc
2007-2008;amical;a_creer;2007-07-25;Besançon RC;FC Sochaux;4-2;3000;M. Moreira;Amical;;;;AM_200708.doc
2007-2008;officiel;a_creer;2007-07-28;Ol. Lyon;FC Sochaux;2-1;30413;M. Biton Sandryk;Trophée des Champions;;;;FM_200708.doc
2007-2008;officiel;a_creer;2007-08-04;Paris SG;FC Sochaux;0-0;37400;M. Ennjimi Saïd;Championnat de France,D1;;;;FM_200708.doc
2007-2008;officiel;a_creer;2007-08-11;FC Sochaux;Le Mans UC;1-3;14033;M. Malige Philippe;Championnat de France,D1;;;;FM_200708.doc
2007-2008;officiel;a_creer;2007-08-15;Lille OSC;FC Sochaux;1-1;12029;M. Coué Bruno;Championnat de France,D1;;;;FM_200708.doc
2007-2008;officiel;a_creer;2007-08-18;FC Sochaux;AS Monaco;0-3;14091;M. Bré Stéphane;Championnat de France,D1;;;;FM_200708.doc
2007-2008;officiel;a_creer;2007-08-25;Valenciennes FC;FC Sochaux;3-1;13566;M. Kalt Philippe;Championnat de France,D1;;;;FM_200708.doc
2007-2008;officiel;a_creer;2007-08-29;FC Sochaux;Ol. Lyon;1-2;15744;M. Cailleux Jean-Charles;Championnat de France,D1;;;;FM_200708.doc
2007-2008;officiel;a_creer;2007-09-01;SM Caen;FC Sochaux;2-2;18099;M. Gautier Antony;Championnat de France,D1;;;;FM_200708.doc
2007-2008;amical;a_creer;2007-09-07;FC Sochaux;FC Gueugnon;1-0;500;M. Vincent;Amical;;;;AM_200708.doc
2007-2008;officiel;a_creer;2007-09-15;FC Sochaux;RC Strasbourg;0-0;16087;M. Hamer Alain(Lux.);Championnat de France,D1;;;;FM_200708.doc
2007-2008;officiel;a_creer;2007-09-20;FC Sochaux;Panionios NFC(Gré.);0-2;9469;M. Corpodean Sorin(Rou.);Coupe de l’UEFA;;;;FM_200708.doc
2007-2008;officiel;a_creer;2007-09-23;Stade Rennes FC;FC Sochaux;0-2;22589;M. Ruffray Bruno;Championnat de France,D1;;;;FM_200708.doc
2007-2008;officiel;a_creer;2007-09-26;Valenciennes FC(L1);FC Sochaux;2-1;4572;M. Fautrel Fredy;Coupe de la Ligue;;;;FM_200708.doc
2007-2008;officiel;a_creer;2007-10-04;Panionios NFC(Gré.);FC Sochaux;0-1;10000;M. Kelly Alan(Irl.);Coupe de l’UEFA;;;;FM_200708.doc
2007-2008;officiel;a_creer;2007-10-07;FC Sochaux;Toulouse FC;0-1;12783;M. Coué Bruno;Championnat de France,D1;;;;FM_200708.doc
2007-2008;amical;a_creer;2007-10-12;FC Sochaux;Neuchâtel Xamax(Sui.);1-0;500;M. Uffert;Amical;;;;AM_200708.doc
2007-2008;officiel;a_creer;2007-10-21;AS Nancy;FC Sochaux;1-1;18689;M. Layec Bertrand;Championnat de France,D1;;;;FM_200708.doc
2007-2008;officiel;a_creer;2007-10-27;FC Sochaux;Ol. Marseille;2-1;19957;M. Ennjimi Saïd;Championnat de France,D1;;;;FM_200708.doc
2007-2008;officiel;a_creer;2007-11-03;OGC Nice;FC Sochaux;0-0;10221;M. Gautier Antony;Championnat de France,D1;;;;FM_200708.doc
2007-2008;officiel;a_creer;2007-11-10;FC Sochaux;AJ Auxerre;1-1;18442;M. Lannoy Stéphane;Championnat de France,D1;;;;FM_200708.doc
2007-2008;amical;a_creer;2007-11-16;FC Thoune(Sui.);FC Sochaux;1-3;200;M. Speranda;Amical;;;;AM_200708.doc
2007-2008;officiel;a_creer;2007-11-24;AS Saint-Etienne;FC Sochaux;1-0;26015;Mr Bré Stéphane;Championnat de France,D1;;;;FM_200708.doc
2007-2008;officiel;a_creer;2007-12-01;FC Sochaux;RC Lens;0-2;13950;M. Jaffredo Lionel;Championnat de France,D1;;;;FM_200708.doc
2007-2008;officiel;a_creer;2007-12-08;FC Lorient;FC Sochaux;2-1;;;Championnat de France,D1;;;;FM_200708.doc
2007-2008;officiel;a_creer;2007-12-15;FC Metz;FC Sochaux;1-2;10370;M Thual Olivier;Championnat de France,D1;;;;FM_200708.doc
2007-2008;officiel;a_creer;2007-12-22;FC Sochaux;Girondins Bordeaux;0-1;12646;M. Kalt Philippe;Championnat de France,D1;;;;FM_200708.doc
2007-2008;officiel;a_creer;2008-01-06;US Maubeuge(DH);FC Sochaux;0-2;4378;M. Piccirillo Hervé;Coupe de France;;;;FM_200708.doc
2007-2008;officiel;a_creer;2008-01-12;Le Mans UC;FC Sochaux;0-2;9714;M. Lannoy Stéphane;Championnat de France, D1;;;;FM_200708.doc
2007-2008;officiel;a_creer;2008-01-19;FC Sochaux;Lille OSC;1-1;15862;M. Piccirillo Hervé;Championnat de France,D1;;;;FM_200708.doc
2007-2008;officiel;a_creer;2008-01-23;AS Monaco;FC Sochaux;1-2;7093;M. Cailleux Jean-Charles;Championnat de France, D1;;;;FM_200708.doc
2007-2008;officiel;a_creer;2008-01-26;FC Sochaux;Valenciennes FC;1-0;12518;M. Auriac Thierry;Championnat de France,D1;;;;FM_200708.doc
2007-2008;officiel;a_creer;2008-02-09;Ol. Lyon;FC Sochaux;4-1;35904;M. Gautier Antony;Championnat de France,D1;;;;FM_200708.doc
2007-2008;officiel;a_creer;2008-02-16;FC Sochaux;SM Caen;1-1;11378;M. Malige Philippe;Championnat de France,D1;;;;FM_200708.doc
2007-2008;officiel;a_creer;2008-02-23;RC Strasbourg;FC Sochaux;0-2;17084;M. Thual Olivier;Championnat de France,D1;;;;FM_200708.doc
2007-2008;officiel;a_creer;2008-03-01;FC Sochaux;Stade Rennes FC;0-0;14564;M. Duhamel Laurent;Championnat de France,D1;;;;FM_200708.doc
2007-2008;officiel;a_creer;2008-03-08;Toulouse FC;FC Sochaux;1-2;18502;M. Poulat Eric;Championnat de France, D1;;;;FM_200708.doc
2007-2008;officiel;a_creer;2008-03-15;FC Sochaux;AS Nancy;1-1;16487;M. Coué Bruno;Championnat de France,D1;;;;FM_200708.doc
2007-2008;officiel;a_creer;2008-03-18;Ol. Lyon(L1);FC Sochaux;2-1;20012;M. Fautrel Fredy;Coupe de France;;;;FM_200708.doc
2007-2008;officiel;a_creer;2008-03-22;Ol. Marseille;FC Sochaux;0-1;51435;M. Auriac Thierry;Championnat de France, D1;;;;FM_200708.doc
2007-2008;officiel;a_creer;2008-03-30;FC Sochaux;OGC Nice;1-0;19303;M. Ruffray Bruno;Championnat de France, D1;;;;FM_200708.doc
2007-2008;officiel;a_creer;2008-04-05;AJ Auxerre;FC Sochaux;0-1;10282;M. Bré Stéphane;Championnat de France, D1;;;;FM_200708.doc
2007-2008;officiel;a_creer;2008-04-12;FC Sochaux;AS Saint-Etienne;1-1;19921;M. Thual Olivier;Championnat de France, D1;;;;FM_200708.doc
2007-2008;officiel;a_creer;2008-04-19;RC Lens;FC Sochaux;3-2;39438;M. Fautrel Fredy;Championnat de France, D1;;;;FM_200708.doc
2007-2008;officiel;a_creer;2008-04-26;FC Sochaux;FC Lorient;1-1;17361;M. Kalt Philippe;Championnat de France, D1;;;;FM_200708.doc
2007-2008;officiel;a_creer;2008-05-03;FC Sochaux;FC Metz;0-0;17680;M. Auriac Thierry;Championnat de France, D1;;;;FM_200708.doc
2007-2008;officiel;a_creer;2008-05-10;Girondins Bordeaux FC;FC Sochaux;2-0;32487;M. Hamer Alain(Lux.);Championnat de France, D1;;;;FM_200708.doc
2007-2008;officiel;a_creer;2008-05-17;FC Sochaux;Paris SG;1-2;19873;M. Layec Bertrand;Championnat de France, D1;;;;FM_200708.doc
2008-2009;amical;a_creer;2008-07-09;FC Sochaux;FC Brasov(Rou.);0-1;250;M. Castro;Amical;;;;AM_200809.doc
2008-2009;amical;a_creer;2008-07-12;FC Sochaux;FC Shakhtar Donetsk(Ukr.);1-3;1500;M. Moreira Sébastien;Amical;;;;AM_200809.doc
2008-2009;amical;a_creer;2008-07-16;FC Sochaux;Betar Jérusalem(Isr.);0-0;800;M. Cramatte;Amical;;;;AM_200809.doc
2008-2009;amical;a_creer;2008-07-19;FC Sochaux;AS Nancy;2-1;1000;M. Moreira Sébastien;Amical;;;;AM_200809.doc
2008-2009;amical;a_creer;2008-07-22;FC Sochaux;FC Metz;1-1;2500;M. Falcone;Amical;;;;AM_200809.doc
2008-2009;amical;a_creer;2008-07-26;FC Sochaux;Dijon FCO;1-0;2000;M. Moreira Sébastien;Amical;;;;AM_200809.doc
2008-2009;amical;a_creer;2008-07-29;FC Sochaux;Concordia Bâle;4-1;300;M. Schneider;Amical;;;;AM_200809.doc
2008-2009;amical;a_creer;2008-08-02;FC Sochaux;Karksruhe SC;1-1;2000;M. Kalt Philippe;Amical;;;;AM_200809.doc
2008-2009;officiel;a_creer;2008-08-09;FC Sochaux;Grenoble Foot 38;1-2;14998;M. Buquet Ruddy;Championnat de France,L1;;;;FM_200809.doc
2008-2009;officiel;a_creer;2008-08-16;AS Saint-Etienne;FC Sochaux;2-1;30895;M. Cailleux Jean-Charles;Championnat de France,L1;;;;FM_200809.doc
2008-2009;amical;a_creer;2008-08-20;FC Sochaux;CONGO;0-1;1100;M. Moreira Sebastien;Amical;;;;AM_200809.doc
2008-2009;officiel;a_creer;2008-08-23;FC Sochaux;Paris SG;1-1;16791;M. Fautrel Fredy;Championnat de France,L1;;;;FM_200809.doc
2008-2009;officiel;a_creer;2008-08-30;Ol. Marseille;FC Sochaux;2-1;55074;M. Ennjimi Saïd;Championnat de France,L1;;;;FM_200809.doc
2008-2009;amical;a_creer;2008-09-06;FC Sochaux;FC Aarau;2-2;500;M. Pretot;Amical;;;;AM_200809.doc
2008-2009;officiel;a_creer;2008-09-14;FC Sochaux;Lille OSC;1-1;12816;M. Turpin Clément;Championnat de France,L1;;;;FM_200809.doc
2008-2009;officiel;a_creer;2008-09-20;Toulouse FC;FC Sochaux;2-1;13815;M. Cailleux Jean-Charles;Championnat de France,L1;;;;FM_200809.doc
2008-2009;officiel;a_creer;2008-09-24;FC Sochaux;Ol. Marseille(L1);1-0;12946;M. Thual Olivier;Coupe de la Ligue;;;;FM_200809.doc
2008-2009;officiel;a_creer;2008-09-27;FC Sochaux;FC Lorient;1-1;12296;M. Piccirillo Hervé;Championnat de France,L1;;;;FM_200809.doc
2008-2009;officiel;a_creer;2008-10-04;OGC Nice;FC Sochaux;1-1;9957;M. Fautrel Fredy;Championnat de France,L1;;;;FM_200809.doc
2008-2009;officiel;a_creer;2008-10-18;FC Sochaux;Le Havre AC;1-1;18730;M. Castro Alexandre;Championnat de France,L1;;;;FM_200809.doc
2008-2009;officiel;a_creer;2008-10-26;AS Nancy;FC Sochaux;1-1;17016;M. Falcone Didier;Championnat de France,L1;;;;FM_200809.doc
2008-2009;officiel;a_creer;2008-10-29;FC Sochaux;Ol. Lyon;0-2;17483;M. Gautier Antony;Championnat de France,L1;;;;FM_200809.doc
2008-2009;officiel;a_creer;2008-11-02;Stade Rennes;FC Sochaux;1-0;21856;M. Fautrel Fredy;Championnat de France,L1;;;;FM_200809.doc
2008-2009;officiel;a_creer;2008-11-08;FC Sochaux;Le Mans UC;2-1;10714;M. Ennjimi Saïd;Championnat de France,L1;;;;FM_200809.doc
2008-2009;officiel;a_creer;2008-11-11;FC Sochaux;RC Lens(L2);0-1;17098;M. Cailleux Jean-Charles;Coupe de la Ligue;;;;FM_200809.doc
2008-2009;officiel;a_creer;2008-11-15;AJ Auxerre;FC Sochaux;1-0;10522;M. Coué Bruno;Championnat de France,L1;;;;FM_200809.doc
2008-2009;officiel;a_creer;2008-11-22;Valenciennes FC;FC Sochaux;2-2;11956;M. Piccirillo Hervé;Championnat de France,L1;;;;FM_200809.doc
2008-2009;officiel;a_creer;2008-11-29;FC Sochaux;Girondins Bordeaux FC;0-0;13843;M. Hamer Alain(Lux.);Championnat de France,L1;;;;FM_200809.doc
2008-2009;officiel;a_creer;2008-12-07;AS Monaco;FC Sochaux;1-1;6585;M. Kalt Philippe;Championnat de France,L1;;;;FM_200809.doc
2008-2009;officiel;a_creer;2008-12-13;FC Sochaux;SM Caen;2-2;11215;M. Malige Philippe;Championnat de France,L1;;;;FM_200809.doc
2008-2009;officiel;a_creer;2008-12-20;FC Nantes;FC Sochaux;1-1;23416;M. Thual Olivier;Championnat de France,L1;;;;FM_200809.doc
2008-2009;officiel;a_creer;2009-01-03;FC Sochaux;Stade Rennes FC(L1);0-1;4546;M. Duhamel Laurent;Coupe de France;;;;FM_200809.doc
2008-2009;officiel;a_creer;2009-01-10;FC Sochaux;AS Saint-Etienne;1-0;12075;M. Coué Bruno;Championnat de France,L1;;;;FM_200809.doc
2008-2009;officiel;a_creer;2009-01-18;Paris SG;FC Sochaux;2-1;34195;M. Poulat Eric;Championnat de France,L1;;;;FM_200809.doc
2008-2009;amical;a_creer;2009-01-22;FC Sochaux;Grasshoppers Zurich(Sui.);1-0;400;M. Gaume;Amical;;;;AM_200809.doc
2008-2009;officiel;a_creer;2009-02-01;FC Sochaux;Ol. Marseille;1-0;19972;M. Jaffredo Lionel;Championnat de France,L1;;;;FM_200809.doc
2008-2009;officiel;a_creer;2009-02-07;Lille OSC;FC Sochaux;3-2;13477;M. Malige Philippe;Championnat de France,L1;;;;FM_200809.doc
2008-2009;officiel;a_creer;2009-02-15;FC Sochaux;Toulouse FC;1-2;12481;M. Falcone Didier;Championnat de France,L1;;;;FM_200809.doc
2008-2009;amical;a_creer;2009-02-17;FC Bâle(Sui.);FC Sochaux;3-1;;;Amical;;;;AM_200809.doc
2008-2009;officiel;a_creer;2009-02-21;FC Lorient;FC Sochaux;1-2;11588;M. Coué Bruno;Championnat de France,L1;;;;FM_200809.doc
2008-2009;officiel;a_creer;2009-02-28;FC Sochaux;OGC Nice;1-0;13202;M. Bré Stéphane;Championnat de France,L1;;;;FM_200809.doc
2008-2009;officiel;a_creer;2009-03-08;Le Havre AC;FC Sochaux;2-1;12123;M. Jaffredo Lionel;Championnat de France,L1;;;;FM_200809.doc
2008-2009;officiel;a_creer;2009-03-14;FC Sochaux;AS Nancy;2-1;13092;Alexandre Castro puis William Lavis à partir de la 23e;Championnat de France,L1;;;;FM_200809.doc
2008-2009;officiel;a_creer;2009-03-22;Ol. Lyon;FC Sochaux;2-0;37334;M. Thual Olivier;Championnat de France,L1;;;;FM_200809.doc
2008-2009;officiel;a_creer;2009-04-05;FC Sochaux;Stade Rennes FC;3-0;16604;Buquet Ruddy;Championnat de France,L1;;;;FM_200809.doc
2008-2009;officiel;a_creer;2009-04-11;Le Mans UC;FC Sochaux;2-0;12131;M. Turpin Clément;Championnat de France,L1;;;;FM_200809.doc
2008-2009;officiel;a_creer;2009-04-18;FC Sochaux;AJ Auxerre;0-1;14271;Duhamel Laurent;Championnat de France,L1;;;;FM_200809.doc
2008-2009;officiel;a_creer;2009-04-26;FC Sochaux;Valenciennes FC;1-1;14691;Malige Philippe;Championnat de France,L1;;;;FM_200809.doc
2008-2009;officiel;a_creer;2009-05-03;Girondins Bordeaux FC;FC Sochaux;3-0;27133;M. Lannoy Stéphane;Championnat de France,L1;;;;FM_200809.doc
2008-2009;officiel;a_creer;2009-05-13;FC Sochaux;AS Monaco;3-0;16879;Layec Bertrand;Championnat de France,L1;;;;FM_200809.doc
2008-2009;officiel;a_creer;2009-05-16;SM Caen;FC Sochaux;2-0;18927;M. Ennjimi Saïd;Championnat de France,L1;;;;FM_200809.doc
2008-2009;officiel;a_creer;2009-05-23;FC Sochaux;FC Nantes;2-1;19313;Bré Stéphane;Championnat de France,L1;;;;FM_200809.doc
2008-2009;officiel;a_creer;2009-05-30;Grenoble Foot 38;FC Sochaux;0-1;17337;M. Coué Bruno;Championnat de France,L1;;;;FM_200809.doc
2009-2010;amical;a_creer;2009-07-04;Grasshopper Zürich(Sui.);FC Sochaux;3-1;1300;;Amical;;;;AM_200910.doc
2009-2010;amical;a_creer;2009-07-08;FC Sochaux;Zamalek SC Le Caire(Egy.);3-0;200;M. Dumoulin;Amical;;;;AM_200910.doc
2009-2010;amical;a_creer;2009-07-12;FC Sochaux;Dijon FCO;3-0;3000;M. Moreira;Amical;;;;AM_200910.doc
2009-2010;amical;a_creer;2009-07-15;FC Sochaux;Grenoble Foot 38;2-1;2000;M. Moreira;Amical;;;;AM_200910.doc
2009-2010;amical;a_creer;2009-07-19;FC Sochaux;FC Brasov(Rou.);2-0;980;M. Moreira;Amical;;;;AM_200910.doc
2009-2010;amical;a_creer;2009-07-22;RC Strasbourg;FC Sochaux;0-1;2500;M. Kalt;Amical;;;;AM_200910.doc
2009-2010;amical;a_creer;2009-07-25;FC Sochaux;Eskisehirspor(Tur.);0-1;1000;M. Kalt;Amical;;;;AM_200910.doc
2009-2010;officiel;a_creer;2009-08-08;AJ Auxerre;FC Sochaux;0-1;12562;M. Buquet Ruddy;Championnat de France, Ligue 1;;;;FM_200910.doc
2009-2010;officiel;a_creer;2009-08-15;FC Sochaux;Girondins Bordeaux FC;2-3;16689;M. Duhamel Laurent;Championnat de France, Ligue 1;;;;FM_200910.doc
2009-2010;officiel;a_creer;2009-08-22;Montpellier HSC;FC Sochaux;2-0;15295;M. Vileo Pascal;Championnat de France, Ligue 1;;;;FM_200910.doc
2009-2010;officiel;a_creer;2009-08-29;FC Sochaux;AS Monaco;1-0;13141;M. Jaffredo Lionel;Championnat de France, Ligue 1;;;;FM_200910.doc
2009-2010;officiel;a_creer;2009-09-12;Lille OSC;FC Sochaux;1-0;13043;M. Buquet Ruddy;Championnat de France, Ligue 1;;;;FM_200910.doc
2009-2010;officiel;a_creer;2009-09-19;FC Sochaux;Valenciennes FC;2-5;11880;M. Coué Bruno;Championnat de France, Ligue 1;;;;FM_200910.doc
2009-2010;officiel;a_creer;2009-09-23;Stade Rennes FC(L1);FC Sochaux;2-1;9317;M. Duhamel Laurent;Coupe de la Ligue;;;;FM_200910.doc
2009-2010;officiel;a_creer;2009-09-26;AS Nancy;FC Sochaux;2-1;15330;M. Castro Alexandre;Championnat de France, Ligue 1;;;;FM_200910.doc
2009-2010;officiel;a_creer;2009-10-03;FC Sochaux;Le Mans UC;1-0;10985;M. Gautier Antony;Championnat de France, Ligue 1;;;;FM_200910.doc
2009-2010;officiel;a_creer;2009-10-17;Ol. Lyon;FC Sochaux;0-2;36489;M. Thual Olivier;Championnat de France, Ligue 1;;;;FM_200910.doc
2009-2010;officiel;a_creer;2009-10-24;FC Sochaux;FC Lorient;1-0;;;Championnat de France, Ligue 1;;;;FM_200910.doc
2009-2010;officiel;a_creer;2009-11-01;FC Sochaux;Paris SG;1-4;;;Championnat de France, Ligue 1;;;;FM_200910.doc
2009-2010;officiel;a_creer;2009-11-07;FC Sochaux;RC Lens;1-2;;;Championnat de France, Ligue 1;;;;FM_200910.doc
2009-2010;amical;a_creer;2009-11-20;FC Sochaux;FC Sion(Sui.);2-0;500;M. Moreira;Amical;;;;AM_200910.doc
2009-2010;officiel;a_creer;2009-11-28;FC Sochaux;OGC Nice;1-0;;;Championnat de France, Ligue 1;;;;FM_200910.doc
2009-2010;officiel;a_creer;2009-12-05;AS Saint-Etienne;FC Sochaux;0-0;;;Championnat de France, Ligue 1;;;;FM_200910.doc
2009-2010;officiel;a_creer;2009-12-10;Toulouse FC;FC Sochaux;2-0;;;Championnat de France, Ligue 1;;;;FM_200910.doc
2009-2010;officiel;a_creer;2009-12-13;FC Sochaux;Grenoble Foot;1-0;;;Championnat de France, Ligue 1;;;;FM_200910.doc
2009-2010;officiel;a_creer;2009-12-23;FC Sochaux;Stade Rennes FC;2-0;;;Championnat de France, Ligue 1;;;;FM_200910.doc
2009-2010;officiel;a_creer;2010-01-13;US Boulogne/Mer;FC Sochaux;0-0;;;Championnat de France, Ligue 1;;;;FM_200910.doc
2009-2010;officiel;a_creer;2010-01-16;AS Monaco;FC Sochaux;2-0;;;Championnat de France, Ligue 1;;;;FM_200910.doc
2009-2010;officiel;a_creer;2010-01-20;FC Sochaux;Lille OSC;2-1;10321;M. Coué Bruno;Championnat de France, Ligue 1;;;;FM_200910.doc
2009-2010;officiel;a_creer;2010-01-23;FC Saint-Louis-Neuweg(CFA2);FC Sochaux;0-1;3200;M. Lannoy Stéphane;Coupe de France;;;;FM_200910.doc
2009-2010;officiel;a_creer;2010-01-31;Valenciennes FC;FC Sochaux;1-1;11323;M. Castro Alexandre;Championnat de France, Ligue 1;;;;FM_200910.doc
2009-2010;officiel;a_creer;2010-02-03;FC Sochaux;Le Mans UC(L1);3-0;3009;M. Bien Wilfried;Coupe de France;;;;FM_200910.doc
2009-2010;officiel;a_creer;2010-02-06;FC Sochaux;AS Nancy;1-1;11057;M. Viléo Pascal;Championnat de France, Ligue 1;;;;FM_200910.doc
2009-2010;officiel;a_creer;2010-02-09;AS Beauvais(N);FC Sochaux;1-4;3932;M. Turpin Clément;Coupe de France;;;;FM_200910.doc
2009-2010;officiel;a_creer;2010-02-13;Le Mans UC;FC Sochaux;0-0;7318;M. Chapron Tony;Championnat de France, Ligue 1;;;;FM_200910.doc
2009-2010;officiel;a_creer;2010-02-21;FC Sochaux;Ol. Lyon;0-4;14768;M. Buquet Ruddy;Championnat de France, Ligue 1;;;;FM_200910.doc
2009-2010;officiel;a_creer;2010-02-27;FC Lorient;FC Sochaux;1-0;;;Championnat de France, Ligue 1;;;;FM_200910.doc
2009-2010;officiel;a_creer;2010-03-06;FC Sochaux;Toulouse FC;1-0;14055;M. Falcone Didier;Championnat de France, Ligue 1;;;;FM_200910.doc
2009-2010;officiel;a_creer;2010-03-13;Paris SG;FC Sochaux;4-1;;;Championnat de France, Ligue 1;;;;FM_200910.doc
2009-2010;officiel;a_creer;2010-03-20;RC Lens;FC Sochaux;0-0;;;Championnat de France, Ligue 1;;;;FM_200910.doc
2009-2010;officiel;a_creer;2010-03-24;AS Monaco(L1);FC Sochaux;4-3;;;Coupe de France, Quart de finale;;;;FM_200910.doc
2009-2010;officiel;a_creer;2010-04-03;OGC Nice;FC Sochaux;0-0;;;Championnat de France, Ligue 1;;;;FM_200910.doc
2009-2010;officiel;a_creer;2010-04-07;Ol. Marseille;FC Sochaux;3-0;;;Championnat de France, Ligue 1;;;;FM_200910.doc
2009-2010;officiel;a_creer;2010-04-10;FC Sochaux;AS Saint-Etienne;0-2;14711;M. Piccirillo Hervé;Championnat de France, Ligue 1;;;;FM_200910.doc
2009-2010;officiel;a_creer;2010-04-14;FC Sochaux;Ol. Marseille;0-1;19992;M. Bien Wilfried;Championnat de France, Ligue 1;;;;FM_200910.doc
2009-2010;officiel;a_creer;2010-04-17;Grenoble Foot 38;FC Sochaux;2-2;12960;M. Jaffredo Lionel;Championnat de France, Ligue 1;;;;FM_200910.doc
2009-2010;officiel;a_creer;2010-04-24;FC Sochaux;US Boulogne;0-3;14112;M. Castro Alexandre;Championnat de France, Ligue 1;;;;FM_200910.doc
2009-2010;officiel;a_creer;2010-05-02;Stade Rennes FC;FC Sochaux;1-2;17265;M. Coué Bruno;Championnat de France, Ligue 1;;;;FM_200910.doc
2009-2010;officiel;a_creer;2010-05-05;FC Sochaux;Montpellier HSC;0-1;12281;M. Turpin Clément;Championnat de France, Ligue 1;;;;FM_200910.doc
2009-2010;officiel;a_creer;2010-05-08;Girondins Bordeaux;FC Sochaux;2-0;28146;M. Malige Philippe;Championnat de France, Ligue 1;;;;FM_200910.doc
2009-2010;officiel;a_creer;2010-05-15;FC Sochaux;AJ Auxerre;1-2;14971;M. Kalt Philippe;Championnat de France, Ligue 1;;;;FM_200910.doc
2010-2011;amical;desaccord;2010-07-07;FC Sochaux;Neufchâtel Xamax  FC(Sui.);0-0;300;M. Grimaud;Tournoi Triangulaire;/matchs/2010-2011/neuchatel-xamax-sochaux-amical-07-07-2010/;lieu inversé (domicile/extérieur);;AM_201011.doc
2010-2011;amical;ok;2010-07-07;FC Sochaux;Deportivo Saprissa(Cri);0-0;300;M. Grimaud;Tournoi Triangulaire;/matchs/2010-2011/sochaux-deportivo-saprissa-amical-07-07-2010/;;;AM_201011.doc
2010-2011;amical;ok;2010-07-10;FC Bâle(Sui.);FC Sochaux;5-0;750;M. Klossner Stephan;Amical;/matchs/2010-2011/fc-bale-sochaux-amical-10-07-2010/;;;AM_201011.doc
2010-2011;amical;ok;2010-07-14;Evian-Thonon Gaillard FC;FC Sochaux;1-0;525;M. Ben El Hadj;Amical;/matchs/2010-2011/evian-tg-sochaux-amical-14-07-2010/;;;AM_201011.doc
2010-2011;amical;ok;2010-07-21;SC Fribourg(All.);FC Sochaux;3-0;1500;M. Muller(All.);Amical;/matchs/2010-2011/fribourg-sc-sochaux-amical-21-07-2010/;;;AM_201011.doc
2010-2011;amical;ok;2010-07-24;FC Sochaux;RC Strasbourg;2-0;2000;M. Kalt;Amical;/matchs/2010-2011/sochaux-strasbourg-amical-24-07-2010/;;;AM_201011.doc
2010-2011;amical;ok;2010-07-31;FC Sochaux;AS Nancy;0-3;1500;M. Desiage;Amical;/matchs/2010-2011/sochaux-nancy-amical-31-07-2010/;;;AM_201011.doc
2010-2011;amical;ok;2010-08-03;CA Pontarlier;FC Sochaux;0-1;1200;M. Mercier;Amical;/matchs/2010-2011/ca-pontarlier-sochaux-amical-03-08-2010/;;;AM_201011.doc
2010-2011;officiel;ok;2010-08-07;FC Sochaux;AC Arles-Avignon;2-1;10381;M. Cailleux Jean-Charles;Championnat de France, Ligue 1;/matchs/2010-2011/sochaux-arles-avignon-ligue-1-07-08-2010/;;;FM_201011.doc
2010-2011;officiel;ok;2010-08-14;AS Saint-Etienne;FC Sochaux;3-2;24053;M. Turpin Clément;Championnat de France, Ligue 1;/matchs/2010-2011/saint-etienne-sochaux-ligue-1-14-08-2010/;;;FM_201011.doc
2010-2011;officiel;ok;2010-08-22;FC Sochaux;Lille OSC;0-0;11436;M. Coué Bruno;Championnat de France, Ligue 1;/matchs/2010-2011/sochaux-lille-ligue-1-22-08-2010/;;;FM_201011.doc
2010-2011;officiel;ok;2010-08-29;FC Sochaux;Paris SG;3-1;12222;M. Buquet Ruddy;Championnat de France, Ligue 1;/matchs/2010-2011/sochaux-paris-sg-ligue-1-29-08-2010/;;;FM_201011.doc
2010-2011;officiel;ok;2010-09-11;Stade Rennes FC;FC Sochaux;2-1;17504;M. Bien Wilfried;Championnat de France, Ligue 1;/matchs/2010-2011/rennes-sochaux-ligue-1-11-09-2010/;;;FM_201011.doc
2010-2011;officiel;ok;2010-09-18;FC Sochaux;OGC Nice;4-0;9744;M. Viléo Pascal;Championnat de France, Ligue 1;/matchs/2010-2011/sochaux-nice-ligue-1-18-09-2010/;;;FM_201011.doc
2010-2011;officiel;ok;2010-09-22;FC Sochaux;SC Bastia(N);0-2;5750;M. Thual Olivier;Coupe de la Ligue;/matchs/2010-2011/sochaux-bastia-coupe-de-la-ligue-22-09-2010/;;;FM_201011.doc
2010-2011;officiel;ok;2010-09-25;Ol. Marseille;FC Sochaux;2-1;49895;M. Duhamel Laurent;Championnat de France, Ligue 1;/matchs/2010-2011/marseille-sochaux-ligue-1-25-09-2010/;;;FM_201011.doc
2010-2011;officiel;ok;2010-10-02;FC Sochaux;RC Lens;3-0;11115;M. Rainville Nicolas;Championnat de France, Ligue 1;/matchs/2010-2011/sochaux-lens-ligue-1-02-10-2010/;;;FM_201011.doc
2010-2011;officiel;ok;2010-10-16;Montpellier HSC;FC Sochaux;2-0;13967;M. Coué Bruno;Championnat de France, Ligue 1;/matchs/2010-2011/montpellier-sochaux-ligue-1-16-10-2010/;;;FM_201011.doc
2010-2011;officiel;ok;2010-10-23;FC Sochaux;Toulouse FC;1-3;11198;;Championnat de France, Ligue 1;/matchs/2010-2011/sochaux-toulouse-ligue-1-23-10-2010/;;;FM_201011.doc
2010-2011;officiel;ok;2010-10-30;Ol. Lyon;FC Sochaux;2-1;33992;M. Kalt Philippe;Championnat de France, Ligue 1;/matchs/2010-2011/lyon-sochaux-ligue-1-30-10-2010/;;;FM_201011.doc
2010-2011;officiel;ok;2010-11-06;FC Sochaux;AJ Auxerre;1-1;11020;M. Thual Olivier;Championnat de France, Ligue 1;/matchs/2010-2011/sochaux-auxerre-ligue-1-06-11-2010/;;;FM_201011.doc
2010-2011;officiel;ok;2010-11-13;Stade Brest 29;FC Sochaux;1-1;12960;M. Piccirillo Hervé;Championnat de France, Ligue 1;/matchs/2010-2011/brest-sochaux-ligue-1-13-11-2010/;;;FM_201011.doc
2010-2011;officiel;ok;2010-11-20;FC Sochaux;FC Lorient;2-0;9266;M. Cailleux Jean-Charles(Ben El Hadj Hakim,47e);Championnat de France, Ligue 1;/matchs/2010-2011/sochaux-lorient-ligue-1-20-11-2010/;;;FM_201011.doc
2010-2011;officiel;ok;2010-11-28;SM Caen;FC Sochaux;0-3;13420;M. Wilfried Bien;Championnat de France, Ligue 1;/matchs/2010-2011/caen-sochaux-ligue-1-28-11-2010/;;;FM_201011.doc
2010-2011;officiel;ok;2010-12-04;FC Sochaux;Valenciennes FC;2-1;9188;;Championnat de France, Ligue 1;/matchs/2010-2011/sochaux-valenciennes-ligue-1-04-12-2010/;;;FM_201011.doc
2010-2011;officiel;ok;2010-12-11;AS Nancy;FC Sochaux;1-0;13401;M. Viléo Pascal;Championnat de France, Ligue 1;/matchs/2010-2011/nancy-sochaux-ligue-1-11-12-2010/;;;FM_201011.doc
2010-2011;officiel;ok;2010-12-19;FC Sochaux;Girondins Bordeaux FC;1-1;12030;;Championnat de France, Ligue 1;/matchs/2010-2011/sochaux-bordeaux-ligue-1-19-12-2010/;;;FM_201011.doc
2010-2011;officiel;ok;2010-12-22;AS Monaco;FC Sochaux;2-1;4984;M. Rainville Nicolas;Championnat de France, Ligue 1;/matchs/2010-2011/monaco-sochaux-ligue-1-22-12-2010/;;;FM_201011.doc
2010-2011;officiel;ok;2011-01-08;Jarville JF(CFA2);FC Sochaux;0-1;10573;M. Piccirillo Hervé;Coupe de France;/matchs/2010-2011/jarville-sochaux-coupe-de-france-08-01-2011/;;;FM_201011.doc
2010-2011;officiel;ok;2011-01-15;Paris SG;FC Sochaux;2-1;28201;M. Bien Wilfried;Championnat de France, Ligue 1;/matchs/2010-2011/paris-sg-sochaux-ligue-1-15-01-2011/;;;FM_201011.doc
2010-2011;officiel;ok;2011-01-21;FC Sochaux;Paris FC(N);2-1;3975;M. Kalt Philippe;Coupe de France;/matchs/2010-2011/sochaux-paris-fc-coupe-de-france-21-01-2011/;;;FM_201011.doc
2010-2011;officiel;ok;2011-01-29;FC Sochaux;Stade Rennes FC;5-1;11833;M. Castro Alexandre;Championnat de France, Ligue 1;/matchs/2010-2011/sochaux-rennes-ligue-1-29-01-2011/;;;FM_201011.doc
2010-2011;officiel;ok;2011-02-02;SO Chambéry(CFA2);FC Sochaux;2-1;4000;M. Gautier Anthony;Coupe de France;/matchs/2010-2011/chambery-sochaux-coupe-de-france-02-02-2011/;;;FM_201011.doc
2010-2011;officiel;ok;2011-02-05;OGC Nice;FC Sochaux;1-0;6699;M. Buquet Ruddy;Championnat de France, Ligue 1;/matchs/2010-2011/nice-sochaux-ligue-1-05-02-2011/;;;FM_201011.doc
2010-2011;officiel;ok;2011-02-12;FC Sochaux;Ol. Marseille;1-2;19905;M. Malige Philippe;Championnat de France, Ligue 1;/matchs/2010-2011/sochaux-marseille-ligue-1-12-02-2011/;;;FM_201011.doc
2010-2011;officiel;ok;2011-02-19;RC Lens;FC Sochaux;2-3;30338;M. Varela Bartolomeu;Championnat de France, Ligue 1;/matchs/2010-2011/lens-sochaux-ligue-1-19-02-2011/;;;FM_201011.doc
2010-2011;officiel;ok;2011-02-26;FC Sochaux;Montpellier HSC;0-0;12085;M. Turpin Clément;Championnat de France, Ligue 1;/matchs/2010-2011/sochaux-montpellier-ligue-1-26-02-2011/;;;FM_201011.doc
2010-2011;officiel;ok;2011-03-05;Toulouse FC;FC Sochaux;0-1;14126;M. Ben El Hadj Hakim;Championnat de France, Ligue 1;/matchs/2010-2011/toulouse-sochaux-ligue-1-05-03-2011/;;;FM_201011.doc
2010-2011;officiel;ok;2011-03-12;FC Sochaux;Ol. Lyon;0-2;17879;M. Cailleux Jean-Charles;Championnat de France, Ligue 1;/matchs/2010-2011/sochaux-lyon-ligue-1-12-03-2011/;;;FM_201011.doc
2010-2011;officiel;ok;2011-03-19;AJ Auxerre;FC Sochaux;2-0;16213;M. Thual Olivier;Championnat de France, Ligue 1;/matchs/2010-2011/auxerre-sochaux-ligue-1-19-03-2011/;;;FM_201011.doc
2010-2011;officiel;ok;2011-04-02;FC Sochaux;Stade Brest 29;2-1;10982;M. Ennjimi Saïd;Championnat de France, Ligue 1;/matchs/2010-2011/sochaux-brest-ligue-1-02-04-2011/;;;FM_201011.doc
2010-2011;officiel;ok;2011-04-09;FC Lorient;FC Sochaux;1-1;15104;M. Rainville Nicolas;Championnat de France, Ligue 1;/matchs/2010-2011/lorient-sochaux-ligue-1-09-04-2011/;;;FM_201011.doc
2010-2011;officiel;ok;2011-04-16;FC Sochaux;SM Caen;3-2;11338;M. Bré Stéphane;Championnat de France, Ligue 1;/matchs/2010-2011/sochaux-caen-ligue-1-16-04-2011/;;;FM_201011.doc
2010-2011;officiel;ok;2011-04-24;Valenciennes FC;FC Sochaux;1-1;12229;M. Varela Bartolomeu;Championnat de France, Ligue 1;/matchs/2010-2011/valenciennes-sochaux-ligue-1-24-04-2011/;;;FM_201011.doc
2010-2011;officiel;ok;2011-04-30;FC Sochaux;AS Nancy;1-0;14082;M. Gautier Antony;Championnat de France, Ligue 1;/matchs/2010-2011/sochaux-nancy-ligue-1-30-04-2011/;;;FM_201011.doc
2010-2011;officiel;ok;2011-05-07;Girondins Bordeaux FC;FC Sochaux;0-4;24143;M. Piccirillo Hervé;Championnat de France, Ligue 1;/matchs/2010-2011/bordeaux-sochaux-ligue-1-07-05-2011/;;;FM_201011.doc
2010-2011;officiel;ok;2011-05-11;FC Sochaux;AS Monaco;3-0;14524;M. Bien Wilfried;Championnat de France, Ligue 1;/matchs/2010-2011/sochaux-monaco-ligue-1-11-05-2011/;;;FM_201011.doc
2010-2011;officiel;ok;2011-05-18;Lille OSC;FC Sochaux;1-0;16813;M. Kalt Philippe;Championnat de France, Ligue 1;/matchs/2010-2011/lille-sochaux-ligue-1-18-05-2011/;;;FM_201011.doc
2010-2011;officiel;ok;2011-05-21;FC Sochaux;AS Saint-Etienne;2-1;19930;M. Ennjimi Saïd;Championnat de France, Ligue 1;/matchs/2010-2011/sochaux-saint-etienne-ligue-1-21-05-2011/;;;FM_201011.doc
2010-2011;officiel;ok;2011-05-29;AC Arles-Avignon;FC Sochaux;1-3;7880;M. Malige Philippe;Championnat de France, Ligue 1;/matchs/2010-2011/arles-avignon-sochaux-ligue-1-29-05-2011/;;;FM_201011.doc
2011-2012;amical;desaccord;2011-07-09;FC Sochaux;Dijon FCO;2-4;2000;M. Moreira;Amical;/matchs/2011-2012/sochaux-dijon-amical-09-07-2011/;affluence 2000 (feuille) ≠ 1000 (musée);;AM_201112.doc
2011-2012;amical;a_completer;2011-07-16;FC Sochaux;US Créteil;1-1;500;M. Schneider;Amical;/matchs/2011-2012/sochaux-creteil-amical-16-07-2011/;;affluence;AM_201112.doc
2011-2012;amical;ok;2011-07-20;Stade Rennes FC;FC Sochaux;0-2;2000;M. Schneider;Amical;/matchs/2011-2012/rennes-sochaux-amical-20-07-2011/;;;AM_201112.doc
2011-2012;amical;ok;2011-07-23;FC Sochaux;AJ Auxerre;2-0;1500;M. Castro;Amical;/matchs/2011-2012/sochaux-auxerre-amical-23-07-2011/;;;AM_201112.doc
2011-2012;amical;desaccord;2011-07-27;FC Sochaux;FK Velez Mostar;2-2;1700;M. Moreira;Amical;/matchs/2011-2012/sochaux-velez-mostar-amical-27-07-2011/;affluence 1700 (feuille) ≠ 1000 (musée);;AM_201112.doc
2011-2012;amical;desaccord;2011-07-30;AS Nancy;FC Sochaux;0-0;2000;M. Leonard;Amical;/matchs/2011-2012/nancy-sochaux-amical-30-07-2011/;affluence 2000 (feuille) ≠ 1000 (musée);;AM_201112.doc
2011-2012;officiel;ok;2011-08-06;Ol. Marseille;FC Sochaux;2-2;41102;M. Castro Alexandre;Championnat de France, Ligue 1;/matchs/2011-2012/marseille-sochaux-ligue-1-06-08-2011/;;;FM_201112.doc
2011-2012;officiel;ok;2011-08-13;FC Sochaux;SM Caen;1-2;12137;M. Millot Benoît;Championnat de France, Ligue 1;/matchs/2011-2012/sochaux-caen-ligue-1-13-08-2011/;;;FM_201112.doc
2011-2012;officiel;ok;2011-08-18;FC Metalist Kharkov(Ukr.);FC Sochaux;0-0;35000;M. Johannesson Stefan(Suè.);Liga Europa;/matchs/2011-2012/metalist-kharkiv-sochaux-coupe-d-europe-18-08-2011/;;;FM_201112.doc
2011-2012;officiel;ok;2011-08-21;AS Nancy;FC Sochaux;1-2;15126;M. Lannoy Stéphane;Championnat de France, Ligue 1;/matchs/2011-2012/nancy-sochaux-ligue-1-21-08-2011/;;;FM_201112.doc
2011-2012;officiel;desaccord;2011-08-25;FC Sochaux;FC Metalist Kharkov(Ukr.);0-4;20000;M. Gonzalez Eduardo Itturalde(Esp.);Liga Europa;/matchs/2011-2012/sochaux-metalist-kharkiv-coupe-d-europe-25-08-2011/;affluence 20000 (feuille) ≠ 8739 (musée);;FM_201112.doc
2011-2012;officiel;ok;2011-08-28;FC Sochaux;AS Saint-Etienne;2-1;12183;M. Varela Bartolomeu;Championnat de France, Ligue 1;/matchs/2011-2012/sochaux-saint-etienne-ligue-1-28-08-2011/;;;FM_201112.doc
2011-2012;officiel;ok;2011-09-10;FC Sochaux;FC Lorient;1-1;10031;M. Bien Wilfried;Championnat de France, Ligue 1;/matchs/2011-2012/sochaux-lorient-ligue-1-10-09-2011/;;;FM_201112.doc
2011-2012;officiel;ok;2011-09-17;Lille OSC;FC Sochaux;2-2;16776;M. Cailleux Jean-Charles;Championnat de France, Ligue 1;/matchs/2011-2012/lille-sochaux-ligue-1-17-09-2011/;;;FM_201112.doc
2011-2012;officiel;ok;2011-09-21;FC Sochaux;Stade Rennes FC;2-6;10417;M. Bastien Benoît;Championnat de France, Ligue 1;/matchs/2011-2012/sochaux-rennes-ligue-1-21-09-2011/;;;FM_201112.doc
2011-2012;officiel;ok;2011-09-25;AJ Auxerre;FC Sochaux;4-1;8437;M. Malige Philippe;Championnat de France, Ligue 1;/matchs/2011-2012/auxerre-sochaux-ligue-1-25-09-2011/;;;FM_201112.doc
2011-2012;officiel;ok;2011-10-01;FC Sochaux;Toulouse FC;3-0;10142;M. Desiage Sébastien;Championnat de France, Ligue 1;/matchs/2011-2012/sochaux-toulouse-ligue-1-01-10-2011/;;;FM_201112.doc
2011-2012;officiel;desaccord;2011-10-16;Valenciennes FC;FC Sochaux;4-1;13498;M. Castro Alexandre;Championnat de France, Ligue 1;/matchs/2011-2012/valenciennes-sochaux-ligue-1-16-10-2011/;score 1-4 (feuille) ≠ 0-3 (musée);;FM_201112.doc
2011-2012;officiel;ok;2011-10-22;FC Sochaux;Evian-TG FC;1-1;12331;M. Gautier Antony;Championnat de France, Ligue 1;/matchs/2011-2012/sochaux-evian-tg-ligue-1-22-10-2011/;;;FM_201112.doc
2011-2012;officiel;ok;2011-10-26;OGC Nice(L1);FC Sochaux;2-1;6432;M. Piccirillo Hervé;Coupe de la Ligue 1;/matchs/2011-2012/nice-sochaux-coupe-de-la-ligue-26-10-2011/;;;FM_201112.doc
2011-2012;officiel;a_creer;2011-10-26;OGC Nice;FC Sochaux;1-1;8714;M. Ennjimi Saïd;Championnat de France, Ligue 1;;;;FM_201112.doc
2011-2012;officiel;ok;2011-11-06;FC Sochaux;Ol. Lyon;2-1;15638;M. Viléo Pascal;Championnat de France, Ligue 1;/matchs/2011-2012/sochaux-lyon-ligue-1-06-11-2011/;;;FM_201112.doc
2011-2012;officiel;ok;2011-11-20;Stade Brest 29;FC Sochaux;2-0;12920;M. Bien Wilfried;Championnat de France, Ligue 1;/matchs/2011-2012/brest-sochaux-ligue-1-20-11-2011/;;;FM_201112.doc
2011-2012;officiel;ok;2011-11-26;FC Sochaux;Montpellier HSC;1-3;11941;M. Lannoy Stéphane;Championnat de France, Ligue 1;/matchs/2011-2012/sochaux-montpellier-ligue-1-26-11-2011/;;;FM_201112.doc
2011-2012;officiel;ok;2011-12-03;Dijon FCO;FC Sochaux;0-0;13135;M. Desiage Sébastien;Championnat de France, Ligue 1;/matchs/2011-2012/dijon-sochaux-ligue-1-03-12-2011/;;;FM_201112.doc
2011-2012;officiel;ok;2011-12-10;FC Sochaux;Paris SG;0-1;16098;M. Malige Philippe;Championnat de France, Ligue 1;/matchs/2011-2012/sochaux-paris-sg-ligue-1-10-12-2011/;;;FM_201112.doc
2011-2012;officiel;ok;2011-12-18;Girondins Bordeaux FC;FC Sochaux;1-0;23700;M. Fautrel Fredy;Championnat de France, Ligue 1;/matchs/2011-2012/bordeaux-sochaux-ligue-1-18-12-2011/;;;FM_201112.doc
2011-2012;officiel;ok;2011-12-21;FC Sochaux;AC Ajaccio;0-2;9296;M. Castro Alexandre;Championnat de France, Ligue 1;/matchs/2011-2012/sochaux-ajaccio-ligue-1-21-12-2011/;;;FM_201112.doc
2011-2012;officiel;ok;2012-01-07;SC Bastia(L2);FC Sochaux;4-1;9000;M. Buquet Ruddy;Coupe de France;/matchs/2011-2012/bastia-sochaux-coupe-de-france-07-01-2012/;;;FM_201112.doc
2011-2012;officiel;ok;2012-01-14;AS Saint-Etienne;FC Sochaux;1-0;20222;M. Tuprin Clément;Championnat de France, Ligue 1;/matchs/2011-2012/saint-etienne-sochaux-ligue-1-14-01-2012/;;;FM_201112.doc
2011-2012;officiel;ok;2012-01-28;FC Lorient;FC Sochaux;1-1;15563;M. Millot Benoît;Championnat de France, Ligue 1;/matchs/2011-2012/lorient-sochaux-ligue-1-28-01-2012/;;;FM_201112.doc
2011-2012;officiel;ok;2012-02-11;Stade Rennes FC;FC Sochaux;1-0;17177;M. Rainville Nicolas;Championnat de France, Ligue 1;/matchs/2011-2012/rennes-sochaux-ligue-1-11-02-2012/;;;FM_201112.doc
2011-2012;officiel;ok;2012-02-18;FC Sochaux;AJ Auxerre;0-0;12136;M. Desiage Sébastien;Championnat de France, Ligue 1;/matchs/2011-2012/sochaux-auxerre-ligue-1-18-02-2012/;;;FM_201112.doc
2011-2012;officiel;ok;2012-02-22;FC Sochaux;Lille OSC;0-1;15052;M. Millot Benoît;Championnat de France, Ligue 1;/matchs/2011-2012/sochaux-lille-ligue-1-22-02-2012/;;;FM_201112.doc
2011-2012;officiel;ok;2012-02-26;Toulouse FC;FC Sochaux;2-0;11351;M. Castro Alexandre;Championnat de France, Ligue 1;/matchs/2011-2012/toulouse-sochaux-ligue-1-26-02-2012/;;;FM_201112.doc
2011-2012;officiel;ok;2012-03-03;FC Sochaux;Valencienne FC;1-1;11069;M. Bien Wilfried;Championnat de France, Ligue 1;/matchs/2011-2012/sochaux-valenciennes-ligue-1-03-03-2012/;;;FM_201112.doc
2011-2012;officiel;ok;2012-03-10;Evian-TG FC;FC Sochaux;2-3;10861;M. Thual Olivier;Championnat de France, Ligue 1;/matchs/2011-2012/evian-tg-sochaux-ligue-1-10-03-2012/;;;FM_201112.doc
2011-2012;officiel;ok;2012-03-18;FC Sochaux;OGC Nice;2-0;15930;M. Vileo Pascal;Championnat de France, Ligue 1;/matchs/2011-2012/sochaux-nice-ligue-1-18-03-2012/;;;FM_201112.doc
2011-2012;officiel;ok;2012-03-24;Ol. Lyon;FC Sochaux;2-1;32730;M. Piccirillo Hervé;Championnat de France, Ligue 1;/matchs/2011-2012/lyon-sochaux-ligue-1-24-03-2012/;;;FM_201112.doc
2011-2012;officiel;ok;2012-03-31;FC Sochaux;Stade Brest 29;2-1;17299;M. Castro Alexandre;Championnat de France, Ligue 1;/matchs/2011-2012/sochaux-brest-ligue-1-31-03-2012/;;;FM_201112.doc
2011-2012;officiel;ok;2012-04-07;Montpellier HSC;FC Sochaux;2-1;18429;M. Varela Bartolomeu;Championnat de France, Ligue 1;/matchs/2011-2012/montpellier-sochaux-ligue-1-07-04-2012/;;;FM_201112.doc
2011-2012;officiel;ok;2012-04-15;FC Sochaux;Dijon FCO;1-0;19599;M. Desiage Sebastien;Championnat de France, Ligue 1;/matchs/2011-2012/sochaux-dijon-ligue-1-15-04-2012/;;;FM_201112.doc
2011-2012;officiel;ok;2012-04-22;Paris SG;FC Sochaux;6-1;44366;M. Bien Wilfried;Championnat de France, Ligue 1;/matchs/2011-2012/paris-sg-sochaux-ligue-1-22-04-2012/;;;FM_201112.doc
2011-2012;officiel;ok;2012-04-29;FC Sochaux;Girondins Bordeaux FC;0-3;19352;M. Turpin Clément;Championnat de France, Ligue 1;/matchs/2011-2012/sochaux-bordeaux-ligue-1-29-04-2012/;;;FM_201112.doc
2011-2012;officiel;ok;2012-05-02;AC Ajaccio;FC Sochaux;2-1;8171;M. Jaffredo Lionel;Championnat de France, Ligue 1;/matchs/2011-2012/ajaccio-sochaux-ligue-1-02-05-2012/;;;FM_201112.doc
2011-2012;officiel;ok;2012-05-07;FC Sochaux;AS Nancy;1-0;18223;M. Cailleux Jean-Charles;Championnat de France, Ligue 1;/matchs/2011-2012/sochaux-nancy-ligue-1-07-05-2012/;;;FM_201112.doc
2011-2012;officiel;ok;2012-05-13;SM Caen;FC Sochaux;1-3;17191;M. Ennjimi Saïd;Championnat de France, Ligue 1;/matchs/2011-2012/caen-sochaux-ligue-1-13-05-2012/;;;FM_201112.doc
2011-2012;officiel;ok;2012-05-20;FC Sochaux;Ol. Marseille;1-0;18636;M. Chapron Tony;Championnat de France, Ligue 1;/matchs/2011-2012/sochaux-marseille-ligue-1-20-05-2012/;;;FM_201112.doc
2012-2013;amical;ok;2012-07-07;FC Sochaux;SAS Epinal;2-0;600;M. Leleu;Amical;/matchs/2012-2013/sochaux-epinal-amical-07-07-2012/;;;AM_201213.docx
2012-2013;amical;ok;2012-07-11;FC Sochaux;Stade Brest;1-1;700;M. Leleu;Amical;/matchs/2012-2013/sochaux-brest-amical-11-07-2012/;;;AM_201213.docx
2012-2013;amical;desaccord;2012-07-14;FC Sochaux;FC Meyrin(Sui.);5-0;400;M. Degailler;Amical;/matchs/2012-2013/fc-meyrin-sochaux-amical-14-07-2012/;lieu inversé (domicile/extérieur);;AM_201213.docx
2012-2013;amical;ok;2012-07-21;FC Sochaux;Dijon FCO;3-2;1500;M. Kalt Philippe;Amical;/matchs/2012-2013/sochaux-dijon-amical-21-07-2012/;;;AM_201213.docx
2012-2013;amical;ok;2012-07-25;SR Colmar;FC Sochaux;0-1;1200;M. Léonard;Amical;/matchs/2012-2013/sr-colmar-sochaux-amical-25-07-2012/;;;AM_201213.docx
2012-2013;amical;ok;2012-07-28;FC Sochaux;AS Nancy;1-0;1500;M. Léonard;Amical;/matchs/2012-2013/sochaux-nancy-amical-28-07-2012/;;;AM_201213.docx
2012-2013;amical;ok;2012-08-03;Bahlinger SC(All.);FC Sochaux;1-1;2000;;Kaiserstuhl Cup 2012;/matchs/2012-2013/bahlinger-sochaux-amical-03-08-2012/;;;AM_201213.docx
2012-2013;amical;ok;2012-08-04;SC Fribourg(All.);FC Sochaux;1-1;3600;M. Kemter;Kaiserstuhl Cup 2012;/matchs/2012-2013/sc-fribourg-sochaux-amical-04-08-2012/;;;AM_201213.docx
2012-2013;officiel;ok;2012-08-11;FC Sochaux;SC Bastia;2-3;12598;M. Cailleux Jean-Charles;Championnat de France, Ligue 1;/matchs/2012-2013/sochaux-bastia-ligue-1-11-08-2012/;;;FM_201213.docx
2012-2013;officiel;ok;2012-08-19;OL. Marseille;FC Sochaux;2-0;32733;M. Varela Bartolomeu;Championnat de France, Ligue 1;/matchs/2012-2013/marseille-sochaux-ligue-1-19-08-2012/;;;FM_201213.docx
2012-2013;officiel;ok;2012-08-25;Stade de Reims;FC Sochaux;1-0;12997;M. Thual Olivier;Championnat de France, Ligue 1;/matchs/2012-2013/reims-sochaux-ligue-1-25-08-2012/;;;FM_201213.docx
2012-2013;officiel;ok;2012-09-01;FC Sochaux;Montpellier HSC;1-3;9954;M. Bastien Benoît;Championnat de France, Ligue 1;/matchs/2012-2013/sochaux-montpellier-ligue-1-01-09-2012/;;;FM_201213.docx
2012-2013;officiel;ok;2012-09-15;AS Saint-Etienne;FC Sochaux;0-1;25555;M. Ennjimi Saïd;Championnat de France, Ligue 1;/matchs/2012-2013/saint-etienne-sochaux-ligue-1-15-09-2012/;;;FM_201213.docx
2012-2013;officiel;ok;2012-09-22;FC Sochaux;ESTAC Troyes;3-1;12813;M. Kalt Philippe;Championnat de France, Ligue 1;/matchs/2012-2013/sochaux-troyes-ligue-1-22-09-2012/;;;FM_201213.docx
2012-2013;officiel;ok;2012-09-26;FC Sochaux;Evian TG FC(L1);3-2;5692;M. Varela Bartolomeu;Coupe de la Ligue;/matchs/2012-2013/sochaux-evian-coupe-de-la-ligue-26-09-2012/;;;FM_201213.docx
2012-2013;officiel;ok;2012-09-29;Paris SG;FC Sochaux;2-0;44552;M. Bien Wilfried;Championnat de France, Ligue 1;/matchs/2012-2013/paris-sg-sochaux-ligue-1-29-09-2012/;;;FM_201213.docx
2012-2013;officiel;ok;2012-10-06;FC Sochaux;Stade Rennes FC;0-1;13070;M. Millot Benoît;Championnat de France, Ligue 1;/matchs/2012-2013/sochaux-rennes-ligue-1-06-10-2012/;;;FM_201213.docx
2012-2013;officiel;ok;2012-10-20;AS Nancy;FC Sochaux;1-1;18551;M. Fautrel Freddy;Championnat de France, Ligue 1;/matchs/2012-2013/nancy-sochaux-ligue-1-20-10-2012/;;;FM_201213.docx
2012-2013;officiel;ok;2012-10-30;FC Sochaux;AS Saint-Etienne(L1);0-3;7244;M. Bastien Benoît;Coupe de la Ligue;/matchs/2012-2013/sochaux-saint-etienne-coupe-de-la-ligue-30-10-2012/;;;FM_201213.docx
2012-2013;officiel;ok;2012-11-03;Valenciennes FC;FC Sochaux;3-1;14471;M. Buquet Ruddy;Championnat de France, Ligue 1;/matchs/2012-2013/valenciennes-sochaux-ligue-1-03-11-2012/;;;FM_201213.docx
2012-2013;officiel;ok;2012-11-07;FC Sochaux;Evian TG FC;2-1;14189;M. Duhamel Laurent;Championnat de France, Ligue 1;/matchs/2012-2013/sochaux-evian-ligue-1-07-11-2012/;;;FM_201213.docx
2012-2013;officiel;ok;2012-11-11;FC Sochaux;Ol. Lyon;1-1;13554;M. Gautier Antony;Championnat de France, Ligue 1;/matchs/2012-2013/sochaux-lyon-ligue-1-11-11-2012/;;;FM_201213.docx
2012-2013;officiel;ok;2012-11-17;AC Ajaccio;FC Sochaux;0-1;6163;M. Delerue Amaury;Championnat de France, Ligue 1;/matchs/2012-2013/ajaccio-sochaux-ligue-1-17-11-2012/;;;FM_201213.docx
2012-2013;officiel;ok;2012-11-24;FC Sochaux;OGC Nice;0-1;13460;M. Cailleux Jean-Charles;Championnat de France, Ligue 1;/matchs/2012-2013/sochaux-nice-ligue-1-24-11-2012/;;;FM_201213.docx
2012-2013;officiel;ok;2012-12-01;Girondins Bordeaux FC;FC Sochaux;2-2;15524;M. Bastien Benoît;Championnat de France, Ligue 1;/matchs/2012-2013/bordeaux-sochaux-ligue-1-01-12-2012/;;;FM_201213.docx
2012-2013;officiel;ok;2012-12-08;FC Sochaux;Lille OSC;1-1;8948;M. Kalt Philippe;Championnat de France, Ligue 1;/matchs/2012-2013/sochaux-lille-ligue-1-08-12-2012/;;;FM_201213.docx
2012-2013;officiel;ok;2012-12-12;FC Lorient;FC Sochaux;2-0;14306;M. Lesage Mikael;Championnat de France, Ligue 1;/matchs/2012-2013/lorient-sochaux-ligue-1-12-12-2012/;;;FM_201213.docx
2012-2013;officiel;ok;2012-12-15;FC Sochaux;Stade Brest 29;1-2;11284;M. Millot Benoît;Championnat de France, Ligue 1;/matchs/2012-2013/sochaux-brest-ligue-1-15-12-2012/;;;FM_201213.docx
2012-2013;officiel;ok;2012-12-23;Toulouse FC;FC Sochaux;2-0;16401;M. Jaffredo Lionel;Championnat de France, Ligue 1;/matchs/2012-2013/toulouse-sochaux-ligue-1-23-12-2012/;;;FM_201213.docx
2012-2013;officiel;ok;2013-01-05;ES Thaon(CFA2);FC Sochaux;0-1;2028;M. Bien Wilfried;Coupe de France;/matchs/2012-2013/thaon-les-vosges-sochaux-coupe-de-france-05-01-2013/;;;FM_201213.docx
2012-2013;officiel;ok;2013-01-13;FC Sochaux;Ol. Marseille;3-1;13488;M. Fautrel Fredy;Championnat de France, Ligue 1;/matchs/2012-2013/sochaux-marseille-ligue-1-13-01-2013/;;;FM_201213.docx
2012-2013;officiel;ok;2013-01-19;FC Sochaux;Stade Reims;1-0;8843;M. Rainville Nicolas;Championnat de France, Ligue 1;/matchs/2012-2013/sochaux-reims-ligue-1-19-01-2013/;;;FM_201213.docx
2012-2013;officiel;desaccord;2013-01-23;Montpellier HSC(L1);FC Sochaux;2-3;4500;M. Gautier Antony;Coupe de France;/matchs/2012-2013/montpellier-sochaux-coupe-de-france-23-01-2013/;affluence 4500 (feuille) ≠ 3500 (musée);;FM_201213.docx
2012-2013;officiel;ok;2013-01-26;Montpellier HSC;FC Sochaux;2-0;14528;M. Ennjimi Saïd;Championnat de France, Ligue 1;/matchs/2012-2013/montpellier-sochaux-ligue-1-26-01-2013/;;;FM_201213.docx
2012-2013;officiel;ok;2013-02-02;FC Sochaux;AS Saint-Etienne;1-2;12685;M. Cailleux Jean-Charles;Championnat de France, Ligue 1;/matchs/2012-2013/sochaux-st-etienne-ligue-1-02-02-2013/;;;FM_201213.docx
2012-2013;officiel;ok;2013-02-09;ESTAC Troyes;FC Sochaux;0-0;13967;M. Millot Benoît;Championnat de France, Ligue 1;/matchs/2012-2013/troyes-sochaux-ligue-1-09-02-2013/;;;FM_201213.docx
2012-2013;officiel;ok;2013-02-17;FC Sochaux;Paris SG;3-2;19390;M. Jaffredo Lionel;Championnat de France, Ligue 1;/matchs/2012-2013/sochaux-parissg-ligue-1-17-02-2013/;;;FM_201213.docx
2012-2013;officiel;ok;2013-02-23;Stade Rennes FC;FC Sochaux;2-2;13767;M. Bien Wilfried;Championnat de France, Ligue 1;/matchs/2012-2013/rennes-sochaux-ligue-1-23-02-2013/;;;FM_201213.docx
2012-2013;officiel;ok;2013-02-26;FC Sochaux;ESTAC Troyes(L1);1-2;5516;M. Buquet Ruddy;Coupe de France;/matchs/2012-2013/sochaux-troyes-coupe-de-france-26-02-2013/;;;FM_201213.docx
2012-2013;officiel;ok;2013-03-02;FC Sochaux;AS Nancy;1-2;12912;M. Lannoy Stéphane;Championnat de France, Ligue 1;/matchs/2012-2013/sochaux-nancy-ligue-1-02-03-2013/;;;FM_201213.docx
2012-2013;officiel;ok;2013-03-09;Evian-TG FC;FC Sochaux;5-1;8770;M. Bastien Benoît;Championnat de France, Ligue 1;/matchs/2012-2013/evian-thonon-gaillard-sochaux-ligue-1-09-03-2013/;;;FM_201213.docx
2012-2013;officiel;ok;2013-03-16;FC Sochaux;Valenciennes FC;1-1;10662;M. Ennjimi Saïd;Championnat de France, Ligue 1;/matchs/2012-2013/sochaux-valenciennes-ligue-1-16-03-2013/;;;FM_201213.docx
2012-2013;officiel;ok;2013-03-31;Ol. Lyon;FC Sochaux;1-2;34696;M. Millot Benoît;Championnat de France, Ligue 1;/matchs/2012-2013/lyon-sochaux-ligue-1-31-03-2013/;;;FM_201213.docx
2012-2013;officiel;ok;2013-04-06;FC Sochaux;AC Ajaccio;0-0;16818;M. Varela Bartolomeu;Championnat de France, Ligue 1;/matchs/2012-2013/sochaux-ajaccio-ligue-1-06-04-2013/;;;FM_201213.docx
2012-2013;officiel;desaccord;2013-04-16;OGC Nice;FC Sochaux;3-0;10091;M. Cailleux Jean-Charles;Championnat de France, Ligue 1;/matchs/2012-2013/nice-sochaux-ligue-1-14-04-2013/;date 2013-04-16 (feuille) ≠ 2013-04-14 (musée);;FM_201213.docx
2012-2013;officiel;ok;2013-04-21;FC Sochaux;Girondins de Bordeaux FC;2-2;16358;M. Castro Alexandre;Championnat de France, Ligue 1;/matchs/2012-2013/sochaux-bordeaux-ligue-1-21-04-2013/;;;FM_201213.docx
2012-2013;officiel;ok;2013-04-26;Lille OSC;FC Sochaux;3-3;41306;M. Kalt Philippe;Championnat de France, Ligue 1;/matchs/2012-2013/lille-sochaux-ligue-1-26-04-2013/;;;FM_201213.docx
2012-2013;officiel;ok;2013-05-04;FC Sochaux;FC Lorient;1-0;17311;M. Lesage Mikael;Championnat de France, Ligue 1;/matchs/2012-2013/sochaux-lorient-ligue-1-04-05-2013/;;;FM_201213.docx
2012-2013;officiel;ok;2013-05-11;Stade Brest 29;FC Sochaux;0-2;12239;M. Turpin Clément;Championnat de France, Ligue 1;/matchs/2012-2013/brest-sochaux-ligue-1-11-05-2013/;;;FM_201213.docx
2012-2013;officiel;ok;2013-05-18;FC Sochaux;Toulouse FC;1-2;18505;M. Varela Bartolomeu;Championnat de France, Ligue 1;/matchs/2012-2013/sochaux-toulouse-ligue-1-18-05-2013/;;;FM_201213.docx
2012-2013;officiel;ok;2013-05-26;SC Bastia;FC Sochaux;0-0;14619;M. Thual Olivier;Championnat de France, Ligue 1;/matchs/2012-2013/bastia-sochaux-ligue-1-26-05-2013/;;;FM_201213.docx
2013-2014;amical;ok;2013-07-13;FC Sochaux;AJ Auxerre;0-0;500;M. Moreira;Amical;/matchs/2013-2014/sochaux-auxerre-amical-13-07-2013/;;;AM_201314.docx
2013-2014;amical;ok;2013-07-17;FC Sochaux;SR Colmar;2-0;700;M. Leleu;Amical;/matchs/2013-2014/sochaux-sr-colmar-amical-17-07-2013/;;;AM_201314.docx
2013-2014;amical;ok;2013-07-20;FC Sochaux;AS Nancy;1-1;700;M. Jochem;Amical;/matchs/2013-2014/sochaux-nancy-amical-20-07-2013/;;;AM_201314.docx
2013-2014;amical;ok;2013-07-27;FC Sochaux;Dijon FCO;0-4;1000;M. Leleu;Amical;/matchs/2013-2014/sochaux-dijon-amical-27-07-2013/;;;AM_201314.docx
2013-2014;amical;ok;2013-07-31;FC Sochaux;Stade de Reims;0-0;200;M. Schneider;Amical;/matchs/2013-2014/sochaux-reims-amical-31-07-2013/;;;AM_201314.docx
2013-2014;amical;desaccord;2013-07-31;FC Sochaux;FC Lorient;0-1;1500;M. Schneider;Amical;/matchs/2013-2014/sochaux-lorient-amical-03-08-2013/;date 2013-07-31 (feuille) ≠ 2013-08-03 (musée);;AM_201314.docx
2013-2014;officiel;ok;2013-08-10;Evian TG;FC Sochaux;1-1;10287;Kalt Philippe;Championnat de France, Ligue 1;/matchs/2013-2014/evian-sochaux-ligue-1-10-08-2013/;;;FM_201314.docx
2013-2014;officiel;ok;2013-08-16;FC Sochaux;Ol. Lyon;1-3;13857;Ennjimi Saïd;Championnat de France, Ligue 1;/matchs/2013-2014/sochaux-lyon-ligue-1-16-08-2013/;;;FM_201314.docx
2013-2014;officiel;ok;2013-08-24;Montpellier HSC;FC Sochaux;2-1;12677;Castro Alexandre;Championnat de France, Ligue 1;/matchs/2013-2014/montpellier-sochaux-ligue-1-24-08-2013/;;;FM_201314.docx
2013-2014;officiel;ok;2013-08-31;FC Sochaux;AC Ajaccio;0-0;10294;Desiage Sébastien;Championnat de France, Ligue 1;/matchs/2013-2014/sochaux-ajaccio-ligue-1-31-08-2013/;;;FM_201314.docx
2013-2014;officiel;ok;2013-09-14;FC Nantes;FC Sochaux;1-0;22864;Bien Wilfried;Championnat de France, Ligue 1;/matchs/2013-2014/nantes-sochaux-ligue-1-14-09-2013/;;;FM_201314.docx
2013-2014;officiel;ok;2013-09-21;FC Sochaux;Lille OSC;0-2;10511;Millot Benoît;Championnat de France, Ligue 1;/matchs/2013-2014/sochaux-lille-ligue-1-21-09-2013/;;;FM_201314.docx
2013-2014;officiel;ok;2013-09-25;EA Guingamp;FC Sochaux;5-1;13515;Fautrel Fredy;Championnat de France, Ligue 1;/matchs/2013-2014/guingamp-sochaux-ligue-1-25-09-2013/;;;FM_201314.docx
2013-2014;officiel;ok;2013-09-28;FC Sochaux;Valenciennes FC;2-0;14579;M. Delerue Amaury;Championnat de France, Ligue 1;/matchs/2013-2014/sochaux-valenciennes-ligue-1-28-09-2013/;;;FM_201314.docx
2013-2014;officiel;ok;2013-10-06;Girondins Bordeaux FC;FC Sochaux;4-1;12823;M. Kalt Philippe;Championnat de France, Ligue 1;/matchs/2013-2014/bordeaux-sochaux-ligue-1-06-10-2013/;;;FM_201314.docx
2013-2014;amical;ok;2013-10-12;FC Sochaux;FC Sion(Sui.);2-1;1100;M. Bien Wilfried;Amical;/matchs/2013-2014/sochaux-sion-amical-12-10-2013/;;;AM_201314.docx
2013-2014;officiel;ok;2013-10-20;FC Sochaux;AS Monaco;2-2;15041;M. Thual Olivier;Championnat de France, Ligue 1;/matchs/2013-2014/sochaux-monaco-ligue-1-20-10-2013/;;;FM_201314.docx
2013-2014;officiel;ok;2013-10-26;FC Lorient;FC Sochaux;2-1;15093;M. Jochem Stéphane;Championnat de France, Ligue 1;/matchs/2013-2014/lorient-sochaux-ligue-1-26-10-2013/;;;FM_201314.docx
2013-2014;officiel;ok;2013-10-30;FC Sochaux;Montpellier HSC(L1);3-2;9077;M. Turpin Clément;Coupe de la Ligue;/matchs/2013-2014/sochaux-montpellier-coupe-de-la-ligue-30-10-2013/;;;FM_201314.docx
2013-2014;officiel;ok;2013-11-02;FC Sochaux;AS Saint-Etienne;0-0;12122;M. Varela Bartolomeu;Championnat de France, Ligue 1;/matchs/2013-2014/sochaux-saint-etienne-ligue-1-02-11-2013/;;;FM_201314.docx
2013-2014;officiel;ok;2013-11-10;OL. Marseille;FC Sochaux;2-1;37583;M. Buquet Ruddy;Championnat de France, Ligue 1;/matchs/2013-2014/marseille-sochaux-ligue-1-10-11-2013/;;;FM_201314.docx
2013-2014;officiel;ok;2013-11-23;FC Sochaux;SC Bastia;1-1;14551;M. Bien Wilfried;Championnat de France, Ligue 1;/matchs/2013-2014/sochaux-bastia-ligue-1-23-11-2013/;;;FM_201314.docx
2013-2014;officiel;ok;2013-11-30;Toulouse FC;FC Sochaux;5-1;13001;M. Desiage Sébastien;Championnat de France, Ligue 1;/matchs/2013-2014/toulouse-sochaux-ligue-1-30-11-2013/;;;FM_201314.docx
2013-2014;officiel;ok;2013-12-04;FC Sochaux;Stade Reims;0-2;10651;M. Chapron Tony;Championnat de France, Ligue 1;/matchs/2013-2014/sochaux-reims-ligue-1-04-12-2013/;;;FM_201314.docx
2013-2014;officiel;ok;2013-12-07;Paris SG;FC Sochaux;5-0;45061;M. Ennjimi Saïd;Championnat de France, Ligue 1;/matchs/2013-2014/paris-sg-sochaux-ligue-1-07-12-2013/;;;FM_201314.docx
2013-2014;officiel;ok;2013-12-14;OGC Nice;FC Sochaux;1-0;20565;M. Thual Olivier;Championnat de France, Ligue 1;/matchs/2013-2014/nice-sochaux-ligue-1-14-12-2013/;;;FM_201314.docx
2013-2014;officiel;ok;2013-12-18;OGC Nice(L1);FC Sochaux;3-0;15550;M. Kalt Philippe;Coupe de la Ligue;/matchs/2013-2014/nice-sochaux-coupe-de-la-ligue-18-12-2013/;;;FM_201314.docx
2013-2014;officiel;ok;2013-12-21;FC Sochaux;Stade Rennes FC;2-1;15170;M. Lesage Mikael;Championnat de France, Ligue 1;/matchs/2013-2014/sochaux-rennes-ligue-1-21-12-2013/;;;FM_201314.docx
2013-2014;officiel;ok;2014-01-04;FC Bressuire(DH);FC Sochaux;0-3;7809;M. Jaffredo Lionel;Coupe de France;/matchs/2013-2014/bressuire-sochaux-coupe-de-france-04-01-2014/;;;FM_201314.docx
2013-2014;officiel;ok;2014-01-11;OL. Lyon;FC Sochaux;2-0;36099;M. Lannoy Stéphane;Championnat de France, Ligue 1;/matchs/2013-2014/lyon-sochaux-ligue-1-11-01-2014/;;;FM_201314.docx
2013-2014;officiel;ok;2014-01-18;FC Sochaux;Montpellier HSC;0-2;16909;M. Castro Alexandre;Championnat de France, Ligue 1;/matchs/2013-2014/sochaux-montpellier-ligue-1-18-01-2014/;;;FM_201314.docx
2013-2014;officiel;ok;2014-01-21;SCO Angers(L2);FC Sochaux;1-0;7238;M. Gautier Antony;Coupe de France;/matchs/2013-2014/angers-sochaux-coupe-de-france-21-01-2014/;;;FM_201314.docx
2013-2014;officiel;ok;2014-01-25;AC Ajaccio;FC Sochaux;1-1;5924;M. Duhamel Laurent;Championnat de France, Ligue 1;/matchs/2013-2014/ajaccio-sochaux-ligue-1-25-01-2014/;;;FM_201314.docx
2013-2014;officiel;ok;2014-02-01;FC Sochaux;FC Nantes;1-0;12269;M. Thual Olivier;Championnat de France, Ligue 1;/matchs/2013-2014/sochaux-nantes-ligue-1-01-02-2014/;;;FM_201314.docx
2013-2014;officiel;ok;2014-02-08;Lille OSC;FC Sochaux;2-0;34841;M. Jochem Stéphane;Championnat de France, Ligue 1;/matchs/2013-2014/lille-sochaux-ligue-1-08-02-2014/;;;FM_201314.docx
2013-2014;officiel;ok;2014-02-15;FC Sochaux;EA Guingamp;1-0;12349;M. Kalt Philippe;Championnat de France, Ligue 1;/matchs/2013-2014/sochaux-guingamp-ligue-1-15-02-2014/;;;FM_201314.docx
2013-2014;officiel;ok;2014-02-22;Valenciennes FC;FC Sochaux;2-2;13340;M. Fautrel Fredy;Championnat de France, Ligue 1;/matchs/2013-2014/valenciennes-sochaux-ligue-1-22-02-2014/;;;FM_201314.docx
2013-2014;officiel;ok;2014-03-01;FC Sochaux;Girondins Bordeaux FC;2-0;13095;M. Desiage Sébastien;Championnat de France, Ligue 1;/matchs/2013-2014/sochaux-bordeaux-ligue-1-01-03-2014/;;;FM_201314.docx
2013-2014;officiel;ok;2014-03-08;AS Monaco;FC Sochaux;2-1;7654;M. Lesage Mikael;Championnat de France, Ligue 1;/matchs/2013-2014/monaco-sochaux-ligue-1-08-03-2014/;;;FM_201314.docx
2013-2014;officiel;ok;2014-03-15;FC Sochaux;FC Lorient;2-0;15867;M. Ennjimi Saïd;Championnat de France, Ligue 1;/matchs/2013-2014/sochaux-lorient-ligue-1-15-03-2014/;;;FM_201314.docx
2013-2014;officiel;ok;2014-03-23;AS Saint-Etienne;FC Sochaux;3-1;32688;M. Millot Benoît;Championnat de France, Ligue 1;/matchs/2013-2014/saint-etienne-sochaux-ligue-1-23-03-2014/;;;FM_201314.docx
2013-2014;officiel;ok;2014-03-29;FC Sochaux;OL. Marseille;1-1;16328;M. Varela Bartolomeu;Championnat de France, Ligue 1;/matchs/2013-2014/sochaux-marseille-ligue-1-29-03-2014/;;;FM_201314.docx
2013-2014;officiel;desaccord;2014-04-05;SC Bastia;FC Sochaux;2-2;12442;M. Delerue Amaury;Championnat de France, Ligue 1;/matchs/2013-2014/bastia-sochaux-ligue-1-05-04-2014/;affluence 12442 (feuille) ≠ 7611 (musée);;FM_201314.docx
2013-2014;officiel;ok;2014-04-12;FC Sochaux;Toulouse FC;2-0;11633;M. Castro Alexandre;Championnat de France, Ligue 1;/matchs/2013-2014/sochaux-toulouse-ligue-1-12-04-2014/;;;FM_201314.docx
2013-2014;officiel;ok;2014-04-20;Stade Reims;FC Sochaux;0-1;14493;M. Jochem Stéphane;Championnat de France, Ligue 1;/matchs/2013-2014/reims-sochaux-ligue-1-20-04-2014/;;;FM_201314.docx
2013-2014;officiel;ok;2014-04-27;FC Sochaux;Paris SG;1-1;19504;M. Desiage Sébastien;Championnat de France, Ligue 1;/matchs/2013-2014/sochaux-paris-sg-ligue-1-27-04-2014/;;;FM_201314.docx
2013-2014;officiel;ok;2014-05-04;FC Sochaux;OGC Nice;2-0;18729;M. Fautrel Fredy;Championnat de France, Ligue 1;/matchs/2013-2014/sochaux-nice-ligue-1-04-05-2014/;;;FM_201314.docx
2013-2014;officiel;ok;2014-05-10;Stade Rennes FC;FC Sochaux;1-2;16228;M. Rainville Nicolas;Championnat de France, Ligue 1;/matchs/2013-2014/rennes-sochaux-ligue-1-10-05-2014/;;;FM_201314.docx
2013-2014;officiel;ok;2014-05-17;FC Sochaux;Evian TG;0-3;19905;M. Turpin Clément;Championnat de France, Ligue 1;/matchs/2013-2014/sochaux-eviantg-ligue-1-17-05-2014/;;;FM_201314.docx
2014-2015;amical;ok;2014-07-05;FC Sochaux;AJ Auxerre;0-1;500;M. Moreira;Amical;/matchs/2014-2015/sochaux-auxerre-amical-05-07-2014/;;;AM_201415.docx
2014-2015;amical;ok;2014-07-08;Young Boys Berne(Sui.);FC Sochaux;1-0;650;M. Pache;Amical;/matchs/2014-2015/young-boys-berne-sochaux-amical-08-07-2014/;;;AM_201415.docx
2014-2015;amical;ok;2014-07-12;SAS Epinal;FC Sochaux;2-1;1000;M. Léonard;Amical;/matchs/2014-2015/epinal-sochaux-amical-12-07-2014/;;;AM_201415.docx
2014-2015;amical;ok;2014-07-19;FC Sochaux;Dijon FCO;2-2;1000;M. Moreira;Amical;/matchs/2014-2015/sochaux-dijon-amical-19-07-2014/;;;AM_201415.docx
2014-2015;amical;ok;2014-07-25;FC Sochaux;FC Metz;2-1;2000;M. Schneider;Amical;/matchs/2014-2015/sochaux-metz-amical-25-07-2014/;;;AM_201415.docx
2014-2015;officiel;desaccord;2014-08-04;FC Sochaux;US Orléans;0-1;;M. Millot Benoît;Championnat de France, Ligue 2;/matchs/2014-2015/sochaux-orleans-ligue-2-02-08-2014/;date 2014-08-04 (feuille) ≠ 2014-08-02 (musée);;FM_201415.docx
2014-2015;officiel;ok;2014-08-09;AC Ajaccio;FC Sochaux;0-2;4077;M. Varela Bartolomeu;Championnat de France, Ligue 2;/matchs/2014-2015/ajaccio-sochaux-ligue-2-09-08-2014/;;;FM_201415.docx
2014-2015;officiel;ok;2014-08-12;SCO Angers(D2);FC Sochaux;2-0;5737;M. Castro Alexandre;Coupe de la Ligue;/matchs/2014-2015/laval-sochaux-coupe-de-la-ligue-12-08-2014/;;;FM_201415.docx
2014-2015;officiel;ok;2014-08-18;FC Sochaux;Troyes ESTAC;0-2;;M. Bastien Benoît;Championnat de France, Ligue 2;/matchs/2014-2015/sochaux-troyes-ligue-2-18-08-2014/;;;FM_201415.docx
2014-2015;officiel;ok;2014-08-22;AC Arles-Avignon;FC Sochaux;2-2;1440;M. Guenaoui Hamid;Championnat de France, Ligue 2;/matchs/2014-2015/arles-avignon-sochaux-ligue-2-22-08-2014/;;;FM_201415.docx
2014-2015;officiel;ok;2014-08-29;FC Sochaux;Dijon FCO;0-1;7652;M. Jochem Stéphane;Championnat de France, Ligue 2;/matchs/2014-2015/sochaux-dijon-ligue-2-29-08-2014/;;;FM_201415.docx
2014-2015;officiel;a_creer;2014-09-03;FC Sochaux;AJ Auxerre;0-0;11269;M. Gautier Antony;Championnat de France, Ligue 2;;;;FM_201415.docx
2014-2015;officiel;ok;2014-09-13;AS Nancy;FC Sochaux;1-1;14158;M. Lesage Mikaël;Championnat de France, Ligue 2;/matchs/2014-2015/nancy-sochaux-ligue-2-13-09-2014/;;;FM_201415.docx
2014-2015;officiel;ok;2014-09-19;FC Sochaux;Nîmes Ol.;2-0;6816;M. Rouinsard Yohann;Championnat de France, Ligue 2;/matchs/2014-2015/sochaux-nimes-ligue-2-19-09-2014/;;;FM_201415.docx
2014-2015;officiel;ok;2014-09-23;FC Sochaux;Stade Brest 29;0-0;6662;M. Ben El Hadj Hakim;Championnat de France, Ligue 2;/matchs/2014-2015/sochaux-brest-ligue-2-23-09-2014/;;;FM_201415.docx
2014-2015;officiel;ok;2014-09-26;Tours FC;FC Sochaux;0-1;5047;M. Batta Florent;Championnat de France, Ligue 2;/matchs/2014-2015/tours-sochaux-ligue-2-26-09-2014/;;;FM_201415.docx
2014-2015;officiel;ok;2014-10-17;LB Châteauroux;FC Sochaux;1-4;5099;M. Palhies Sylvain;Championnat de France, Ligue 2;/matchs/2014-2015/chateauroux-sochaux-ligue-2-17-10-2014/;;;FM_201415.docx
2014-2015;officiel;ok;2014-10-24;FC Sochaux;Stade Laval;1-1;8500;M. Leonard Thomas;Championnat de France, Ligue 2;/matchs/2014-2015/sochaux-laval-ligue-2-24-10-2014/;;;FM_201415.docx
2014-2015;officiel;ok;2014-10-31;US Créteil;FC Sochaux;1-2;3002;M. Lavis William;Championnat de France, Ligue 2;/matchs/2014-2015/creteil-sochaux-ligue-2-31-10-2014/;;;FM_201415.docx
2014-2015;officiel;ok;2014-11-07;FC Sochaux;GFC Ajaccio;2-1;7223;M. Ennjimi Saïd;Championnat de France, Ligue 2;/matchs/2014-2015/sochaux-gazelec-ajaccio-ligue-2-07-11-2014/;;;FM_201415.docx
2014-2015;officiel;ok;2014-11-15;FC Limonest(DH);FC Sochaux;2-5;;M. Mezovar David;Coupe de France;/matchs/2014-2015/limonest-sochaux-coupe-de-france-15-11-2014/;;;FM_201415.docx
2014-2015;officiel;ok;2014-11-22;Le Havre AC;FC Sochaux;1-1;7949;M. Husset Olivier;Championnat de France, Ligue 2;/matchs/2014-2015/le-havre-sochaux-ligue-2-22-11-2014/;;;FM_201415.docx
2014-2015;officiel;ok;2014-11-28;FC Sochaux;Clermont Foot 63;1-0;7568;M. Perreau Niel Alexandre;Championnat de France, Ligue 2;/matchs/2014-2015/sochaux-clermont-ligue-2-28-11-2014/;;;FM_201415.docx
2014-2015;officiel;ok;2014-12-08;FC Sochaux;RC Strasbourg(N);0-1;5855;M. Falcone Didier;Coupe de France;/matchs/2014-2015/sochaux-strasbourg-coupe-de-france-08-12-2014/;;;FM_201415.docx
2014-2015;officiel;ok;2014-12-12;Chamois Niort FC;FC Sochaux;0-1;4266;M. Batta Florent;Championnat de France, Ligue 2;/matchs/2014-2015/niort-sochaux-ligue-2-12-12-2014/;;;FM_201415.docx
2014-2015;officiel;ok;2014-12-18;FC Sochaux;SCO Angers;1-1;10873;M. Palhies Sylvain;Championnat de France, Ligue 2;/matchs/2014-2015/sochaux-angers-ligue-2-18-12-2014/;;;FM_201415.docx
2014-2015;officiel;ok;2015-01-12;Valenciennes FC;FC Sochaux;1-2;6797;M. Hamel Johan;Championnat de France, Ligue 2;/matchs/2014-2015/valenciennes-sochaux-ligue-2-12-01-2015/;;;FM_201415.docx
2014-2015;officiel;ok;2015-01-17;FC Sochaux;AC Ajaccio;1-1;7896;M. Husset Olivier;Championnat de France, Ligue 2;/matchs/2014-2015/sochaux-ajaccio-ligue-2-17-01-2015/;;;FM_201415.docx
2014-2015;officiel;ok;2015-01-24;ESTAC Troyes;FC Sochaux;2-0;7995;M. Jochem Stéphane;Championnat de France, Ligue 2;/matchs/2014-2015/troyes-sochaux-ligue-2-24-01-2015/;;;FM_201415.docx
2014-2015;officiel;desaccord;2015-01-30;FC Sochaux;AC Arles-Avignon;1-0;7851;M. Frappart Stéphanie;Championnat de France, Ligue 2;/matchs/2014-2015/sochaux-arles-avignon-ligue-2-31-01-2015/;date 2015-01-30 (feuille) ≠ 2015-01-31 (musée);;FM_201415.docx
2014-2015;officiel;ok;2015-02-07;Dijon FCO;FC Sochaux;1-0;10024;M. Lesage Mikaël;Championnat de France, Ligue 2;/matchs/2014-2015/dijon-sochaux-ligue-2-07-02-2015/;;;FM_201415.docx
2014-2015;officiel;ok;2015-02-14;FC Sochaux;AS Nancy;0-2;9277;M. Miguelgorry Jérôme;Championnat de France, Ligue 2;/matchs/2014-2015/sochaux-nancy-ligue-2-14-02-2015/;;;FM_201415.docx
2014-2015;officiel;ok;2015-02-23;Nîmes Ol.;FC Sochaux;2-1;4471;M. Aubin Floris;Championnat de France, Ligue 2;/matchs/2014-2015/nimes-sochaux-ligue-2-23-02-2015/;;;FM_201415.docx
2014-2015;officiel;ok;2015-02-28;Stade Brest 29;FC Sochaux;1-1;7202;M. Fautrel Fredy;Championnat de France, Ligue 2;/matchs/2014-2015/brest-sochaux-ligue-2-28-02-2015/;;;FM_201415.docx
2014-2015;officiel;ok;2015-03-06;FC Sochaux;FC Tours;2-1;8917;M. Lavis William;Championnat de France, Ligue 2;/matchs/2014-2015/sochaux-tours-ligue-2-06-03-2015/;;;FM_201415.docx
2014-2015;officiel;ok;2015-03-14;AJ Auxerre;FC Sochaux;1-0;6756;M. Lannoy Stéphane;Championnat de France, Ligue 2;/matchs/2014-2015/auxerre-sochaux-ligue-2-14-03-2015/;;;FM_201415.docx
2014-2015;officiel;ok;2015-03-20;FC Sochaux;LB Châteauroux;3-0;7191;M. Palhies Sylvain;Championnat de France, Ligue 2;/matchs/2014-2015/sochaux-chateauroux-ligue-2-20-03-2015/;;;FM_201415.docx
2014-2015;officiel;ok;2015-04-03;Stade Laval;FC Sochaux;2-2;6812;M. Miguelgorry Jérôme;Championnat de France, Ligue 2;/matchs/2014-2015/laval-sochaux-ligue-2-03-04-2015/;;;FM_201415.docx
2014-2015;officiel;ok;2015-04-10;FC Sochaux;US Créteil;2-1;13114;M. Ben El Hadj Hakim;Championnat de France, Ligue 2;/matchs/2014-2015/sochaux-creteil-ligue-2-10-04-2015/;;;FM_201415.docx
2014-2015;officiel;ok;2015-04-17;GFC Ajaccio;FC Sochaux;3-0;2456;M. Hamel Johan;Championnat de France, Ligue 2;/matchs/2014-2015/gazelec-ajaccio-sochaux-ligue-2-17-04-2015/;;;FM_201415.docx
2014-2015;officiel;ok;2015-04-24;FC Sochaux;Le Havre AC;0-1;13542;M. Batta Florent;Championnat de France, Ligue 2;/matchs/2014-2015/sochaux-le-havre-ligue-2-24-04-2015/;;;FM_201415.docx
2014-2015;officiel;ok;2015-04-27;Clermont Foot 63;FC Sochaux;0-0;2873;M. Palhes Sylvain;Championnat de France, Ligue 2;/matchs/2014-2015/clermont-sochaux-ligue-2-27-04-2015/;;;FM_201415.docx
2014-2015;officiel;ok;2015-05-01;FC Sochaux;Chamois Niort FC;2-3;8980;M. Leonard Thomas;Championnat de France, Ligue 2;/matchs/2014-2015/sochaux-niort-ligue-2-01-05-2015/;;;FM_201415.docx
2014-2015;officiel;ok;2015-05-11;SCO Angers;FC Sochaux;0-0;14532;M. Bastien Benoît;Championnat de France, Ligue 2;/matchs/2014-2015/angers-sochaux-ligue-2-11-05-2015/;;;FM_201415.docx
2014-2015;officiel;ok;2015-05-15;FC Sochaux;Valenciennes FC;1-1;16301;M. Lesage Mikael;Championnat de France, Ligue 2;/matchs/2014-2015/sochaux-valenciennes-ligue-2-15-05-2015/;;;FM_201415.docx
2014-2015;officiel;ok;2015-05-22;US Orléans;FC Sochaux;1-0;5950;M. Jochem Stéphane;Championnat de France, Ligue 2;/matchs/2014-2015/orleans-sochaux-ligue-2-22-05-2015/;;;FM_201415.docx
2015-2016;amical;ok;2015-07-04;FC Sochaux;Sélection de Franche-Comté;1-0;;;Amical;/matchs/2015-2016/sochaux-selection-de-franche-comte-amical-04-07-2015/;;;AM_201516.docx
2015-2016;amical;ok;2015-07-11;FC Sochaux;AS Nancy;0-0;1000;M. Ben El Hadj;Amical;/matchs/2015-2016/sochaux-nancy-amical-11-07-2015/;;;AM_201516.docx
2015-2016;amical;ok;2015-07-18;FC Sochaux;Dijon FCO;3-1;;M. Perreau Niel Alexandre;Amical;/matchs/2015-2016/sochaux-dijon-amical-18-07-2015/;;;AM_201516.docx
2015-2016;amical;ok;2015-07-21;ASM Belfort;FC Sochaux;0-2;2500;M. Moreira;Amical;/matchs/2015-2016/asm-belfort-sochaux-amical-21-07-2015/;;;AM_201516.docx
2015-2016;amical;desaccord;2015-07-24;FC Sochaux;GFC Ajaccio;0-0;700;M. Ben El Hadj;Amical;/matchs/2015-2016/gazelec-ajaccio-sochaux-amical-24-07-2015/;lieu inversé (domicile/extérieur);;AM_201516.docx
2015-2016;officiel;ok;2015-07-31;Clermont Foot;FC Sochaux;0-0;3834;M. Rouinsard Yohann;Championnat de France, Ligue 2;/matchs/2015-2016/clermont-sochaux-ligue-2-31-07-2015/;;;FM_201516.docx
2015-2016;officiel;ok;2015-08-07;FC Sochaux;FC Metz;0-1;9354;M. Castro Alexandre;Championnat de France, Ligue 2;/matchs/2015-2016/sochaux-metz-ligue-2-07-08-2015/;;;FM_201516.docx
2015-2016;officiel;ok;2015-08-11;FC Sochaux;Chamois Niort FC(L2);3-2;5524;M. Perreau Niel Alexandre;Coupe de la Ligue;/matchs/2015-2016/sochaux-niort-coupe-de-la-ligue-11-08-2015/;;;FM_201516.docx
2015-2016;officiel;ok;2015-08-14;Chamois Niort FC;FC Sochaux;1-1;3505;M. Batta Florent;Championnat de France, Ligue 2;/matchs/2015-2016/niort-sochaux-ligue-2-14-08-2015/;;;FM_201516.docx
2015-2016;officiel;ok;2015-08-21;FC Sochaux;Paris FC;1-1;7954;M. Palhies Sylvain;Championnat de France, Ligue 2;/matchs/2015-2016/sochaux-paris-fc-ligue-2-21-08-2015/;;;FM_201516.docx
2015-2016;officiel;ok;2015-08-25;Tours FC(L2);FC Sochaux;2-0;4751;M. Frappart Stéphanie;Coupe de la Ligue;/matchs/2015-2016/tours-sochaux-coupe-de-la-ligue-25-08-2015/;;;FM_201516.docx
2015-2016;officiel;ok;2015-08-28;Football Bourg-en-Bresse;FC Sochaux;2-1;1521;M. Abed Karim;Championnat de France, Ligue 2;/matchs/2015-2016/bourg-peronnas-sochaux-ligue-2-28-08-2015/;;;FM_201516.docx
2015-2016;officiel;ok;2015-09-11;FC Sochaux;US Créteil;0-3;6717;M. Letexier François;Championnat de France, Ligue 2;/matchs/2015-2016/sochaux-creteil-ligue-2-11-09-2015/;;;FM_201516.docx
2015-2016;officiel;ok;2015-09-18;Red Star 93;FC Sochaux;0-0;1129;M. Leonard Thomas;Championnat de France, Ligue 2;/matchs/2015-2016/red-star-sochaux-ligue-2-18-09-2015/;;;FM_201516.docx
2015-2016;officiel;ok;2015-09-22;FC Sochaux;Dijon FCO;0-1;6714;M. Batta Florent;Championnat de France, Ligue 2;/matchs/2015-2016/sochaux-dijon-ligue-2-22-09-2015/;;;FM_201516.docx
2015-2016;officiel;ok;2015-09-25;RC Lens;FC Sochaux;1-0;22263;M. Thual Olivier;Championnat de France, Ligue 2;/matchs/2015-2016/lens-sochaux-ligue-2-25-09-2015/;;;FM_201516.docx
2015-2016;officiel;ok;2015-10-02;FC Sochaux;Valenciennes FC;1-0;7176;M. Falcone Didier;Championnat de France, Ligue 2;/matchs/2015-2016/sochaux-valenciennes-ligue-2-02-10-2015/;;;FM_201516.docx
2015-2016;officiel;ok;2015-10-16;FC Sochaux;Tours FC;0-0;7647;M. Guenaoui Hamid;Championnat de France, Ligue 2;/matchs/2015-2016/sochaux-tours-ligue-2-16-10-2015/;;;FM_201516.docx
2015-2016;officiel;ok;2015-10-23;Le Havre AC;FC Sochaux;2-1;6924;M. Lavis William;Championnat de France, Ligue 2;/matchs/2015-2016/le-havre-sochaux-ligue-2-23-10-2015/;;;FM_201516.docx
2015-2016;officiel;ok;2015-10-30;FC Sochaux;Evian TG;1-0;9408;M. Aubin Floris;Championnat de France, Ligue 2;/matchs/2015-2016/sochaux-evian-ligue-2-30-10-2015/;;;FM_201516.docx
2015-2016;officiel;ok;2015-11-06;Nîmes Ol.;FC Sochaux;0-2;5022;M. Abed Karim;Championnat de France, Ligue 2;/matchs/2015-2016/nimes-sochaux-ligue-2-06-11-2015/;;;FM_201516.docx
2015-2016;officiel;ok;2015-11-20;FC Sochaux;RC Strasbourg(N);2-1;5190;M. Batta Florent;Coupe de France;/matchs/2015-2016/sochaux-strasbourg-coupe-de-france-20-11-2015/;;;FM_201516.docx
2015-2016;officiel;ok;2015-11-24;FC Sochaux;Stade Laval;0-0;13072;M. Palhies Sylvain;Championnat de France, Ligue 2;/matchs/2015-2016/sochaux-laval-ligue-2-24-11-2015/;;;FM_201516.docx
2015-2016;officiel;ok;2015-11-27;Stade Brest 29;FC Sochaux;1-0;6642;M. Delpech Romain;Championnat de France, Ligue 2;/matchs/2015-2016/brest-sochaux-ligue-2-27-11-2015/;;;FM_201516.docx
2015-2016;officiel;ok;2015-12-01;FC Sochaux;AS Nancy;2-2;6532;M. Miguelgorry Jérôme;Championnat de France, Ligue 2;/matchs/2015-2016/sochaux-nancy-ligue-2-01-12-2015/;;;FM_201516.docx
2015-2016;officiel;ok;2015-12-06;FC Sochaux;AS Nancy(L2);1-0;3308;M. Aubin Floris;Coupe de France;/matchs/2015-2016/sochaux-nancy-coupe-de-france-06-12-2015/;;;FM_201516.docx
2015-2016;officiel;ok;2015-12-11;AJ Auxerre;FC Sochaux;2-1;5019;M. Jaffredo Lionel;Championnat de France, Ligue 2;/matchs/2015-2016/auxerre-sochaux-ligue-2-11-12-2015/;;;FM_201516.docx
2015-2016;officiel;ok;2015-12-18;FC Sochaux;AC Ajaccio;3-0;7217;M. Falcone Didier;Championnat de France, Ligue 2;/matchs/2015-2016/sochaux-ajaccio-ligue-2-18-12-2015/;;;FM_201516.docx
2015-2016;officiel;ok;2016-01-02;AS Pagny-Sur-Moselle(CFA2);FC Sochaux;0-2;3000;M. Bien Wilfried;Coupe de France;/matchs/2015-2016/pagny-sur-moselle-sochaux-coupe-de-france-02-01-2016/;;;FM_201516.docx
2015-2016;officiel;ok;2016-01-11;FC Metz;FC Sochaux;1-0;11259;M. Gautier Antony;Championnat de France, Ligue 2;/matchs/2015-2016/metz-sochaux-ligue-2-11-01-2016/;;;FM_201516.docx
2015-2016;officiel;ok;2016-01-15;FC Sochaux;Chamois Niort FC;2-3;5934;M. Brisard Jérôme;Championnat de France, Ligue 2;/matchs/2015-2016/sochaux-niort-ligue-2-15-01-2016/;;;FM_201516.docx
2015-2016;officiel;ok;2016-01-19;SC Bastia(L1);FC Sochaux;1-2;3000;M. Ennjimi Saïd;Coupe de France;/matchs/2015-2016/bastia-sochaux-coupe-de-france-19-01-2016/;;;FM_201516.docx
2015-2016;officiel;ok;2016-01-22;Paris FC;FC Sochaux;0-0;3195;M. Castro Alexandre;Championnat de France, Ligue 2;/matchs/2015-2016/paris-fc-sochaux-ligue-2-22-01-2016/;;;FM_201516.docx
2015-2016;officiel;ok;2016-01-29;FC Sochaux;F. Bourg-en-Bresse P. 01;1-1;6369;M. Batta Florent;Championnat de France, Ligue 2;/matchs/2015-2016/sochaux-bourg-peronnas-ligue-2-29-01-2016/;;;FM_201516.docx
2015-2016;officiel;ok;2016-02-02;US Créteil;FC Sochaux;1-1;1934;M. Petit Aurélien;Championnat de France, Ligue 2;/matchs/2015-2016/creteil-sochaux-ligue-2-02-02-2016/;;;FM_201516.docx
2015-2016;officiel;ok;2016-02-05;FC Sochaux;Red Star 93;1-2;6118;M. Aubin Floris;Championnat de France, Ligue 2;/matchs/2015-2016/sochaux-red-star-ligue-2-05-02-2016/;;;FM_201516.docx
2015-2016;officiel;ok;2016-02-09;FC Sochaux;AS Monaco(L1);2-1;9430;M. Varela Bartolomeu;Coupe de France;/matchs/2015-2016/sochaux-monaco-coupe-de-france-09-02-2016/;;;FM_201516.docx
2015-2016;officiel;ok;2016-02-12;Dijon FCO;FC Sochaux;2-2;7905;M. Thual Olivier;Championnat de France, Ligue 2;/matchs/2015-2016/dijon-sochaux-ligue-2-12-02-2016/;;;FM_201516.docx
2015-2016;officiel;ok;2016-02-19;FC Sochaux;RC Lens;0-0;8342;M. Stinat Jéremy;Championnat de France, Ligue 2;/matchs/2015-2016/sochaux-lens-ligue-2-19-02-2016/;;;FM_201516.docx
2015-2016;officiel;ok;2016-02-26;Valenciennes FC;FC Sochaux;2-2;6824;M. Leonard Thomas;Championnat de France, Ligue 2;/matchs/2015-2016/valenciennes-sochaux-ligue-2-26-02-2016/;;;FM_201516.docx
2015-2016;officiel;ok;2016-03-02;FC Sochaux;FC Nantes(L1);3-2;9970;M. Chapron Tony;Coupe de France;/matchs/2015-2016/sochaux-nantes-coupe-de-france-02-03-2016/;;;FM_201516.docx
2015-2016;officiel;ok;2016-03-05;Tours FC;FC Sochaux;1-0;4251;M. Lissorgue Romain;Championnat de France, Ligue 2;/matchs/2015-2016/tours-sochaux-ligue-2-05-03-2016/;;;FM_201516.docx
2015-2016;officiel;ok;2016-03-11;FC Sochaux;Le Havre AC;1-0;12606;M. Rouinsard Yohann;Championnat de France, Ligue 2;/matchs/2015-2016/sochaux-le-havre-ligue-2-11-03-2016/;;;FM_201516.docx
2015-2016;officiel;ok;2016-03-18;Evian TG;FC Sochaux;0-0;4443;M. Brisard Jérôme;Championnat de France, Ligue 2;/matchs/2015-2016/evian-sochaux-ligue-2-18-03-2016/;;;FM_201516.docx
2015-2016;officiel;ok;2016-04-01;FC Sochaux;Nîmes Ol.;0-0;10621;M. Castro Alexandre;Championnat de France, Ligue 2;/matchs/2015-2016/sochaux-nimes-ligue-2-01-04-2016/;;;FM_201516.docx
2015-2016;officiel;ok;2016-04-08;Stade Laval;FC Sochaux;1-2;5218;M. Palhies Sylvain;Championnat de France, Ligue 2;/matchs/2015-2016/laval-sochaux-ligue-2-08-04-2016/;;;FM_201516.docx
2015-2016;officiel;ok;2016-04-15;FC Sochaux;Stade Brest 29;2-1;10042;M. Thual Olivier;Championnat de France, Ligue 2;/matchs/2015-2016/sochaux-brest-ligue-2-15-04-2016/;;;FM_201516.docx
2015-2016;officiel;ok;2016-04-20;FC Sochaux;Ol. Marseille(L1);0-1;19964;M. Millot Benoît;Coupe de France;/matchs/2015-2016/sochaux-marseille-coupe-de-france-20-04-2016/;;;FM_201516.docx
2015-2016;officiel;ok;2016-04-25;AS Nancy;FC Sochaux;1-0;19237;M. Miguelgorry Jérôme;Championnat de France, Ligue 2;/matchs/2015-2016/nancy-sochaux-ligue-2-25-04-2016/;;;FM_201516.docx
2015-2016;officiel;ok;2016-04-29;FC Sochaux;AJ Auxerre;2-3;12453;M. Abed Karim;Championnat de France, Ligue 2;/matchs/2015-2016/sochaux-auxerre-ligue-2-29-04-2016/;;;FM_201516.docx
2015-2016;officiel;ok;2016-05-06;AC Ajaccio;FC Sochaux;0-2;3013;M. Palhies Sylvain;Championnat de France, Ligue 2;/matchs/2015-2016/ajaccio-sochaux-ligue-2-06-05-2016/;;;FM_201516.docx
2015-2016;officiel;ok;2016-05-13;FC Sochaux;Clermont Foot;2-0;15634;M. Varela Bartolomeu;Championnat de France, Ligue 2;/matchs/2015-2016/sochaux-clermont-ligue-2-13-05-2016/;;;FM_201516.docx
2015-2016;amical;ok;2016-06-24;FC Sochaux;Sélection de Franche-Comté;5-0;750;;Amical;/matchs/2016-2017/sochaux-selection-de-franche-comte-amical-24-06-2016/;;;AM_201617.docx
2016-2017;amical;ok;2016-07-02;FC Sochaux;Servette Genève FC(Sui.);0-0;200;M. Castro;Amical;/matchs/2016-2017/sochaux-servette-geneve-amical-02-07-2016/;;;AM_201617.docx
2016-2017;amical;ok;2016-07-09;Neuchâtel Xamax FC(Sui.);FC Sochaux;2-2;450;M. Tschudi;Amical;/matchs/2016-2017/neuchatel-xamax-sochaux-amical-09-07-2016/;;;AM_201617.docx
2016-2017;amical;ok;2016-07-13;ASM Belfort;FC Sochaux;0-3;1000;M. Bouille;Amical;/matchs/2016-2017/asm-belfort-sochaux-amical-13-07-2016/;;;AM_201617.docx
2016-2017;amical;ok;2016-07-16;FC Sochaux;Dijon FCO;2-0;1500;M. Schneider;Amical;/matchs/2016-2017/sochaux-dijon-amical-16-07-2016/;;;AM_201617.docx
2016-2017;amical;ok;2016-07-22;FC Sochaux;UNFP;2-0;1500;M. Garret;Amical;/matchs/2016-2017/sochaux-unfp-amical-22-07-2016/;;;AM_201617.docx
2016-2017;officiel;ok;2016-07-29;ESTAC Troyes;FC Sochaux;1-3;6665;M. Bastien Benoît;Championnat de France, Ligue 2;/matchs/2016-2017/troyes-sochaux-ligue-2-29-07-2016/;;;FM_201617.docx
2016-2017;officiel;ok;2016-08-05;FC Sochaux;Valenciennes FC;0-0;9499;M. Brisard Jérôme;Championnat de France, Ligue 2;/matchs/2016-2017/sochaux-valenciennes-ligue-2-05-08-2016/;;;FM_201617.docx
2016-2017;officiel;ok;2016-08-09;FC Sochaux;Gazelec Ajaccio(L2);0-0;8012;M. Palhies Sylvain;Coupe de la Ligue;/matchs/2016-2017/sochaux-gazelec-ajaccio-coupe-de-la-ligue-09-08-2016/;;;FM_201617.docx
2016-2017;officiel;ok;2016-08-12;Clermont Foot;FC Sochaux;1-2;2481;M. Castro Alexandre;Championnat de France, Ligue 2;/matchs/2016-2017/clermont-sochaux-ligue-2-12-08-2016/;;;FM_201617.docx
2016-2017;officiel;ok;2016-08-19;FC Sochaux;US Orléans;0-0;8291;M. Petit Aurélien;Championnat de France, Ligue 2;/matchs/2016-2017/sochaux-orleans-ligue-2-19-08-2016/;;;FM_201617.docx
2016-2017;officiel;ok;2016-08-23;FC Sochaux;Stade Brest 29(L2);2-0;7519;M. Bien Wilfried;Coupe de la Ligue;/matchs/2016-2017/sochaux-brest-coupe-de-la-ligue-23-08-2016/;;;FM_201617.docx
2016-2017;officiel;ok;2016-08-29;FC Sochaux;Stade Brest 29;2-2;8976;M. Delpech Romain;Championnat de France, Ligue 2;/matchs/2016-2017/sochaux-brest-ligue-2-29-08-2016/;;;FM_201617.docx
2016-2017;officiel;ok;2016-09-09;AJ Auxerre;FC Sochaux;0-0;4809;M. Batta Florent;Championnat de France, Ligue 2;/matchs/2016-2017/auxerre-sochaux-ligue-2-09-09-2016/;;;FM_201617.docx
2016-2017;officiel;ok;2016-09-16;FC Sochaux;Stade Reims;1-1;8194;M. Ennjimi Saïd;Championnat de France, Ligue 2;/matchs/2016-2017/sochaux-reims-ligue-2-16-09-2016/;;;FM_201617.docx
2016-2017;officiel;ok;2016-09-20;Stade Laval;FC Sochaux;1-1;4077;M. Desiage Sébastien;Championnat de France, Ligue 2;/matchs/2016-2017/laval-sochaux-ligue-2-20-09-2016/;;;FM_201617.docx
2016-2017;officiel;ok;2016-09-23;FC Sochaux;AC Ajaccio;1-0;8194;M. Lavis William;Championnat de France, Ligue 2;/matchs/2016-2017/sochaux-ac-ajaccio-ligue-2-23-09-2016/;;;FM_201617.docx
2016-2017;officiel;ok;2016-10-03;Le Havre AC;FC Sochaux;2-1;7339;M. Lannoy Stéphane;Championnat de France, Ligue 2;/matchs/2016-2017/le-havre-sochaux-ligue-2-03-10-2016/;;;FM_201617.docx
2016-2017;officiel;ok;2016-10-17;FC Sochaux;RC Lens;1-0;10179;M. Ben El Hadj Hakim;Championnat de France, Ligue 2;/matchs/2016-2017/sochaux-lens-ligue-2-17-10-2016/;;;FM_201617.docx
2016-2017;officiel;ok;2016-10-21;Nîmes Ol.;FC Sochaux;0-0;5974;M. Mokhtari Mehdi;Championnat de France, Ligue 2;/matchs/2016-2017/nimes-sochaux-ligue-2-21-10-2016/;;;FM_201617.docx
2016-2017;officiel;a_creer;2016-10-26;Dijon FCO(L1);FC Sochaux;1-1;7463;M. Delerue Amaury;Coupe de la Ligue;;;;FM_201617.docx
2016-2017;officiel;ok;2016-10-29;FC Sochaux;RC Strasbourg;1-2;16037;M. Jochem Stéphane;Championnat de France, Ligue 2;/matchs/2016-2017/sochaux-strasbourg-ligue-2-29-10-2016/;;;FM_201617.docx
2016-2017;officiel;ok;2016-11-04;Chamois Niort FC;FC Sochaux;2-0;3485;M. Palhies Sylvain;Championnat de France, Ligue 2;/matchs/2016-2017/niort-sochaux-ligue-2-04-11-2016/;;;FM_201617.docx
2016-2017;officiel;ok;2016-11-12;CA Pontarlier(CFA2);FC Sochaux;2-0;3000;M. Ben El Hadj Hakim;Coupe de France;/matchs/2016-2017/pontarlier-sochaux-coupe-de-france-12-11-2016/;;;FM_201617.docx
2016-2017;officiel;ok;2016-11-18;FC Sochaux;Tours FC;2-1;13776;M. Lavis William;Championnat de France, Ligue 2;/matchs/2016-2017/sochaux-tours-ligue-2-18-11-2016/;;;FM_201617.docx
2016-2017;officiel;ok;2016-11-25;GFC Ajaccio;FC Sochaux;0-1;3000;M. Castro Alexandre;Championnat de France, Ligue 2;/matchs/2016-2017/gazelec-ajaccio-sochaux-ligue-2-25-11-2016/;;;FM_201617.docx
2016-2017;officiel;ok;2016-11-29;FC Sochaux;F. Bourg-en-Bresse P. 01;1-1;6382;M. Delpech Romain;Championnat de France, Ligue 2;/matchs/2016-2017/sochaux-bourg-peronnas-ligue-2-29-11-2016/;;;FM_201617.docx
2016-2017;officiel;ok;2016-12-09;Amiens SCF;FC Sochaux;0-1;7281;M. Batta Florent;Championnat de France, Ligue 2;/matchs/2016-2017/amiens-sochaux-ligue-2-09-12-2016/;;;FM_201617.docx
2016-2017;officiel;ok;2016-12-13;FC Sochaux;Ol. Marseille(L1);1-1;18248;M. Chapron Tony;Coupe de la Ligue;/matchs/2016-2017/sochaux-marseille-coupe-de-la-ligue-13-12-2016/;;;FM_201617.docx
2016-2017;officiel;ok;2016-12-16;FC Sochaux;Red Star FC;2-0;8398;M. Abed Karim;Championnat de France, Ligue 2;/matchs/2016-2017/sochaux-red-star-ligue-2-16-12-2016/;;;FM_201617.docx
2016-2017;officiel;ok;2017-01-10;FC Sochaux;AS Monaco(L1);1-1;15362;M. Lesage Mikaël;Coupe de la Ligue;/matchs/2016-2017/sochaux-monaco-coupe-de-la-ligue-10-01-2017/;;;FM_201617.docx
2016-2017;officiel;desaccord;2017-01-16;Valenciennes FC;FC Sochaux;2-1;5657;M. Thual Olivier;Championnat de France, Ligue 2;/matchs/2016-2017/valenciennes-sochaux-ligue-2-16-01-2017/;affluence 5657 (feuille) ≠ 6567 (musée);;FM_201617.docx
2016-2017;officiel;ok;2017-01-20;FC Sochaux;Clermont Foot;3-3;6527;M. Stinat Jéremy;Championnat de France, Ligue 2;/matchs/2016-2017/sochaux-clermont-ligue-2-20-01-2017/;;;FM_201617.docx
2016-2017;officiel;ok;2017-01-27;US Orléans;FC Sochaux;1-0;3322;M. Perreau Niel Alexandre;Championnat de France, Ligue 2;/matchs/2016-2017/orleans-sochaux-ligue-2-27-01-2017/;;;FM_201617.docx
2016-2017;officiel;ok;2017-02-04;Stade Brest 29;FC Sochaux;2-0;7513;M. Abed Karim;Championnat de France, Ligue 2;/matchs/2016-2017/brest-sochaux-ligue-2-04-02-2017/;;;FM_201617.docx
2016-2017;officiel;ok;2017-02-07;FC Sochaux;AJ Auxerre;0-1;7259;M. Ben El Hadj Hakim;Championnat de France, Ligue 2;/matchs/2016-2017/sochaux-auxerre-ligue-2-07-02-2017/;;;FM_201617.docx
2016-2017;officiel;ok;2017-02-11;Stade Reims;FC Sochaux;0-1;9193;M. Jochem Stéphane;Championnat de France, Ligue 2;/matchs/2016-2017/reims-sochaux-ligue-2-11-02-2017/;;;FM_201617.docx
2016-2017;officiel;ok;2017-02-17;FC Sochaux;Stade Laval;1-1;;M. Batta Florent;Championnat de France, Ligue 2;/matchs/2016-2017/sochaux-laval-ligue-2-17-02-2017/;;;FM_201617.docx
2016-2017;officiel;ok;2017-02-24;AC Ajaccio;FC Sochaux;0-0;2542;M. Leonard Thomas;Championnat de France, Ligue 2;/matchs/2016-2017/ac-ajaccio-sochaux-ligue-2-24-02-2017/;;;FM_201617.docx
2016-2017;officiel;ok;2017-03-03;FC Sochaux;Le Havre AC;0-1;7835;M. Lissorgue Romain;Championnat de France, Ligue 2;/matchs/2016-2017/sochaux-le-havre-ligue-2-03-03-2017/;;;FM_201617.docx
2016-2017;officiel;ok;2017-03-13;RC Lens;FC Sochaux;2-1;28136;M. Delpech Romain;Championnat de France, Ligue 2;/matchs/2016-2017/lens-sochaux-ligue-2-13-03-2017/;;;FM_201617.docx
2016-2017;officiel;ok;2017-03-17;FC Sochaux;Nîmes Ol.;2-1;7724;M. Petit Aurélien;Championnat de France, Ligue 2;/matchs/2016-2017/sochaux-nimes-ligue-2-17-03-2017/;;;FM_201617.docx
2016-2017;officiel;ok;2017-04-03;RC Strasbourg;FC Sochaux;2-0;22631;M. Jochem Stéphane;Championnat de France, Ligue 2;/matchs/2016-2017/strasbourg-sochaux-ligue-2-03-04-2017/;;;FM_201617.docx
2016-2017;officiel;ok;2017-04-07;FC Sochaux;Chamois Niort FC;2-2;9356;M. Stinat Jérémy;Championnat de France, Ligue 2;/matchs/2016-2017/sochaux-niort-ligue-2-07-04-2017/;;;FM_201617.docx
2016-2017;officiel;ok;2017-04-14;Tours FC;FC Sochaux;3-1;5502;M. Rouinsard Yohann;Championnat de France, Ligue 2;/matchs/2016-2017/tours-sochaux-ligue-2-14-04-2017/;;;FM_201617.docx
2016-2017;officiel;ok;2017-04-21;FC Sochaux;GFCO Ajaccio;1-2;15511;M. Ennjimi Saïd;Championnat de France, Ligue 2;/matchs/2016-2017/sochaux-gazelec-ajaccio-ligue-2-21-04-2017/;;;FM_201617.docx
2016-2017;officiel;ok;2017-04-28;Football Bourg-en-Bresse 01;FC Sochaux;0-1;3197;M. Mokhtari Mehdi;Championnat de France, Ligue 2;/matchs/2016-2017/bourg-peronnas-sochaux-ligue-2-28-04-2017/;;;FM_201617.docx
2016-2017;officiel;ok;2017-05-05;FC Sochaux;Amiens SCF;1-2;10062;M. Frappart Stéphanie;Championnat de France, Ligue 2;/matchs/2016-2017/sochaux-amiens-ligue-2-05-05-2017/;;;FM_201617.docx
2016-2017;officiel;ok;2017-05-12;Red Star 93;FC Sochaux;1-1;4009;M. Jaffredo Lionel;Championnat de France, Ligue 2;/matchs/2016-2017/red-star-sochaux-ligue-2-12-05-2017/;;;FM_201617.docx
2016-2017;officiel;desaccord;2017-05-19;FC Sochaux;ES Troyes AC;2-3;12328;M. Delerue Amaury;Championnat de France, Ligue 2;/matchs/2016-2017/sochaux-troyes-ligue-2-17-05-2017/;date 2017-05-19 (feuille) ≠ 2017-05-17 (musée);;FM_201617.docx
2016-2017;amical;a_creer;2017-06-15;Grasshopper Zürich(Sui.);FC Sochaux;2-1;927;;Amical;;;;AM_201718.docx
2016-2017;amical;ok;2017-06-23;FC Sochaux;Sélection de Franche-Comté;5-1;700;;Amical;/matchs/2017-2018/sochaux-selection-de-franche-comte-amical-23-06-2017/;;;AM_201718.docx
2017-2018;amical;ok;2017-07-01;SC Rheindorf Altach 2(Aut.);FC Sochaux;0-5;200;;Amical;/matchs/2017-2018/sc-rheindorf-altach-sochaux-amical-01-07-2017/;;;AM_201718.docx
2017-2018;amical;ok;2017-07-07;FC Sochaux;FC Aarau(Sui.);2-0;500;M. Ustaritz;Amical;/matchs/2017-2018/sochaux-fc-aarau-l2-sui-07-07-2017-amical-07-07-2017/;;;AM_201718.docx
2017-2018;amical;ok;2017-07-12;FC Sochaux;Dijon FCO;2-3;;M. Dechepy;Amical, challenge LOTTO;/matchs/2017-2018/sochaux-dijon-fco-amical-12-07-2017/;;;AM_201718.docx
2017-2018;amical;ok;2017-07-21;RC Strasbourg;FC Sochaux;3-2;2500;M. Ben El Hadj;Amical;/matchs/2017-2018/strasbourg-sochaux-amical-21-07-2017/;;;AM_201718.docx
2017-2018;officiel;ok;2017-07-28;FC Sochaux;F. Bourg-en-Bresse P. 01;2-0;7363;M. Gaillouste Pierre;Championnat de France, Ligue 2;/matchs/2017-2018/sochaux-bourg-peronnas-ligue-2-28-07-2017/;;;FM_201718.docx
2017-2018;officiel;ok;2017-08-04;Quévilly-Rouen Métropole;FC Sochaux;1-1;1167;M. Dos Santos Cédric;Championnat de France, Ligue 2;/matchs/2017-2018/quevilly-sochaux-l2-ligue-2-04-08-2017/;;;FM_201718.docx
2017-2018;officiel;ok;2017-08-08;Valenciennes FC(L2);FC Sochaux;3-1;4456;M. Jochem Stéphane;Coupe de la Ligue;/matchs/2017-2018/valenciennes-sochaux-coupe-de-la-ligue-08-08-2017/;;;FM_201718.docx
2017-2018;officiel;ok;2017-08-12;FC Sochaux;RC Lens;3-2;10327;M. Delerue Amaury;Championnat de France, Ligue 2;/matchs/2017-2018/sochaux-lens-l2-ligue-2-12-08-2017/;;;FM_201718.docx
2017-2018;officiel;ok;2017-08-18;AS Nancy-Lorraine;FC Sochaux;2-2;12178;M. Palhies Sylvain;Championnat de France, Ligue 2;/matchs/2017-2018/nancy-sochaux-l2-ligue-2-18-08-2017/;;;FM_201718.docx
2017-2018;officiel;ok;2017-08-25;FC Sochaux;LB Châteauroux;1-5;8431;M. Leonard Thomas;Championnat de France, Ligue 2;/matchs/2017-2018/sochaux-chateauroux-l2-ligue-2-25-08-2017/;;;FM_201718.docx
2017-2018;amical;ok;2017-08-31;SR Délemont(Sui.);FC Sochaux;0-3;250;M. Odiet;Amical;/matchs/2017-2018/delemont-sochaux-amical-31-08-2017/;;;AM_201718.docx
2017-2018;officiel;ok;2017-09-08;Gazelec FC Ajaccio;FC Sochaux;0-1;2985;M. Mokhtari Mehdi;Championnat de France, Ligue 2;/matchs/2017-2018/gazelec-ajaccio-sochaux-l2-ligue-2-08-09-2017/;;;FM_201718.docx
2017-2018;officiel;ok;2017-09-16;FC Sochaux;Stade de Reims;2-4;7912;M. Delajod Willy;Championnat de France, Ligue 2;/matchs/2017-2018/sochaux-reims-l2-ligue-2-16-09-2017/;;;FM_201718.docx
2017-2018;officiel;ok;2017-09-19;Le Havre AC;FC Sochaux;1-0;6075;M. Chapron Tony;Championnat de France, Ligue 2;/matchs/2017-2018/le-havre-sochaux-ligue-2-19-09-2017/;;;FM_201718.docx
2017-2018;officiel;ok;2017-09-22;FC Sochaux;AC Ajaccio;1-6;6226;M. Petit Aurélien;Championnat de France, Ligue 2;/matchs/2017-2018/sochaux-ajaccio-ligue-2-22-09-2017/;;;FM_201718.docx
2017-2018;officiel;ok;2017-09-29;AJ Auxerre;FC Sochaux;2-0;5791;M. Lavis William;Championnat de France, Ligue 2;/matchs/2017-2018/auxerre-sochaux-ligue-2-29-09-2017/;;;FM_201718.docx
2017-2018;amical;ok;2017-10-06;FC Sochaux;Dijon FCO;3-2;1000;Valnet;Amical;/matchs/2017-2018/sochaux-dijon-amical-06-10-2017/;;;AM_201718.docx
2017-2018;officiel;ok;2017-10-13;FC Sochaux;Paris FC;1-0;9184;M. Perreau-Niel Alexandre;Championnat de France, Ligue 2;/matchs/2017-2018/sochaux-paris-fc-ligue-2-13-10-2017/;;;FM_201718.docx
2017-2018;officiel;ok;2017-10-20;Tours FC;FC Sochaux;0-1;3345;M. Benchabane Faouzi;Championnat de France, Ligue 2;/matchs/2017-2018/tours-sochaux-ligue-2-20-10-2017/;;;FM_201718.docx
2017-2018;officiel;ok;2017-10-27;FC Sochaux;Chamois Niort FC;2-1;7737;M. Frappart Stéphanie;Championnat de France, Ligue 2;/matchs/2017-2018/sochaux-niort-ligue-2-27-10-2017/;;;FM_201718.docx
2017-2018;officiel;ok;2017-11-03;US Orléans;FC Sochaux;3-3;3987;M. Dechepy Bastien;Championnat de France, Ligue 2;/matchs/2017-2018/orleans-sochaux-ligue-2-03-11-2017/;;;FM_201718.docx
2017-2018;officiel;ok;2017-11-11;FC Villefranche(N2);FC Sochaux;1-2;1203;M. Perreau-Niel Alexandre;Coupe de France;/matchs/2017-2018/villefranche-sochaux-coupe-de-france-11-11-2017/;;;FM_201718.docx
2017-2018;officiel;ok;2017-11-17;FC Sochaux;Nîmes Ol.;2-1;6995;M. Batta Florent;Championnat de France, Ligue 2;/matchs/2017-2018/sochaux-nimes-ligue-2-17-11-2017/;;;FM_201718.docx
2017-2018;officiel;ok;2017-11-24;Stade Brest 29;FC Sochaux;1-0;6438;M. Gaillouste Pierre;Championnat de France, Ligue 2;/matchs/2017-2018/brest-sochaux-ligue-2-24-11-2017/;;;FM_201718.docx
2017-2018;officiel;ok;2017-11-28;FC Sochaux;Valenciennes FC;3-1;7058;M. Delajod Willy;Championnat de France, Ligue 2;/matchs/2017-2018/sochaux-valenciennes-ligue-2-28-11-2017/;;;FM_201718.docx
2017-2018;officiel;desaccord;2017-12-03;FC Saint-Louis Neuweg(N2);FC Sochaux;1-1;1000;M. Esneu Emmanuel;Coupe de France;/matchs/2017-2018/saint-louis-neuweg-sochaux-coupe-de-france-02-12-2017/;date 2017-12-03 (feuille) ≠ 2017-12-02 (musée);;FM_201718.docx
2017-2018;officiel;ok;2017-12-08;FC Lorient;FC Sochaux;2-1;8000;M. Castro Alexandre;Championnat de France, Ligue 2;/matchs/2017-2018/lorient-sochaux-ligue-2-08-12-2017/;;;FM_201718.docx
2017-2018;officiel;desaccord;2017-12-15;Clermont Foot 63;FC Sochaux;2-1;2919;M. Delpech Romain;Championnat de France, Ligue 2;/matchs/2017-2018/clermont-sochaux-ligue-2-15-12-2017/;score 1-2 (feuille) ≠ 2-0 (musée);;FM_201718.docx
2017-2018;officiel;ok;2018-01-07;FC Sochaux;Amiens SCF(L1);6-0;5392;M. Desiage Sébastien;Coupe de France;/matchs/2017-2018/sochaux-amiens-coupe-de-france-07-01-2018/;;;FM_201718.docx
2017-2018;officiel;ok;2018-01-12;FC Sochaux;Quévilly-Rouen Métropole;0-1;6374;M. Toulliou William;Championnat de France, Ligue 2;/matchs/2017-2018/sochaux-quevilly-ligue-2-12-01-2018/;;;FM_201718.docx
2017-2018;officiel;ok;2018-01-19;FC Sochaux;AS Nancy;1-0;6685;M. Dechepy Bastien;Championnat de France, Ligue 2;/matchs/2017-2018/sochaux-nancy-ligue-2-19-01-2018/;;;FM_201718.docx
2017-2018;officiel;ok;2018-01-23;US Colomiers(N2);FC Sochaux;1-2;1593;M. Castro Alexandre;Coupe de France;/matchs/2017-2018/colomiers-sochaux-coupe-de-france-23-01-2018/;;;FM_201718.docx
2017-2018;officiel;ok;2018-01-26;LB Châteauroux;FC Sochaux;1-1;2779;M. Delajod Willy;Championnat de France, Ligue 2;/matchs/2017-2018/chateauroux-sochaux-ligue-2-26-01-2018/;;;FM_201718.docx
2017-2018;officiel;ok;2018-01-30;RC Lens;FC Sochaux;0-1;21371;M. Lavis William;Championnat de France, Ligue 2;/matchs/2017-2018/lens-sochaux-ligue-2-30-01-2018/;;;FM_201718.docx
2017-2018;officiel;ok;2018-02-02;FC Sochaux;Gazelec Ajaccio;4-1;6052;M. Delpech Romain;Championnat de France, Ligue 2;/matchs/2017-2018/sochaux-gazelec-ajaccio-ligue-2-02-02-2018/;;;FM_201718.docx
2017-2018;officiel;ok;2018-02-06;FC Sochaux;Paris SG(L1);1-4;19785;M. Brisard Jérôme;Coupe de France;/matchs/2017-2018/sochaux-paris-sg-coupe-de-france-06-02-2018/;;;FM_201718.docx
2017-2018;officiel;ok;2018-02-09;Stade de Reims;FC Sochaux;3-0;7293;M. Stinat Jérémy;Championnat de France, Ligue 2;/matchs/2017-2018/reims-sochaux-ligue-2-09-02-2018/;;;FM_201718.docx
2017-2018;officiel;ok;2018-02-16;FC Sochaux;Le Havre AC;3-2;6242;M. Mokhtari Mehdi;Championnat de France, Ligue 2;/matchs/2017-2018/sochaux-le-havre-ligue-2-16-02-2018/;;;FM_201718.docx
2017-2018;officiel;ok;2018-02-23;AC Ajaccio;FC Sochaux;3-2;2937;M. Lesage Mikael;Championnat de France, Ligue 2;/matchs/2017-2018/ajaccio-sochaux-ligue-2-23-02-2018/;;;FM_201718.docx
2017-2018;officiel;ok;2018-03-10;Paris FC;FC Sochaux;2-0;3654;M. Wattellier Eric;Championnat de France, Ligue 2;/matchs/2017-2018/paris-fc-sochaux-ligue-2-10-03-2018/;;;FM_201718.docx
2017-2018;officiel;ok;2018-03-13;FC Sochaux;AJ Auxerre;0-4;6613;M. Delajod Willy;Championnat de France, Ligue 2;/matchs/2017-2018/sochaux-auxerre-ligue-2-13-03-2018/;;;FM_201718.docx
2017-2018;officiel;ok;2018-03-16;FC Sochaux;Tours FC;0-0;6254;M. Gaillouste Pierre;Championnat de France, Ligue 2;/matchs/2017-2018/sochaux-tours-ligue-2-16-03-2018/;;;FM_201718.docx
2017-2018;officiel;ok;2018-03-30;Chamois Niort FC;FC Sochaux;1-1;3835;M. Mokhtari Mehdi;Championnat de France, Ligue 2;/matchs/2017-2018/niort-sochaux-ligue-2-30-03-2018/;;;FM_201718.docx
2017-2018;officiel;ok;2018-04-06;FC Sochaux;US Orléans;3-2;6486;M. Stinat Jéremy;Championnat de France, Ligue 2;/matchs/2017-2018/sochaux-orleans-ligue-2-06-04-2018/;;;FM_201718.docx
2017-2018;officiel;ok;2018-04-13;Nîmes Ol.;FC Sochaux;0-2;10726;M. Letexier François;Championnat de France, Ligue 2;/matchs/2017-2018/nimes-sochaux-ligue-2-13-04-2018/;;;FM_201718.docx
2017-2018;officiel;ok;2018-04-20;FC Sochaux;Stade Brest 29;1-1;10036;M. Delpech Romain;Championnat de France, Ligue 2;/matchs/2017-2018/sochaux-brest-ligue-2-20-04-2018/;;;FM_201718.docx
2017-2018;officiel;ok;2018-04-24;Valenciennes FC;FC Sochaux;2-2;12278;M. Castro Alexandre;Championnat de France, Ligue 2;/matchs/2017-2018/valenciennes-sochaux-ligue-2-24-04-2018/;;;FM_201718.docx
2017-2018;officiel;ok;2018-04-27;FC Sochaux;FC Lorient;0-2;15149;M. Lavis William;Championnat de France, Ligue 2;/matchs/2017-2018/sochaux-lorient-ligue-2-27-04-2018/;;;FM_201718.docx
2017-2018;officiel;ok;2018-05-04;FC Sochaux;Clermont-Foot 63;1-3;8969;M. Frappart Stéphanie;Championnat de France, Ligue 2;/matchs/2017-2018/sochaux-clermont-ligue-2-04-05-2018/;;;FM_201718.docx
2017-2018;officiel;desaccord;2018-05-11;F. Bourg-en-Bresse P. 01;FC Sochaux;2-1;4428;M. Varela Bartolomeu;Championnat de France, Ligue 2;/matchs/2017-2018/bourg-peronnas-sochaux-ligue-2-11-05-2018/;affluence 4428 (feuille) ≠ 5232 (musée);;FM_201718.docx
2017-2018;amical;ok;2018-06-29;FC Sochaux;Servette Genève(Sui.);4-1;2000;M. Valnet;Amical;/matchs/2018-2019/sochaux-servette-geneve-amical-29-06-2018/;;;AM_201819.docx
2018-2019;amical;ok;2018-07-03;FC La Chaux-de-Fonds(Sui.);FC Sochaux;1-3;150;;Amical;/matchs/2018-2019/la-chaux-de-fond-sochaux-amical-03-07-2018/;;;AM_201819.docx
2018-2019;amical;ok;2018-07-07;AS Nancy;FC Sochaux;0-1;1000;M. Bouille;Amical;/matchs/2018-2019/nancy-sochaux-amical-07-07-2018/;;;AM_201819.docx
2018-2019;amical;desaccord;2018-07-14;FC Lucerne(Sui.);FC Sochaux;1-0;800;;Amical le 14/07/2018 à Delle, Stade des Fromentaux;/matchs/2018-2019/sochaux-fc-lucerne-amical-14-07-2018/;lieu inversé (domicile/extérieur);;AM_201819.docx
2018-2019;amical;ok;2018-07-21;FC Sochaux;Dijon FCO;0-0;2000;M. Pignard;Amical;/matchs/2018-2019/sochaux-dijon-amical-21-07-2018/;;;AM_201819.docx
2018-2019;officiel;ok;2018-07-27;Grenoble Foot 38;FC Sochaux;1-0;7032;M. Dechepy Bastien;Championnat de France, Ligue 2;/matchs/2018-2019/grenoble-sochaux-ligue-2-27-07-2018/;;;FM_201819.docx
2018-2019;officiel;ok;2018-08-03;FC Sochaux;Valenciennes FC;0-1;6886;M. Lepaysant Benjamin;Championnat de France, Ligue 2;/matchs/2018-2019/sochaux-valenciennes-ligue-2-03-08-2018/;;;FM_201819.docx
2018-2019;officiel;ok;2018-08-10;AC Ajaccio;FC Sochaux;2-3;3356;M. Palhies Sylvain;Championnat de France, Ligue 2;/matchs/2018-2019/ajaccio-sochaux-ligue-2-10-08-2018/;;;FM_201819.docx
2018-2019;officiel;desaccord;2018-08-14;FC Sochaux;Stade Brest 29(L2);1-1;5887;M. Delpech Romain;Coupe de la Ligue;/matchs/2018-2019/sochaux-brest-coupe-de-la-ligue-13-08-2018/;date 2018-08-14 (feuille) ≠ 2018-08-13 (musée);;FM_201819.docx
2018-2019;officiel;ok;2018-08-17;FC Sochaux;Stade Brest 29;2-0;6583;M. Rouinsard Yohann;Championnat de France, Ligue 2;/matchs/2018-2019/sochaux-brest-ligue-2-17-08-2018/;;;FM_201819.docx
2018-2019;officiel;ok;2018-08-24;Clermont Foot;FC Sochaux;1-0;2544;M. Mokhtari Mehdi;Championnat de France, Ligue 2;/matchs/2018-2019/clermont-sochaux-ligue-2-24-08-2018/;;;FM_201819.docx
2018-2019;officiel;ok;2018-08-31;FC Sochaux;AS Béziers;1-0;6322;M. Lavis William;Championnat de France, Ligue 2;/matchs/2018-2019/sochaux-beziers-ligue-2-31-08-2018/;;;FM_201819.docx
2018-2019;amical;ok;2018-09-07;Deportivo Alaves;FC Sochaux;0-0;;;Trophée Araba-Alava Saria;/matchs/2018-2019/deportivo-alaves-sochaux-amical-07-09-2018/;;;AM_201819.docx
2018-2019;amical;ok;2018-09-07;Real Sociedad San Sebastian;FC Sochaux;2-1;;M. De Burgos Bengoetxea;Trophée Araba-Alava Saria;/matchs/2018-2019/real-sociedad-sochaux-amical-07-09-2018/;;;AM_201819.docx
2018-2019;officiel;ok;2018-09-15;RC Lens;FC Sochaux;2-0;29058;M. Varela Bartolomeu;Championnat de France, Ligue 2;/matchs/2018-2019/lens-sochaux-ligue-2-15-09-2018/;;;FM_201819.docx
2018-2019;amical;a_creer;2018-09-15;Deportivo Alaves;Real Sociedad San Sebastian;0-1;;;Trophée Araba-Alava Saria;;;;AM_201819.docx
2018-2019;officiel;ok;2018-09-21;FC Sochaux;US Orléans;0-1;5537;M. Pignard Jéremie;Championnat de France, Ligue 2;/matchs/2018-2019/sochaux-orleans-ligue-2-21-09-2018/;;;FM_201819.docx
2018-2019;officiel;ok;2018-09-28;AS Nancy;FC Sochaux;0-0;10679;M. Baert Arnaud;Championnat de France, Ligue 2;/matchs/2018-2019/nancy-sochaux-ligue-2-28-09-2018/;;;FM_201819.docx
2018-2019;officiel;ok;2018-10-08;FC Sochaux;FC Metz;1-2;6865;M. Lissorgue Romain;Championnat de France, Ligue 2;/matchs/2018-2019/sochaux-metz-ligue-2-08-10-2018/;;;FM_201819.docx
2018-2019;officiel;ok;2018-10-19;ESTAC Troyes;FC Sochaux;1-2;10024;M. Varela Bartolomeu;Championnat de France, Ligue 2;/matchs/2018-2019/troyes-sochaux-ligue-2-19-10-2018/;;;FM_201819.docx
2018-2019;officiel;ok;2018-10-26;FC Sochaux;Chamois Niort FC;0-3;7151;M. Benchabane Faouzi;Championnat de France, Ligue 2;/matchs/2018-2019/sochaux-niort-ligue-2-26-10-2018/;;;FM_201819.docx
2018-2019;officiel;desaccord;2018-11-02;Paris FC;FC Sochaux;0-0;2748;M. Gaillouste Pierre;Championnat de France, Ligue 2;/matchs/2018-2019/parisfc-sochaux-ligue-2-02-11-2018/;affluence 2748 (feuille) ≠ 7151 (musée);;FM_201819.docx
2018-2019;officiel;ok;2018-11-09;Le Havre AC;FC Sochaux;3-2;5811;M. Petit Aurélien;Championnat de France, Ligue 2;/matchs/2018-2019/le-havre-sochaux-ligue-2-09-11-2018/;;;FM_201819.docx
2018-2019;officiel;ok;2018-11-17;FCSR Haguenau(N2);FC Sochaux;3-4;800;M. Angoula Gaël;Coupe de France;/matchs/2018-2019/haguenau-sochaux-coupe-de-france-17-11-2018/;;;FM_201819.docx
2018-2019;officiel;ok;2018-11-23;FC Sochaux;AJ Auxerre;1-4;6048;M. Dechepy Bastien;Championnat de France, Ligue 2;/matchs/2018-2019/sochaux-auxerre-ligue-2-23-11-2018/;;;FM_201819.docx
2018-2019;officiel;ok;2018-11-30;LB Châteauroux;FC Sochaux;1-0;2711;M. Varela Bartolomeu;Championnat de France, Ligue 2;/matchs/2018-2019/chateauroux-sochaux-ligue-2-30-11-2018/;;;FM_201819.docx
2018-2019;officiel;ok;2018-12-04;FC Sochaux;GFC Ajaccio;2-0;5106;M. Gaillouste Pierre;Championnat de France, Ligue 2;/matchs/2018-2019/sochaux-gazelec-ajaccio-ligue-2-04-12-2018/;;;FM_201819.docx
2018-2019;officiel;ok;2018-12-08;FA Illkirch-Graffenstaden(R1);FC Sochaux;0-1;800;M. Decoster Alexandre;Coupe de France;/matchs/2018-2019/illkirch-graffenstaden-sochaux-coupe-de-france-08-12-2018/;;;FM_201819.docx
2018-2019;officiel;ok;2018-12-14;Red Star FC;FC Sochaux;3-0;2057;M. Mokhtari Mehdi;Championnat de France, Ligue 2;/matchs/2018-2019/red-star-sochaux-ligue-2-14-12-2018/;;;FM_201819.docx
2018-2019;officiel;ok;2018-12-22;FC Sochaux;FC Lorient;1-0;6197;M. Palhies Sylvain;Championnat de France, Ligue 2;/matchs/2018-2019/sochaux-lorient-ligue-2-22-12-2018/;;;FM_201819.docx
2018-2019;officiel;ok;2019-01-07;Lille OSC(L1);FC Sochaux;1-0;12374;M. Batta Florent;Coupe de France;/matchs/2018-2019/lille-sochaux-coupe-de-france-07-01-2019/;;;FM_201819.docx
2018-2019;officiel;ok;2019-01-11;Valenciennes FC;FC Sochaux;1-0;6469;M. Petit Aurélien;Championnat de France, Ligue 2;/matchs/2018-2019/valenciennes-sochaux-ligue-2-11-01-2019/;;;FM_201819.docx
2018-2019;officiel;ok;2019-01-18;FC Sochaux;AC Ajaccio;0-0;5195;M. Rouinsard Yohann;Championnat de France, Ligue 2;/matchs/2018-2019/sochaux-ac-ajaccio-ligue-2-18-01-2019/;;;FM_201819.docx
2018-2019;officiel;ok;2019-01-26;Stade Brest 29;FC Sochaux;1-0;7625;M. Lavis William;Championnat de France, Ligue 2;/matchs/2018-2019/brest-sochaux-ligue-2-26-01-2019/;;;FM_201819.docx
2018-2019;officiel;ok;2019-02-01;FC Sochaux;Clermont Foot 63;2-1;5114;M. Varela Bartolomeu;Championnat de France, Ligue 2;/matchs/2018-2019/sochaux-clermont-ligue-2-01-02-2019/;;;FM_201819.docx
2018-2019;officiel;ok;2019-02-08;AS Béziers;FC Sochaux;0-0;2255;M. Lepaysant Benjamin;Championnat de France, Ligue 2;/matchs/2018-2019/beziers-sochaux-ligue-2-08-02-2019/;;;FM_201819.docx
2018-2019;officiel;ok;2019-02-17;FC Sochaux;RC Lens;0-1;8385;M. Dechepy Bastien;Championnat de France, Ligue 2;/matchs/2018-2019/sochaux-lens-ligue-2-17-02-2019/;;;FM_201819.docx
2018-2019;officiel;ok;2019-02-22;US Orléans;FC Sochaux;2-0;4542;M. Palhies Sylvain;Championnat de France, Ligue 2;/matchs/2018-2019/orleans-sochaux-ligue-2-22-02-2019/;;;FM_201819.docx
2018-2019;officiel;ok;2019-03-01;FC Sochaux;AS Nancy;0-4;6959;M. Frappart Stéphanie;Championnat de France, Ligue 2;/matchs/2018-2019/sochaux-nancy-ligue-2-01-03-2019/;;;FM_201819.docx
2018-2019;officiel;ok;2019-03-11;FC Metz;FC Sochaux;1-1;9619;M. Pignard Jérémie;Championnat de France, Ligue 2;/matchs/2018-2019/metz-sochaux-ligue-2-11-03-2019/;;;FM_201819.docx
2018-2019;officiel;ok;2019-03-15;FC Sochaux;ESTAC Troyes;0-0;5593;M. Schneider Frank;Championnat de France, Ligue 2;/matchs/2018-2019/sochaux-troyes-ligue-2-15-03-2019/;;;FM_201819.docx
2018-2019;officiel;desaccord;2019-03-29;Chamois Niort FC;FC Sochaux;0-1;3104;M. Lavis William;Championnat de France, Ligue 2;/matchs/2018-2019/niort-sochaux-ligue-2-29-03-2019/;affluence 3104 (feuille) ≠ 5593 (musée);;FM_201819.docx
2018-2019;officiel;ok;2019-04-05;FC Sochaux;Paris FC;1-0;8700;M. Palhies Sylvain;Championnat de France, Ligue 2;/matchs/2018-2019/sochaux-paris-fc-ligue-2-05-04-2019/;;;FM_201819.docx
2018-2019;officiel;ok;2019-04-12;FC Sochaux;Le Havre AC;1-3;15425;M. Gaillouste Pierre;Championnat de France, Ligue 2;/matchs/2018-2019/sochaux-le-havre-ligue-2-12-04-2019/;;;FM_201819.docx
2018-2019;officiel;ok;2019-04-19;AJ Auxerre;FC Sochaux;1-0;8093;M. Varela Bartolomeu;Championnat de France, Ligue 2;/matchs/2018-2019/auxerre-sochaux-ligue-2-19-04-2019/;;;FM_201819.docx
2018-2019;officiel;ok;2019-04-23;FC Sochaux;LB Châteauroux;0-0;7984;M. Lepaysant Benjamin;Championnat de France, Ligue 2;/matchs/2018-2019/sochaux-chateauroux-ligue-2-23-04-2019/;;;FM_201819.docx
2018-2019;officiel;ok;2019-04-26;GFC Ajaccio;FC Sochaux;0-2;2624;M. Dechepy Bastien;Championnat de France, Ligue 2;/matchs/2018-2019/gazelec-ajaccio-sochaux-ligue-2-26-04-2019/;;;FM_201819.docx
2018-2019;officiel;ok;2019-05-03;FC Sochaux;Red Star 93;1-2;11900;M. Pignard Jérémie;Championnat de France, Ligue 2;/matchs/2018-2019/sochaux-red-star-ligue-2-03-05-2019/;;;FM_201819.docx
2018-2019;officiel;ok;2019-05-10;FC Lorient;FC Sochaux;0-0;7812;M. Rainville Nicolas;Championnat de France, Ligue 2;/matchs/2018-2019/lorient-sochaux-ligue-2-10-05-2019/;;;FM_201819.docx
2018-2019;officiel;ok;2019-05-17;FC Sochaux;Grenoble Foot 38;3-1;;;Championnat de France, Ligue 2;/matchs/2018-2019/sochaux-grenoble-ligue-2-17-05-2019/;;;FM_201819.docx
2018-2019;amical;ok;2019-06-29;FC Sochaux;Nord Franche-Comté;6-0;300;;Amical;/matchs/2019-2020/sochaux-selection-de-franche-comte-amical-29-06-2019/;;;AM_201920.docx
2019-2020;amical;ok;2019-07-06;FC Sochaux;Yverdon Sports(Sui.);0-0;400;;Amical;/matchs/2019-2020/sochaux-yverdon-amical-06-07-2019/;;;AM_201920.docx
2019-2020;amical;ok;2019-07-09;ASM Belfort;FC Sochaux;1-1;900;;Amical;/matchs/2019-2020/asm-belfort-sochaux-amical-09-07-2019/;;;AM_201920.docx
2019-2020;amical;ok;2019-07-12;FC Sochaux;Lyon Duchère AS;0-1;400;;Amical le 12/07/2019 à Dole, Stade Robert Bobin;/matchs/2019-2020/sochaux-lyon-la-duchere-amical-12-07-2019/;;;AM_201920.docx
2019-2020;amical;desaccord;2019-07-19;FC Metz;FC Sochaux;0-0;1000;;Amical;/matchs/2019-2020/fc-metz-sochaux-amical-19-07-2019/;affluence 1000 (feuille) ≠ 100 (musée);;AM_201920.docx
2019-2020;officiel;ok;2019-07-26;FC Sochaux;SM Caen;0-0;6429;M. Schneider Frank;Championnat de France, Ligue 2;/matchs/2019-2020/sochaux-caen-ligue-2-26-07-2019/;;;FM_201920.docx
2019-2020;officiel;ok;2019-08-02;Paris FC;FC Sochaux;1-1;2117;M. Bouille Thierry;Championnat de France, Ligue 2;/matchs/2019-2020/paris-fc-sochaux-ligue-2-02-08-2019/;;;FM_201920.docx
2019-2020;officiel;ok;2019-08-09;FC Sochaux;AJ Auxerre;1-0;7268;M. Angoula Gaël;Championnat de France, Ligue 2;/matchs/2019-2020/sochaux-auxerre-ligue-2-09-08-2019/;;;FM_201920.docx
2019-2020;officiel;ok;2019-08-13;Paris FC;FC Sochaux;2-1;1012;M. Petit Aurélien;Coupe de la Ligue;/matchs/2019-2020/paris-fc-sochaux-coupe-de-la-ligue-13-08-2019/;;;FM_201920.docx
2019-2020;officiel;ok;2019-08-16;FC Lorient;FC Sochaux;1-0;8529;M. Gaillouste Pierre;Championnat de France, Ligue 2;/matchs/2019-2020/lorient-sochaux-ligue-2-16-08-2019/;;;FM_201920.docx
2019-2020;officiel;ok;2019-08-23;FC Sochaux;AS Nancy;3-0;8524;M. Delajod Willy;Championnat de France, Ligue 2;/matchs/2019-2020/sochaux-nancy-ligue-2-23-08-2019/;;;FM_201920.docx
2019-2020;officiel;ok;2019-08-30;Le Mans FC;FC Sochaux;2-0;6357;M. Lepaysant Benjamin;Championnat de France, Ligue 2;/matchs/2019-2020/le-mans-sochaux-ligue-2-30-08-2019/;;;FM_201920.docx
2019-2020;officiel;ok;2019-09-13;FC Sochaux;Valenciennes FC;0-0;6627;M. Baert Arnaud;Championnat de France, Ligue 2;/matchs/2019-2020/sochaux-valenciennes-ligue-2-13-09-2019/;;;FM_201920.docx
2019-2020;officiel;ok;2019-09-20;FC Sochaux;EA Guingamp;3-1;6869;M. Petit Aurélien;Championnat de France, Ligue 2;/matchs/2019-2020/sochaux-guingamp-ligue-2-20-09-2019/;;;FM_201920.docx
2019-2020;officiel;ok;2019-09-27;Rodez AF;FC Sochaux;0-2;1840;M. Varela Bartolomeu;Championnat de France, Ligue 2;/matchs/2019-2020/rodez-sochaux-ligue-2-27-09-2019/;;;FM_201920.docx
2019-2020;officiel;ok;2019-10-04;FC Sochaux;Clermont Foot 63;4-0;7042;M. Rainville Nicolas;Championnat de France, Ligue 2;/matchs/2019-2020/sochaux-clermont-ligue-2-04-10-2019/;;;FM_201920.docx
2019-2020;officiel;ok;2019-10-18;FC Chambly;FC Sochaux;0-0;3392;M. Baert Arnaud;Championnat de France, Ligue 2;/matchs/2019-2020/chambly-sochaux-ligue-2-18-10-2019/;;;FM_201920.docx
2019-2020;officiel;ok;2019-10-25;FC Sochaux;AC Ajaccio;0-2;10302;M. Palhies Sylvain;Championnat de France, Ligue 2;/matchs/2019-2020/sochaux-ajaccio-ligue-2-25-10-2019/;;;FM_201920.docx
2019-2020;officiel;ok;2019-11-02;Chamois Niort FC;FC Sochaux;0-2;2896;M. Anogula Gaël;Championnat de France, Ligue 2;/matchs/2019-2020/niort-sochaux-ligue-2-02-11-2019/;;;FM_201920.docx
2019-2020;officiel;ok;2019-11-08;FC Sochaux;Le Havre AC;2-0;7384;M. Bouille Thierry;Championnat de France, Ligue 2;/matchs/2019-2020/sochaux-le-havre-ligue-2-08-11-2019/;;;FM_201920.docx
2019-2020;officiel;desaccord;2019-11-16;Epinal SAS(N2);FC Sochaux;2-0;1454;M. Kherradji Abdelatif;Coupe de France, Ligue 2;/matchs/2019-2020/epinal-sochaux-coupe-de-france-16-11-2019/;affluence 1454 (feuille) ≠ 2000 (musée);;FM_201920.docx
2019-2020;officiel;ok;2019-11-23;RC Lens;FC Sochaux;4-0;25206;M. Rainville Nicolas;Championnat de France, Ligue 2;/matchs/2019-2020/lens-sochaux-ligue-2-23-11-2019/;;;FM_201920.docx
2019-2020;officiel;ok;2019-11-30;FC Sochaux;Troyes ESTAC;0-1;8196;M. Thual Olivier;Championnat de France, Ligue 2;/matchs/2019-2020/sochaux-troyes-ligue-2-30-11-2019/;;;FM_201920.docx
2019-2020;officiel;ok;2019-12-13;FC Sochaux;Grenoble Foot 38;1-1;6080;M. Dos Santos Cédric;Championnat de France, Ligue 2;/matchs/2019-2020/sochaux-grenoble-ligue-2-13-12-2019/;;;FM_201920.docx
2019-2020;officiel;ok;2019-12-20;US Orléans;FC Sochaux;1-0;3274;M. Baert Arnaud;Championnat de France, Ligue 2;/matchs/2019-2020/orleans-sochaux-ligue-2-20-12-2019/;;;FM_201920.docx
2019-2020;officiel;ok;2020-01-10;FC Sochaux;Paris FC;1-1;5703;M. Angoula Gaël;Championnat de France, Ligue 2;/matchs/2019-2020/sochaux-paris-fc-ligue-2-10-01-2020/;;;FM_201920.docx
2019-2020;amical;ok;2020-01-17;FC Metz;FC Sochaux;0-0;;;Amical;/matchs/2019-2020/metz-sochaux-amical-17-01-2020/;;;AM_201920.docx
2019-2020;officiel;ok;2020-01-24;AJ Auxerre;FC Sochaux;2-1;5666;M. Mokhtari Mehdi;Championnat de France, Ligue 2;/matchs/2019-2020/auxerre-sochaux-ligue-2-24-01-2020/;;;FM_201920.docx
2019-2020;officiel;ok;2020-02-01;FC Sochaux;FC Lorient;0-4;6660;M. Stinat Jérémy;Championnat de France, Ligue 2;/matchs/2019-2020/sochaux-lorient-ligue-2-01-02-2020/;;;FM_201920.docx
2019-2020;officiel;ok;2020-02-04;AS Nancy;FC Sochaux;1-1;10085;M. Varela Bartolomeu;Championnat de France, Ligue 2;/matchs/2019-2020/nancy-sochaux-ligue-2-04-02-2020/;;;FM_201920.docx
2019-2020;officiel;ok;2020-02-07;FC Sochaux;Le Mans FC;1-0;5516;M. Petit Aurélien;Championnat de France, Ligue 2;/matchs/2019-2020/sochaux-le-mans-ligue-2-07-02-2020/;;;FM_201920.docx
2019-2020;officiel;ok;2020-02-14;Valenciennes FC;FC Sochaux;3-2;6464;M. Lepaysant Benjamin;Championnat de France, Ligue 2;/matchs/2019-2020/valenciennes-sochaux-ligue-2-14-02-2020/;;;FM_201920.docx
2019-2020;officiel;ok;2020-02-21;EA Guingamp;FC Sochaux;1-1;10612;M. Angoula Gaël;Championnat de France, Ligue 2;/matchs/2019-2020/guingamp-sochaux-ligue-2-21-02-2020/;;;FM_201920.docx
2019-2020;officiel;desaccord;2020-03-05;Clermont Foot 63;FC Sochaux;2-0;3862;M. Varela Bartolomeu;Championnat de France, Ligue 2;/matchs/2019-2020/clermont-sochaux-ligue-2-06-03-2020/;date 2020-03-05 (feuille) ≠ 2020-03-06 (musée);;FM_201920.docx
2020-2021;amical;ok;2020-07-17;FC Sochaux;CS Chênois(Sui.);3-0;500;M. Mercier;Amical;/matchs/2020-2021/sochaux-cs-chenois-amical-17-07-2020/;;;AM_202021.docx
2020-2021;amical;a_creer;2020-07-17;FC Sochaux;SC Lyon;2-1;400;M. Valnet;Amical;;;;AM_202021.docx
2020-2021;amical;ok;2020-07-28;ASM Belfort;FC Sochaux;2-4;1600;M. Valnet;Amical;/matchs/2020-2021/belfort-sochaux-amical-28-07-2020/;;;AM_202021.docx
2020-2021;amical;desaccord;2020-08-01;Dijon FCO;FC Sochaux;0-0;1500;M. Valnet;Amical;/matchs/2020-2021/sochaux-dijon-amical-01-08-2020/;lieu inversé (domicile/extérieur);;AM_202021.docx
2020-2021;amical;ok;2020-08-05;Paris SG;FC Sochaux;1-0;;;Amical;/matchs/2020-2021/paris-sg-sochaux-amical-05-08-2020/;;;AM_202021.docx
2020-2021;amical;ok;2020-08-08;FC Sochaux;ASC Saint-Apollinaire;4-0;;;Amical;/matchs/2020-2021/sochaux-saint-apollinaire-amical-08-08-2020/;;;AM_202021.docx
2020-2021;officiel;ok;2020-08-22;AJ Auxerre;FC Sochaux;0-2;4594;M. Mokhtari Mehdi;Championnat de France, Ligue 2;/matchs/2020-2021/auxerre-sochaux-ligue-2-22-08-2020/;;;FM_202021.docx
2020-2021;officiel;ok;2020-08-29;FC Sochaux;ESTAC Troyes;2-1;4555;M. Lesage Mikael;Championnat de France, Ligue 2;/matchs/2020-2021/sochaux-troyes-ligue-2-29-08-2020/;;;FM_202021.docx
2020-2021;officiel;ok;2020-09-14;Toulouse FC;FC Sochaux;0-0;5000;M. Hamel Johan;Championnat de France, Ligue 2;/matchs/2020-2021/toulouse-sochaux-ligue-2-14-09-2020/;;;FM_202021.docx
2020-2021;officiel;ok;2020-09-19;FC Sochaux;Rodez AF;2-2;4970;M. Brisard Jérôme;Championnat de France, Ligue 2;/matchs/2020-2021/sochaux-rodez-ligue-2-19-09-2020/;;;FM_202021.docx
2020-2021;officiel;ok;2020-09-26;AC Ajaccio;FC Sochaux;1-1;2279;M. Millot Benoît;Championnat de France, Ligue 2;/matchs/2020-2021/ajaccio-sochaux-ligue-2-26-09-2020/;;;FM_202021.docx
2020-2021;officiel;ok;2020-10-03;FC Sochaux;FC Chambly;3-2;4785;M. Baert Arnaud;Championnat de France, Ligue 2;/matchs/2020-2021/sochaux-chambly-ligue-2-03-10-2020/;;;FM_202021.docx
2020-2021;officiel;ok;2020-10-17;Valenciennes FC;FC Sochaux;0-0;;M. Gaillouste Pierre;Championnat de France, Ligue 2;/matchs/2020-2021/valenciennes-sochaux-ligue-2-17-10-2020/;;;FM_202021.docx
2020-2021;officiel;ok;2020-10-26;FC Sochaux;SC Amiens;0-2;4994;M. Stinat Jérémy;Championnat de France, Ligue 2;/matchs/2020-2021/sochaux-amiens-ligue-2-26-10-2020/;;;FM_202021.docx
2020-2021;officiel;ok;2020-10-31;EA Guingamp;FC Sochaux;0-0;;;Championnat de France, Ligue 2;/matchs/2020-2021/guingamp-sochaux-ligue-2-31-10-2020/;;;FM_202021.docx
2020-2021;officiel;ok;2020-11-07;FC Sochaux;Chamois Niort FC;3-4;;;Championnat de France, Ligue 2;/matchs/2020-2021/sochaux-niort-ligue-2-07-11-2020/;;;FM_202021.docx
2020-2021;officiel;ok;2020-11-21;LB Châteauroux;FC Sochaux;2-1;;;Championnat de France, Ligue 2;/matchs/2020-2021/chateauroux-sochaux-ligue-2-21-11-2020/;;;FM_202021.docx
2020-2021;officiel;ok;2020-11-28;FC Sochaux;Le Havre AC;4-0;;;Championnat de France, Ligue 2;/matchs/2020-2021/sochaux-le-havre-ligue-2-28-11-2020/;;;FM_202021.docx
2020-2021;officiel;ok;2020-12-01;Paris FC;FC Sochaux;0-0;;;Championnat de France, Ligue 2;/matchs/2020-2021/paris-fc-sochaux-ligue-2-01-12-2020/;;;FM_202021.docx
2020-2021;officiel;ok;2020-12-05;FC Sochaux;AS Nancy;1-1;;;Championnat de France, Ligue 2;/matchs/2020-2021/sochaux-nancy-ligue-2-05-12-2020/;;;FM_202021.docx
2020-2021;officiel;ok;2020-12-15;Pau FC;FC Sochaux;0-0;;;Championnat de France, Ligue 2;/matchs/2020-2021/pau-sochaux-ligue-2-15-12-2020/;;;FM_202021.docx
2020-2021;officiel;ok;2020-12-18;FC Sochaux;Grenoble Foot 38;1-1;;;Championnat de France, Ligue 2;/matchs/2020-2021/sochaux-grenoble-ligue-2-18-12-2020/;;;FM_202021.docx
2020-2021;officiel;ok;2020-12-22;SM Caen;FC Sochaux;1-4;;;Championnat de France, Ligue 2;/matchs/2020-2021/caen-sochaux-ligue-2-22-12-2020/;;;FM_202021.docx
2020-2021;officiel;ok;2021-01-05;FC Sochaux;USL Dunkerque;1-0;;;Championnat de France, Ligue 2;/matchs/2020-2021/sochaux-dunkerque-ligue-2-05-01-2021/;;;FM_202021.docx
2020-2021;officiel;ok;2021-01-08;FC Sochaux;Clermont Foot 63;0-0;;;Championnat de France, Ligue 2;/matchs/2020-2021/sochaux-clermont-ligue-2-08-01-2021/;;;FM_202021.docx
2020-2021;officiel;ok;2021-01-16;ESTAC Troyes;FC Sochaux;2-1;;;Championnat de France, Ligue 2;/matchs/2020-2021/troyes-sochaux-ligue-2-16-01-2021/;;;FM_202021.docx
2020-2021;officiel;ok;2021-01-20;AS Nancy(L2);FC Sochaux;0-1;;;Coupe de France, 8ème tour;/matchs/2020-2021/nancy-sochaux-coupe-de-france-20-01-2021/;;;FM_202021.docx
2020-2021;officiel;ok;2021-01-25;FC Sochaux;Toulouse FC;0-1;;;Championnat de France, Ligue 2;/matchs/2020-2021/sochaux-toulouse-ligue-2-25-01-2021/;;;FM_202021.docx
2020-2021;officiel;ok;2021-01-30;Rodez AF;FC Sochaux;1-1;;;Championnat de France, Ligue 2;/matchs/2020-2021/rodez-sochaux-ligue-2-30-01-2021/;;;FM_202021.docx
2020-2021;officiel;desaccord;2021-02-05;FC Sochaux;AC Ajaccio;0-2;;;Championnat de France, Ligue 2;/matchs/2020-2021/sochaux-ajaccio-ligue-2-02-02-2021/;date 2021-02-05 (feuille) ≠ 2021-02-02 (musée);;FM_202021.docx
2020-2021;officiel;desaccord;2021-02-08;FC Chambly;FC Sochaux;1-4;;;Championnat de France, Ligue 2;/matchs/2020-2021/chambly-sochaux-ligue-2-05-02-2021/;date 2021-02-08 (feuille) ≠ 2021-02-05 (musée);;FM_202021.docx
2020-2021;officiel;ok;2021-02-11;FC Sochaux;AS Saint-Etienne(L1);1-0;;;Coupe de France, 32ème de finale;/matchs/2020-2021/sochaux-saint-etienne-coupe-de-france-11-02-2021/;;;FM_202021.docx
2020-2021;officiel;ok;2021-02-15;FC Sochaux;Valenciennes FC;2-0;;;Championnat de France, Ligue 2;/matchs/2020-2021/sochaux-valenciennes-ligue-2-15-02-2021/;;;FM_202021.docx
2020-2021;officiel;ok;2021-02-20;Amiens SCF;FC Sochaux;0-1;;;Championnat de France, Ligue 2;/matchs/2020-2021/amiens-sochaux-ligue-2-20-02-2021/;;;FM_202021.docx
2020-2021;officiel;ok;2021-02-27;FC Sochaux;EA Guingamp;0-0;;;Championnat de France, Ligue 2;/matchs/2020-2021/sochaux-guingamp-ligue-2-27-02-2021/;;;FM_202021.docx
2020-2021;officiel;ok;2021-03-02;Chamois Niort FC;FC Sochaux;1-3;;;Championnat de France, Ligue 2;/matchs/2020-2021/niort-sochaux-ligue-2-02-03-2021/;;;FM_202021.docx
2020-2021;officiel;ok;2021-03-06;Ol. Lyon(L1);FC Sochaux;5-2;;;Coupe de France, 16ème de finale;/matchs/2020-2021/lyon-sochaux-coupe-de-france-06-03-2021/;;;FM_202021.docx
2020-2021;officiel;ok;2021-03-13;FC Sochaux;LB Châteauroux;0-0;;;Championnat de France, Ligue 2;/matchs/2020-2021/sochaux-chateauroux-ligue-2-13-03-2021/;;;FM_202021.docx
2020-2021;officiel;ok;2021-03-20;Le Havre AC;FC Sochaux;0-2;;;Championnat de France, Ligue 2;/matchs/2020-2021/le-havre-sochaux-ligue-2-20-03-2021/;;;FM_202021.docx
2020-2021;officiel;ok;2021-04-03;FC Sochaux;Paris FC;1-2;;;Championnat de France, Ligue 2;/matchs/2020-2021/sochaux-paris-fc-ligue-2-03-04-2021/;;;FM_202021.docx
2020-2021;officiel;ok;2021-04-10;AS Nancy;FC Sochaux;0-0;;;Championnat de France, Ligue 2;/matchs/2020-2021/nancy-sochaux-ligue-2-10-04-2021/;;;FM_202021.docx
2020-2021;officiel;ok;2021-04-17;FC Sochaux;Pau FC;1-1;;;Championnat de France, Ligue 2;/matchs/2020-2021/sochaux-pau-ligue-2-17-04-2021/;;;FM_202021.docx
2020-2021;officiel;ok;2021-04-20;Grenoble Foot 38;FC Sochaux;2-0;;;Championnat de France, Ligue 2;/matchs/2020-2021/grenoble-sochaux-ligue-2-20-04-2021/;;;FM_202021.docx
2020-2021;officiel;ok;2021-04-24;FC Sochaux;SM Caen;1-0;;;Championnat de France, Ligue 2;/matchs/2020-2021/sochaux-caen-ligue-2-24-04-2021/;;;FM_202021.docx
2020-2021;officiel;ok;2021-05-01;USL Dunkerque;FC Sochaux;1-0;;;Championnat de France, Ligue 2;/matchs/2020-2021/dunkerque-sochaux-ligue-2-01-05-2021/;;;FM_202021.docx
2020-2021;officiel;ok;2021-05-08;Clermont Foot 63;FC Sochaux;3-1;;;Championnat de France, Ligue 2;/matchs/2020-2021/clermont-sochaux-ligue-2-08-05-2021/;;;FM_202021.docx
2020-2021;officiel;ok;2021-05-15;FC Sochaux;AJ Auxerre;2-3;;;Championnat de France, Ligue 2;/matchs/2020-2021/sochaux-auxerre-ligue-2-15-05-2021/;;;FM_202021.docx
2020-2021;amical;ok;2021-06-25;FC Sochaux;F91 Dudelange(Lux.);3-0;;;Amical;/matchs/2021-2022/sochaux-f91-dudelange-amical-25-06-2021/;;;AM_202122.docx
2021-2022;amical;ok;2021-07-02;FC Sochaux;Djion FCO;2-1;700;M. Valnet;Amical;/matchs/2021-2022/sochaux-dijon-amical-02-07-2021/;;;AM_202122.docx
2021-2022;amical;ok;2021-07-10;FC Sion(Sui.);FC Sochaux;3-1;500;M. Huwiler;Amical;/matchs/2021-2022/sion-sochaux-amical-10-07-2021/;;;AM_202122.docx
2021-2022;amical;desaccord;2021-07-16;Yverdon Sports(Sui.);FC Sochaux;1-3;1000;M. Huwiler;Amical;/matchs/2021-2022/yverdon-sochaux-amical-16-07-2021/;affluence 1000 (feuille) ≠ 200 (musée);;AM_202122.docx
2021-2022;officiel;ok;2021-07-26;Dijon FCO;FC Sochaux;1-3;7641;M. Petit Aurélien;Championnat de France, Ligue 2;/matchs/2021-2022/dijon-sochaux-ligue-2-26-07-2021/;;;FM_202122.docx
2021-2022;officiel;ok;2021-07-31;FC Sochaux;Le Havre AC;0-2;4204;M. Angoula Gaël;Championnat de France, Ligue 2;/matchs/2021-2022/sochaux-le-havre-ligue-2-31-07-2021/;;;FM_202122.docx
2021-2022;officiel;ok;2021-08-07;SM Caen;FC Sochaux;1-2;9177;M. Schneider Frank;Championnat de France, Ligue 2;/matchs/2021-2022/caen-sochaux-ligue-2-07-08-2021/;;;FM_202122.docx
2021-2022;officiel;ok;2021-08-14;FC Sochaux;USL Dunkerque;1-0;6388;M. Varela Bartolomeu;Championnat de France, Ligue 2;/matchs/2021-2022/sochaux-dunkerque-ligue-2-14-08-2021/;;;FM_202122.docx
2021-2022;officiel;ok;2021-08-21;Amiens SCF;FC Sochaux;0-0;5982;M. Miguelgorry Jérôme;Championnat de France, Ligue 2;/matchs/2021-2022/amiens-sochaux-ligue-2-21-08-2021/;;;FM_202122.docx
2021-2022;officiel;ok;2021-08-28;FC Sochaux;Grenoble Foot 38;1-0;7367;M. Thual Olivier;Championnat de France, Ligue 2;/matchs/2021-2022/sochaux-grenoble-ligue-2-28-08-2021/;;;FM_202122.docx
2021-2022;officiel;ok;2021-09-11;AC Ajaccio;FC Sochaux;1-0;2474;M. Schneider Frank;Championnat de France, Ligue 2;/matchs/2021-2022/ajaccio-sochaux-ligue-2-11-09-2021/;;;FM_202122.docx
2021-2022;officiel;ok;2021-09-18;FC Sochaux;Paris FC;2-0;7948;M. Pignard Jérémie;Championnat de France, Ligue 2;/matchs/2021-2022/sochaux-paris-fc-ligue-2-18-09-2021/;;;FM_202122.docx
2021-2022;officiel;ok;2021-09-21;EA Guingamp;FC Sochaux;1-2;7088;M. Rainville Nicolas;Championnat de France, Ligue 2;/matchs/2021-2022/guingamp-sochaux-ligue-2-21-09-2021/;;;FM_202122.docx
2021-2022;officiel;ok;2021-09-24;FC Sochaux;AJ Auxerre;0-0;9185;M. Landry Rémi;Championnat de France, Ligue 2;/matchs/2021-2022/sochaux-auxerre-ligue-2-24-09-2021/;;;FM_202122.docx
2021-2022;officiel;ok;2021-10-02;FC Sochaux;Chamois Niort FC;1-0;10678;M. Petit Aurélien;Championnat de France, Ligue 2;/matchs/2021-2022/sochaux-niort-ligue-2-02-10-2021/;;;FM_202122.docx
2021-2022;officiel;ok;2021-10-16;Rodez AF;FC Sochaux;0-1;1620;M. Thual Olivier;Championnat de France, Ligue 2;/matchs/2021-2022/rodez-sochaux-ligue-2-16-10-2021/;;;FM_202122.docx
2021-2022;officiel;desaccord;2021-10-23;FC Sochaux;Quevilly-Rouen M.;1-0;9081;M. Stinat Jérémy;Championnat de France, Ligue 2;/matchs/2021-2022/sochaux-quevilly-ligue-2-23-10-2021/;score 1-0 (feuille) ≠ 1-1 (musée);;FM_202122.docx
2021-2022;officiel;ok;2021-10-30;AS Nancy;FC Sochaux;0-0;8114;M. Lepaysant Benjamin;Championnat de France, Ligue 2;/matchs/2021-2022/nancy-sochaux-ligue-2-30-10-2021/;;;FM_202122.docx
2021-2022;officiel;ok;2021-11-06;FC Sochaux;Nîmes Ol.;0-1;9780;M. Dechepy Bastien;Championnat de France, Ligue 2;/matchs/2021-2022/sochaux-nimes-ligue-2-06-11-2021/;;;FM_202122.docx
2021-2022;officiel;desaccord;2021-11-13;Bresse Jura Foot(R2);FC Sochaux;1-3;2500;M. Toulliou William;Coupe de France, 7ème tour;/matchs/2021-2022/bresse-jura-foot-sochaux-coupe-de-france-13-11-2021/;affluence 2500 (feuille) ≠ 1676 (musée);;FM_202122.docx
2021-2022;officiel;ok;2021-11-20;Toulouse FC;FC Sochaux;4-1;15069;M. Thual Olivier;Championnat de France, Ligue 2;/matchs/2021-2022/toulouse-sochaux-ligue-2-20-11-2021/;;;FM_202122.docx
2021-2022;officiel;ok;2021-11-27;AS Montchat Lyon(R2);FC Sochaux;0-3;1500;M. Rouquette Julien;Coupe de France, 8ème tour;/matchs/2021-2022/as-monchat-lyon-sochaux-coupe-de-france-27-11-2021/;;;FM_202122.docx
2021-2022;officiel;ok;2021-12-03;FC Sochaux;Pau FC;2-1;7049;M. Rainville Nicolas;Championnat de France, Ligue 2;/matchs/2021-2022/sochaux-pau-ligue-2-03-12-2021/;;;FM_202122.docx
2021-2022;officiel;ok;2021-12-11;SC Bastia;FC Sochaux;2-2;7611;M. Petit Aurélien;Championnat de France, Ligue 2;/matchs/2021-2022/bastia-sochaux-ligue-2-11-12-2021/;;;FM_202122.docx
2021-2022;officiel;desaccord;2021-12-19;FC Sochaux;FC Nantes(L1);0-0;8001;M. Bastien Benoît;Coupe de France, 32ème de finale;/matchs/2021-2022/sochaux-nantes-coupe-de-france-18-12-2021/;date 2021-12-19 (feuille) ≠ 2021-12-18 (musée);;FM_202122.docx
2021-2022;officiel;ok;2021-12-21;FC Sochaux;Valenciennes FC;1-1;7221;M. Kherradji Abdelatif;Championnat de France, Ligue 2;/matchs/2021-2022/sochaux-valenciennes-ligue-2-21-12-2021/;;;FM_202122.docx
2021-2022;officiel;ok;2022-01-08;Le Havre AC;FC Sochaux;0-1;4998;M. Bollengier Marc;Championnat de France, Ligue 2;/matchs/2021-2022/le-havre-sochaux-ligue-2-08-01-2022/;;;FM_202122.docx
2021-2022;officiel;ok;2022-01-15;FC Sochaux;SM Caen;3-2;5000;M. Petit Aurélien;Championnat de France, Ligue 2;/matchs/2021-2022/sochaux-caen-ligue-2-15-01-2022/;;;FM_202122.docx
2021-2022;officiel;ok;2022-01-22;USL Dunkerque;FC Sochaux;0-0;2300;M. Baert Arnaud;Championnat de France, Ligue 2;/matchs/2021-2022/dunkerque-sochaux-ligue-2-22-01-2022/;;;FM_202122.docx
2021-2022;officiel;ok;2022-02-05;FC Sochaux;Amiens SCF;1-1;6623;M. Schneider Frank;Championnat de France, Ligue 2;/matchs/2021-2022/sochaux-amiens-ligue-2-05-02-2022/;;;FM_202122.docx
2021-2022;officiel;ok;2022-02-12;Grenoble Foot 38;FC Sochaux;1-3;4000;M. Kherradji Abdelatif;Championnat de France, Ligue 2;/matchs/2021-2022/grenoble-sochaux-ligue-2-12-02-2022/;;;FM_202122.docx
2021-2022;officiel;ok;2022-02-19;FC Sochaux;AC Ajaccio;0-1;12067;M. Leonard Thomas;Championnat de France, Ligue 2;/matchs/2021-2022/sochaux-ajaccio-ligue-2-19-02-2022/;;;FM_202122.docx
2021-2022;officiel;a_creer;2022-02-19;Paris FC;FC Sochaux;3-1;2766;M. Paradis Guillaume;Championnat de France, Ligue 2;;;;FM_202122.docx
2021-2022;officiel;ok;2022-03-05;FC Sochaux;EA Guingamp;1-0;7099;M. Perreau-Niel Alexandre;Championnat de France, Ligue 2;/matchs/2021-2022/sochaux-guingamp-ligue-2-05-03-2022/;;;FM_202122.docx
2021-2022;officiel;ok;2022-03-12;AJ Auxerre;FC Sochaux;3-2;10091;M. Lepaysant Benjamin;Championnat de France, Ligue 2;/matchs/2021-2022/auxerre-sochaux-ligue-2-12-03-2022/;;;FM_202122.docx
2021-2022;officiel;ok;2022-03-15;Chamois Niort FC;FC Sochaux;1-1;1802;M. Rainville Nicolas;Championnat de France, Ligue 2;/matchs/2021-2022/niort-sochaux-ligue-2-15-03-2022/;;;FM_202122.docx
2021-2022;officiel;ok;2022-03-19;FC Sochaux;Rodez AF;2-0;6497;M. Varela Bartolomeu;Championnat de France, Ligue 2;/matchs/2021-2022/sochaux-rodez-ligue-2-19-03-2022/;;;FM_202122.docx
2021-2022;officiel;ok;2022-04-02;Quevilly-Rouen M.;FC Sochaux;0-2;2000;M. Legat Pierre;Championnat de France, Ligue 2;/matchs/2021-2022/quevilly-sochaux-ligue-2-02-04-2022/;;;FM_202122.docx
2021-2022;officiel;ok;2022-04-09;FC Sochaux;AS Nancy;1-0;9102;M. Paradis Guillaume;Championnat de France, Ligue 2;/matchs/2021-2022/sochaux-nancy-ligue-2-09-04-2022/;;;FM_202122.docx
2021-2022;officiel;ok;2022-04-16;Nîmes Olympique;FC Sochaux;1-3;1694;M. Lesage Mikaël;Championnat de France, Ligue 2;/matchs/2021-2022/nimes-sochaux-ligue-2-16-04-2022/;;;FM_202122.docx
2021-2022;officiel;ok;2022-04-19;FC Sochaux;Toulouse FC;1-1;15188;M. Lepaysant Benjamin;Championnat de France, Ligue 2;/matchs/2021-2022/sochaux-toulouse-ligue-2-19-04-2022/;;;FM_202122.docx
2021-2022;officiel;ok;2022-04-22;Pau FC;FC Sochaux;0-1;3363;M. Varela Bartolomeu;Championnat de France, Ligue 2;/matchs/2021-2022/pau-sochaux-ligue-2-22-04-2022/;;;FM_202122.docx
2021-2022;officiel;ok;2022-04-30;FC Sochaux;SC Bastia;2-1;14005;M. Bollengier Marc;Championnat de France, Ligue 2;/matchs/2021-2022/sochaux-bastia-ligue-2-30-04-2022/;;;FM_202122.docx
2021-2022;officiel;ok;2022-05-07;Valenciennes FC;FC Sochaux;1-0;22250;M. Stivat Jérémy;Championnat de France, Ligue 2;/matchs/2021-2022/valenciennes-sochaux-ligue-2-07-05-2022/;;;FM_202122.docx
2021-2022;officiel;ok;2022-05-14;FC Sochaux;Dijon FCO;2-2;19019;M. Schneider Frank;Championnat de France, Ligue 2;/matchs/2021-2022/sochaux-dijon-ligue-2-14-05-2022/;;;FM_202122.docx
2021-2022;officiel;desaccord;2022-05-17;Paris FC;FC Sochaux;1-2;8000;M. Pignard Jérémie;Barrage Ligue1/Ligue 2;/matchs/2021-2022/paris-fc-sochaux-play-offs-l1-l2-17-05-2022/;affluence 8000 (feuille) ≠ 12500 (musée);;FM_202122.docx
2021-2022;officiel;ok;2022-05-20;AJ Auxerre;FC Sochaux;0-0;17324;M. Brisard Jérôme;Barrage Ligue1/Ligue 2;/matchs/2021-2022/auxerre-sochaux-play-offs-l1-l2-20-05-2022/;;;FM_202122.docx
2022-2023;amical;desaccord;2022-07-08;FC Sochaux;UNFP Football Club;3-1;700;M. Valnet Antoine;Amical;/matchs/2022-2023/unfp-sochaux-amical-08-07-2022/;lieu inversé (domicile/extérieur);;AM_202223.docx
2022-2023;amical;ok;2022-07-12;Football Bourg-Péronnas 01;FC Sochaux;0-0;;M. Landry Rémi;Amical;/matchs/2022-2023/bourg-en-bresse-sochaux-amical-12-07-2022/;;;AM_202223.docx
2022-2023;amical;ok;2022-07-16;FC Stade Nyonnais;FC Sochaux;1-4;;;Amical;/matchs/2022-2023/nyons-sochaux-amical-16-07-2022/;;;AM_202223.docx
2022-2023;amical;ok;2022-07-19;ASM Belfort;FC Sochaux;1-2;;;Amical;/matchs/2022-2023/asm-belfort-sochaux-amical-19-07-2022/;;;AM_202223.docx
2022-2023;amical;ok;2022-07-23;FC Metz;FC Sochaux;1-0;;;Amical;/matchs/2022-2023/metz-sochaux-amical-23-07-2022/;;;AM_202223.docx
2022-2023;officiel;ok;2022-08-01;FC Sochaux;Paris FC;0-0;12647;M. Petit Aurélien;Championnat de France, Ligue 2;/matchs/2022-2023/sochaux-paris-fc-championnat-01-08-2022/;;;FM_202223.docx
2022-2023;officiel;ok;2022-08-06;Grenoble Foot 38;FC Sochaux;1-0;4589;M. Lissorgue Romain;Championnat de France, Ligue 2;/matchs/2022-2023/grenoble-sochaux-ligue-2-06-08-2022/;;;FM_202223.docx
2022-2023;officiel;ok;2022-08-13;FC Sochaux;Amiens SCF;0-1;10263;M. Landry Rémy;Championnat de France, Ligue 2;/matchs/2022-2023/sochaux-amiens-ligue-2-13-08-2022/;;;FM_202223.docx
2022-2023;officiel;ok;2022-08-20;Pau FC;FC Sochaux;0-3;3099;M. Angoula Gaël;Championnat de France, Ligue 2;/matchs/2022-2023/pau-sochaux-ligue-2-20-08-2022/;;;FM_202223.docx
2022-2023;officiel;ok;2022-08-27;FC Sochaux;Chamois Niort FC;3-0;8980;M. Kherradji Abdelatif;Championnat de France, Ligue 2;/matchs/2022-2023/sochaux-niort-ligue-2-27-08-2022/;;;FM_202223.docx
2022-2023;officiel;ok;2022-08-30;EA Guingamp;FC Sochaux;1-2;8136;M. Legat Pierre;Championnat de France, Ligue 2;/matchs/2022-2023/guingamp-sochaux-ligue-2-30-08-2022/;;;FM_202223.docx
2022-2023;officiel;desaccord;2022-09-03;FC Sochaux;Stade Laval;4-1;9311;M. Toulliou William;Championnat de France, Ligue 2;/matchs/2022-2023/sochaux-laval-ligue-2-02-09-2022/;date 2022-09-03 (feuille) ≠ 2022-09-02 (musée);;FM_202223.docx
2022-2023;officiel;ok;2022-09-10;Dijon FCO;FC Sochaux;0-2;10004;M. Landry Rémy;Championnat de France, Ligue 2;/matchs/2022-2023/dijon-sochaux-ligue-2-10-09-2022/;;;FM_202223.docx
2022-2023;officiel;ok;2022-09-17;FC Sochaux;Nîmes Ol.;3-1;11287;M. Batta Florent;Championnat de France, Ligue 2;/matchs/2022-2023/sochaux-nimes-ligue-2-17-09-2022/;;;FM_202223.docx
2022-2023;officiel;ok;2022-10-01;Valenciennes FC;FC Sochaux;2-1;5704;M. Legat Pierre;Championnat de France, Ligue 2;/matchs/2022-2023/valenciennes-sochaux-ligue-2-01-10-2022/;;;FM_202223.docx
2022-2023;officiel;ok;2022-10-10;FC Sochaux;AS Saint-Etienne;2-1;19205;M. Paradis Guillaume;Championnat de France, Ligue 2;/matchs/2022-2023/sochaux-saint-etienne-ligue-2-10-10-2022/;;;FM_202223.docx
2022-2023;officiel;ok;2022-10-15;FC Metz;FC Sochaux;0-0;;;Championnat de France, Ligue 2;/matchs/2022-2023/metz-sochaux-ligue-2-15-10-2022/;;;FM_202223.docx
2022-2023;officiel;ok;2022-10-22;FC Sochaux;Quevilly-Rouen Métropole;2-2;11037;M. Lepaysant Benjamin;Championnat de France, Ligue 2;/matchs/2022-2023/sochaux-quevilly-rm-ligue-2-22-10-2022/;;;FM_202223.docx
2022-2023;officiel;desaccord;2022-10-29;FC Sochaux;SSEP Hombourg-Haut(R2);3-0;6139;M. Vincent Thomas;Coupe de France, 7ème tour;/matchs/2022-2023/hombourg-haut-sochaux-coupe-de-france-29-10-2022/;lieu inversé (domicile/extérieur);;FM_202223.docx
2022-2023;officiel;ok;2022-11-05;FC Annecy;FC Sochaux;2-1;;M. Rainville Nicolas;Championnat de France, Ligue 2;/matchs/2022-2023/annecy-sochaux-ligue-2-05-11-2022/;;;FM_202223.docx
2022-2023;officiel;ok;2022-11-12;FC Sochaux;SC Bastia;1-0;11175;M. Landry Rémi;Championnat de France, Ligue 2;/matchs/2022-2023/sochaux-bastia-ligue-2-12-11-2022/;;;FM_202223.docx
2022-2023;officiel;ok;2022-11-19;ES Thaon(N3);FC Sochaux;2-2;1142;M. Lissorgue Romain;Coupe de France, 8ème tour;/matchs/2022-2023/thaon-les-vosges-sochaux-coupe-de-france-19-11-2022/;;;FM_202223.docx
2022-2023;officiel;ok;2022-12-26;FC Sochaux;Rodez AF;1-0;11719;M. Vernice Mathieu;Championnat de France, Ligue 2;/matchs/2022-2023/sochaux-rodez-ligue-2-26-12-2022/;;;FM_202223.docx
2022-2023;officiel;ok;2022-12-30;Girondins Bordeaux FC;FC Sochaux;2-1;22363;M. Kherradji Abdelatif;Championnat de France, Ligue 2;/matchs/2022-2023/bordeaux-sochaux-ligue-2-30-12-2022/;;;FM_202223.docx
2022-2023;officiel;ok;2023-01-10;Le Havre AC;FC Sochaux;1-0;12026;M. Petit Aurélien;Championnat de France, Ligue 2;/matchs/2022-2023/le-havre-sochaux-ligue-2-10-01-2023/;;;FM_202223.docx
2022-2023;officiel;ok;2023-01-20;FC Sochaux;SM Caen;1-2;8771;M. Souifi Azzedine;Championnat de France, Ligue 2;/matchs/2022-2023/sochaux-caen-ligue-2-20-01-2023/;;;FM_202223.docx
2022-2023;officiel;ok;2023-01-28;AS Saint-Etienne;FC Sochaux;2-3;18041;M. Lesage Mikael;Championnat de France, Ligue 2;/matchs/2022-2023/saint-etienne-sochaux-ligue-2-28-01-2023/;;;FM_202223.docx
2022-2023;officiel;ok;2023-01-31;FC Sochaux;Valenciennes FC;4-0;8623;M. Thual Olvier;Championnat de France, Ligue 2;/matchs/2022-2023/sochaux-valenciennes-ligue-2-31-01-2023/;;;FM_202223.docx
2022-2023;officiel;ok;2023-02-03;Rodez AF;FC Sochaux;1-2;2300;M. Toulliou William;Championnat de France, Ligue 2;/matchs/2022-2023/rodez-sochaux-ligue-2-03-02-2023/;;;FM_202223.docx
2022-2023;officiel;ok;2023-02-11;FC Sochaux;Le Havre AC;1-1;15203;M. Kherradji Abdelatif;Championnat de France, Ligue 2;/matchs/2022-2023/sochaux-le-havre-ligue-2-11-02-2023/;;;FM_202223.docx
2022-2023;officiel;ok;2023-02-18;Quevilly-Rouen Métropole;FC Sochaux;0-0;4083;M. Benchabane Faouzi;Championnat de France, Ligue 2;/matchs/2022-2023/quevilly-rm-sochaux-ligue-2-18-02-2023/;;;FM_202223.docx
2022-2023;officiel;ok;2023-02-25;FC Sochaux;FC Annecy;5-1;10645;M. Lesage Mikaël;Championnat de France, Ligue 2;/matchs/2022-2023/sochaux-annecy-ligue-2-25-02-2023/;;;FM_202223.docx
2022-2023;officiel;ok;2023-03-06;SM Caen;FC Sochaux;0-0;15125;M. Lissorgue Romain;Championnat de France, Ligue 2;/matchs/2022-2023/caen-sochaux-ligue-2-06-03-2023/;;;FM_202223.docx
2022-2023;officiel;ok;2023-03-11;FC Sochaux;Girondins Bordeaux FC;1-1;18835;M. Lepaysant Benjamin;Championnat de France, Ligue 2;/matchs/2022-2023/sochaux-bordeaux-ligue-2-11-03-2023/;;;FM_202223.docx
2022-2023;officiel;ok;2023-03-18;FC Sochaux;Grenoble Foot 38;1-0;12000;M. Rainville Nicolas;Championnat de France, Ligue 2;/matchs/2022-2023/sochaux-grenoble-ligue-2-18-03-2023/;;;FM_202223.docx
2022-2023;officiel;ok;2023-04-01;SC Bastia;FC Sochaux;3-2;11686;M. Thual Olivier;Championnat de France, Ligue 2;/matchs/2022-2023/bastia-sochaux-ligue-2-01-04-2023/;;;FM_202223.docx
2022-2023;officiel;ok;2023-04-08;Chamois Niort FC;FC Sochaux;0-3;2298;M. Lissorgue Romain;Championnat de France, Ligue 2;/matchs/2022-2023/niort-sochaux-ligue-2-08-04-2023/;;;FM_202223.docx
2022-2023;officiel;ok;2023-04-15;FC Sochaux;Pau FC;2-3;11858;M. Benchabane Faouzi;Championnat de France, Ligue 2;/matchs/2022-2023/sochaux-pau-ligue-2-15-04-2023/;;;FM_202223.docx
2022-2023;officiel;ok;2023-04-22;Stade Laval;FC Sochaux;2-1;7771;M. Abed Karim;Championnat de France, Ligue 2;/matchs/2022-2023/laval-sochaux-ligue-2-22-04-2023/;;;FM_202223.docx
2022-2023;officiel;desaccord;2023-05-01;FC Sochaux;Dijon FCO;0-2;10577;M. Lepaysant Benjamin;Championnat de France, Ligue 2;/matchs/2022-2023/sochaux-dijon-ligue-2-29-04-2023/;date 2023-05-01 (feuille) ≠ 2023-04-29 (musée);;FM_202223.docx
2022-2023;officiel;ok;2023-05-06;Amiens SCF;FC Sochaux;1-0;10407;M. Toulliou William;Championnat de France, Ligue 2;/matchs/2022-2023/amiens-sochaux-ligue-2-06-05-2023/;;;FM_202223.docx
2022-2023;officiel;ok;2023-05-13;FC Sochaux;EA Guingamp;0-1;10146;M. Paradis Guillaume;Championnat de France, Ligue 2;/matchs/2022-2023/sochaux-guingamp-ligue-2-13-05-2023/;;;FM_202223.docx
2022-2023;officiel;ok;2023-05-20;Paris FC;FC Sochaux;2-1;4752;M. Benchabane Faouzi;Championnat de France, Ligue 2;/matchs/2022-2023/paris-fc-sochaux-ligue-2-20-05-2023/;;;FM_202223.docx
2022-2023;officiel;ok;2023-05-26;FC Sochaux;FC Metz;0-1;15714;M. Petit Aurélien;Championnat de France, Ligue 2;/matchs/2022-2023/sochaux-metz-ligue-2-26-05-2023/;;;FM_202223.docx
2022-2023;officiel;ok;2023-06-02;Nîmes Ol.;FC Sochaux;3-1;1143;M. Toulliou William;Championnat de France, Ligue 2;/matchs/2022-2023/nimes-sochaux-ligue-2-02-06-2023/;;;FM_202223.docx
2023-2024;amical;desaccord;2023-07-22;FC Sochaux;RC Lens;0-3;;M. Benchabane F.;Amical;/matchs/2023-2024/lens-sochaux-amical-22-07-2023/;lieu inversé (domicile/extérieur);;AM_202324.docx
2023-2024;amical;desaccord;2023-07-25;ASM Belfort;FC Sochaux;1-0;2500;M. Desgranges Yannick;Amical;/matchs/2023-2024/asm-belfort-sochaux-amical-26-07-2023/;date 2023-07-25 (feuille) ≠ 2023-07-26 (musée);;AM_202324.docx
2023-2024;amical;ok;2023-07-29;FC Sochaux;Louhans-Cuiseaux FC;2-0;;;Amical;/matchs/2023-2024/sochaux-louhans-cuiseaux-amical-29-07-2023/;;;AM_202324.docx
2023-2024;officiel;ok;2023-08-25;Red Star;FC Sochaux;2-0;2660;M. Perreau-Niel Alexandre;Championnat de France, National;/matchs/2023-2024/red-star-sochaux-national-25-08-2023/;;;FM_202324.docx
2023-2024;officiel;ok;2023-09-01;FC Sochaux;GOAL FC;0-3;14025;M. Lomi Jordane;Championnat de France, National;/matchs/2023-2024/sochaux-goal-fc-national-01-09-2023/;;;FM_202324.docx
2023-2024;officiel;ok;2023-09-08;SAS Epinal;FC Sochaux;0-3;;M. Barenton Edgar;Championnat de France, National;/matchs/2023-2024/epinal-sochaux-national-national-08-09-2023/;;;FM_202324.docx
2023-2024;officiel;ok;2023-09-15;FC Martigues;FC Sochaux;1-2;1779;M. Ustaritz Anthony;Championnat de France, National;/matchs/2023-2024/martigues-sochaux-national-15-09-2023/;;;FM_202324.docx
2023-2024;officiel;ok;2023-09-25;FC Sochaux;FC Rouen;0-1;8736;M. Henry Gabriel;Championnat de France, National;/matchs/2023-2024/sochaux-rouen-national-25-09-2023/;;;FM_202324.docx
2023-2024;officiel;ok;2023-09-29;Le Mans FC;FC Sochaux;2-1;4445;M. Baert Arnaud;Championnat de France, National;/matchs/2023-2024/le-mans-sochaux-national-29-09-2023/;;;FM_202324.docx
2023-2024;officiel;desaccord;2023-10-03;FC Versailles 78;FC Sochaux;1-1;4445;M. Baert Arnaud;Championnat de France, National;/matchs/2023-2024/versailles-sochaux-national-03-10-2023/;affluence 4445 (feuille) ≠ 2139 (musée);;FM_202324.docx
2023-2024;officiel;ok;2023-10-07;FC Sochaux;US Avranches MSM;2-1;9727;M. Retail Pierre;Championnat de France, National;/matchs/2023-2024/sochaux-avranches-national-07-10-2023/;;;FM_202324.docx
2023-2024;officiel;desaccord;2023-10-11;LB Châteauroux;FC Sochaux;1-1;2450;M. Toulliou William;Championnat de France, National;/matchs/2023-2024/chateauroux-sochaux-national-11-10-2023/;score 1-1 (feuille) ≠ 1-2 (musée);;FM_202324.docx
2023-2024;officiel;ok;2023-10-15;AS Mélisey Saint-Barthélemy(R2);FC Sochaux;0-4;3000;M. Couillaud Nicolas;Coupe de France;/matchs/2023-2024/melisey-saint-barthelemy-sochaux-coupe-de-france-15-10-2023/;;;FM_202324.docx
2023-2024;officiel;ok;2023-10-20;FC Sochaux;FC Villefranche Beaujolais;3-3;8770;M. Djedid Ali;Championnat de France, National;/matchs/2023-2024/sochaux-villefranche-beaujolais-national-20-10-2023/;;;FM_202324.docx
2023-2024;officiel;a_creer;2023-10-20;FC Sochaux;US Orléans;4-2;8940;M. Rosier Eddy;Championnat de France, National;;;;FM_202324.docx
2023-2024;officiel;ok;2023-10-28;FC Sochaux;FC Grandvillars(R1);1-0;4447;M. Brobeck Pierre-Marie;Coupe de France;/matchs/2023-2024/sochaux-grandvillars-coupe-de-france-28-10-2023/;;;FM_202324.docx
2023-2024;officiel;ok;2023-11-03;AS Nancy-Lorraine;FC Sochaux;1-1;10071;M. Perreau-Niel Alexandre;Championnat de France, National;/matchs/2023-2024/nancy-sochaux-national-03-11-2023/;;;FM_202324.docx
2023-2024;officiel;ok;2023-11-10;FC Sochaux;SO Cholet;2-0;8786;M. Zolota Samir;Championnat de France, National;/matchs/2023-2024/sochaux-cholet-national-10-11-2023/;;;FM_202324.docx
2023-2024;officiel;ok;2023-11-17;FC Sochaux;Jura Sud Foot(N2);2-1;2612;M. Leleu Mickaël;Coupe de France;/matchs/2023-2024/sochaux-jura-sud-foot-coupe-de-france-17-11-2023/;;;FM_202324.docx
2023-2024;officiel;ok;2023-11-27;Chamois Niort FC;FC Sochaux;4-2;2500;M. Leprodhomme Tifenn;Championnat de France, National;/matchs/2023-2024/niort-sochaux-national-27-11-2023/;;;FM_202324.docx
2023-2024;officiel;ok;2023-12-01;FC Sochaux;Marignane Gignac CB;4-0;;M. Chamel Soulaimane;Championnat de France, National;/matchs/2023-2024/sochaux-marignane-gignac-national-01-12-2023/;;;FM_202324.docx
2023-2024;officiel;ok;2023-12-09;FC Geispolsheim 01(R1);FC Sochaux;0-4;1012;M. Kani Tawbane;Coupe de France;/matchs/2023-2024/geispolsheim-sochaux-coupe-de-france-09-12-2023/;;;FM_202324.docx
2023-2024;officiel;ok;2023-12-15;Dijon FCO;FC Sochaux;0-3;7729;M. Toulliou William;Championnat de France, National;/matchs/2023-2024/dijon-sochaux-national-15-12-2023/;;;FM_202324.docx
2023-2024;officiel;ok;2024-01-06;FC Sochaux;FC Lorient(L1);2-1;;M. Delajod Willy;Coupe de France;/matchs/2023-2024/sochaux-lorient-coupe-de-france-06-01-2024/;;;FM_202324.docx
2023-2024;officiel;ok;2024-01-15;FC Sochaux;Nîmes Ol.;1-0;8012;M. Kubler Geoffrey;Championnat de France, National;/matchs/2023-2024/sochaux-nimes-national-15-01-2024/;;;FM_202324.docx
2023-2024;officiel;ok;2024-01-21;FC Sochaux;Stade de Reims(L1);2-2;18754;M. Ben El Hadj Hakim;Coupe de France;/matchs/2023-2024/sochaux-reims-coupe-de-france-21-01-2024/;;;FM_202324.docx
2023-2024;officiel;ok;2024-02-02;FC Sochaux;Red Star FC;2-2;11908;M. Chamel Soulaimane;Championnat de France, National;/matchs/2023-2024/sochaux-red-star-national-02-02-2024/;;;FM_202324.docx
2023-2024;officiel;ok;2024-02-06;FC Sochaux;Stade de Rennes FC(L1);1-6;19393;M. Stinat Jérémy;Coupe de France;/matchs/2023-2024/sochaux-rennes-coupe-de-france-06-02-2024/;;;FM_202324.docx
2023-2024;officiel;ok;2024-02-16;FC Sochaux;SAS Epinal;0-1;10084;M. Retail Pierre;Championnat de France, National;/matchs/2023-2024/sochaux-epinal-national-16-02-2024/;;;FM_202324.docx
2023-2024;officiel;ok;2024-02-23;FC Sochaux;FC Martigues;1-1;10297;M. Toulliou William;Championnat de France, National;/matchs/2023-2024/sochaux-martigues-national-23-02-2024/;;;FM_202324.docx
2023-2024;officiel;ok;2024-02-27;US Orléans;FC Sochaux;0-0;3379;M. Perreau-Niel Alexandre;Championnat de France, National;/matchs/2023-2024/orleans-sochaux-national-27-02-2024/;;;FM_202324.docx
2023-2024;officiel;ok;2024-03-04;FC Rouen;FC Sochaux;1-0;4795;M. Baert Arnaud;Championnat de France, National;/matchs/2023-2024/rouen-sochaux-national-04-03-2024/;;;FM_202324.docx
2023-2024;officiel;ok;2024-03-09;FC Sochaux;Le Mans FC;2-2;12456;M. Perpinan Romain;Championnat de France, National;/matchs/2023-2024/sochaux-le-mans-national-09-03-2024/;;;FM_202324.docx
2023-2024;officiel;ok;2024-03-15;US Avranches MSM;FC Sochaux;0-1;835;M. Ustaritz Anthony;Championnat de France, National;/matchs/2023-2024/avranches-sochaux-national-15-03-2024/;;;FM_202324.docx
2023-2024;officiel;ok;2024-03-22;FC Sochaux;LB Châteauroux;0-2;9292;M. Leprodhomme Tifenn;Championnat de France, National;/matchs/2023-2024/sochaux-chateauroux-national-22-03-2024/;;;FM_202324.docx
2023-2024;officiel;ok;2024-03-26;GOAL FC;FC Sochaux;2-2;761;M. Barenton Edgar;Championnat de France, National;/matchs/2023-2024/goal-fc-sochaux-national-26-03-2024/;;;FM_202324.docx
2023-2024;officiel;desaccord;2024-03-30;FC Villefranche Beaujolais;FC Sochaux;2-2;1950;M. Kubler Geoffrey;Championnat de France, National;/matchs/2023-2024/villefranche-beaujolais-sochaux-national-29-03-2024/;date 2024-03-30 (feuille) ≠ 2024-03-29 (musée);;FM_202324.docx
2023-2024;officiel;ok;2024-04-08;FC Sochaux;AS Nancy;4-1;10469;M. Chamel Soulaimane;Championnat de France, National;/matchs/2023-2024/sochaux-nancy-national-08-04-2024/;;;FM_202324.docx
2023-2024;officiel;ok;2024-04-12;SO Cholet;FC Sochaux;1-0;714;M. Ustaritz Anthony;Championnat de France, National;/matchs/2023-2024/cholet-sochaux-national-12-04-2024/;;;FM_202324.docx
2023-2024;officiel;ok;2024-04-22;FC Sochaux;Chamois Niort FC;2-1;11351;M. Barenton Edgar;Championnat de France, National;/matchs/2023-2024/sochaux-niort-national-22-04-2024/;;;FM_202324.docx
2023-2024;officiel;ok;2024-04-26;Marignane-Gignac CB;FC Sochaux;1-2;605;M. Djedid Ali;Championnat de France, National;/matchs/2023-2024/marignane-gignac-sochaux-national-26-04-2024/;;;FM_202324.docx
2023-2024;officiel;ok;2024-05-03;FC Sochaux;Dijon FCO;0-0;15035;M. Baert Arnaud;Championnat de France, National;/matchs/2023-2024/sochaux-dijon-national-03-05-2024/;;;FM_202324.docx
2023-2024;officiel;ok;2024-05-10;Nîmes Ol.;FC Sochaux;4-2;5215;M. Ustaritz Anthony;Championnat de France, National;/matchs/2023-2024/nimes-sochaux-national-10-05-2024/;;;FM_202324.docx
2023-2024;officiel;ok;2024-05-18;FC Sochaux;FC Versailles 78;1-1;13745;M. Zolota Samir;Championnat de France, National;/matchs/2023-2024/sochaux-versailles-national-18-05-2024/;;;FM_202324.docx
?;officiel;sans_date;;Sochaux;US Sous Roches-Audincourt;6-0;;;;;;;FM_192829.doc
?;officiel;sans_date;;Sochaux;ES Exincourt;7-1;;;;;;;FM_192829.doc
?;officiel;sans_date;;Sochaux;AS Offemont;5-1;;;;;;;FM_192829.doc
?;officiel;sans_date;;Sochaux;SC Belfort;3-0;;;;;;;FM_192829.doc
?;officiel;sans_date;;Sochaux;Villars sous Dampjoux;17-1;;;;;;;FM_192829.doc
?;officiel;sans_date;;Sochaux;Vandoncourt;11-0;;;;;;;FM_192829.doc
?;officiel;sans_date;;FC Sochaux;Toulouse FC(D2);3-3;13163;M. Bondon Maurice;;;;;FM_195253.docx
?;officiel;sans_date;;FC Martigues;FC Sochaux;1-2;1194;M. Leduc Philippe;;;;;FM_198788.docx
?;officiel;sans_date;;FC Sochaux;GFC Ajaccio;6-0;;M. Poulain Ghislain;;;;;FM_198788.docx
?;officiel;sans_date;;LB Châteauroux;FC Sochaux;1-1;2152;M. Frappart Stéphanie;;;;;FM_201920.docx
?;officiel;sans_date;;FC Sochaux;Rodez AF;1-1;5445;M. Dos Santos Cédric;;;;;FM_201920.docx
?;amical;sans_date;;FC Sochaux;AS Hérimoncourt(DH);10-1;;;;;;;AM_192829.doc
?;amical;sans_date;;FC Sochaux;US Bavans(Prom. 1ère série);6-2;;;;;;;AM_192829.doc
?;amical;sans_date;;FC Sochaux;FC Barcelone(Esp.);4-2;;;;;;;AM_193233.docx
?;amical;sans_date;;FC Sochaux;Corinthians;4-0;;;;;;;AM_193233.docx
?;amical;sans_date;;En avril Sochaux;Pontarlier;5-1;;;;;;;AM_194142.docx
?;amical;sans_date;;03/05 RCFC;Sochaux;1-1;;;;;;;AM_194142.docx
?;amical;sans_date;;FC Sochaux;US Tavaux;4-0;;;;;;;AM_197778.doc
?;amical;sans_date;;Central Laitière CLAS;FC sochaux;0-0;;;;;;;AM_198889.docx
?;amical;sans_date;;FC Sochaux;Mulhouse(D2);0-3;;;;;;;AM_198889.docx
?;amical;sans_date;;ES Sahel;FC Sochaux;0-2;;;;;;;AM_200102.docx
?;amical;sans_date;;Stade de Tunis;FC Sochaux;1-1;;;;;;;AM_200102.docx
?;amical;sans_date;;Saint-Lucie;Sochaux;0-1;;;;;;;AM_200506.doc
?;officiel;date_invalide;1977-19-28;AS Monaco;FC Sochaux;2-1;2809;M. Meeus Jean-Marie;Championnat de France, D1;;;;FM_197778.docx
